Machine_ID,Temperature_C,Vibration_mm_s,Pressure_psi,Rotational_Speed_rpm,Failure
MCH-0000,72.48357076505616,4.364360476965945,93.21505269512778,1992.8288391770536,0
MCH-0001,85.35353723714454,8.603202429959886,96.94500536946347,1998.3672048129845,1
MCH-0002,73.23844269050346,2.3065352410549775,94.02618938954858,2003.214743929379,0
MCH-0003,77.61514928204012,4.504864712447844,101.1041804694612,2047.343073082309,0
MCH-0004,79.35898509965347,9.445059296972289,111.97178531461913,1962.6391345756629,0
MCH-0005,68.8293152152541,3.0886518213848073,92.28957842858796,1957.682650424367,0
MCH-0006,77.89606407753696,6.5727239765758885,110.00820497768414,2061.8309871071488,0
MCH-0007,73.83717364576455,5.731662231626507,92.18327927653112,1976.867762905935,0
MCH-0008,67.65262807032524,3.898650017043443,91.52372787503116,1936.8482323211467,0
MCH-0009,72.71280021792982,4.787705543993229,108.18594618343214,1975.7435028950065,0
MCH-0010,80.9242284530947,10.35113267577413,109.21936378007616,1983.4973632378,0
MCH-0011,67.67135123214871,6.1003217202587985,108.51409936762654,2077.748136386288,0
MCH-0012,82.19200041137427,7.496317065838904,86.84202591781859,2046.241310618837,0
MCH-0013,60.43359877671101,4.643475024558524,95.34049021927949,2057.3760308316123,0
MCH-0014,61.375410837434835,5.114913605677489,108.22988592003321,2040.9986821173393,0
MCH-0015,82.2876875711895,9.204399550189084,100.41541840563895,2047.3121835807658,1
MCH-0016,64.93584439832789,1.8428757414214783,89.26307153802536,1965.5958936709842,0
MCH-0017,71.57123666297637,8.063266865802095,104.58317939125442,1990.0698922323259,0
MCH-0018,65.45987962239394,5.232987498799102,92.8519274100853,1950.5042343488226,0
MCH-0019,62.93848149332354,5.597220897683806,117.94524848392211,1989.4755984731482,0
MCH-0020,77.32824384460777,4.913138375184637,115.44841462418259,2034.2052495467372,0
MCH-0021,89.49184767925874,7.0039057130738325,106.04097426355567,2006.7291642406124,0
MCH-0022,70.33764102343962,4.721113278576844,113.61006704769774,2065.574040948015,0
MCH-0023,62.87625906893272,2.6009078567085333,100.64791350123382,1942.9292103886391,0
MCH-0024,67.27808637737408,8.415629747079958,107.65437494375016,2025.011917534912,0
MCH-0025,70.55461294854933,3.148232002366406,114.77720295302075,1937.5848599065341,0
MCH-0026,64.24503211288848,3.4520505742292307,102.45498681794312,2004.7088234586822,0
MCH-0027,71.87849009172837,4.339611193420399,97.44812828485716,2037.0166711278239,0
MCH-0028,66.99680655040598,6.932113587278566,82.95378041822885,1989.274871658789,0
MCH-0029,86.22073473199393,9.169415339431431,99.16866474278505,2027.556330204348,1
MCH-0030,85.64285670232135,5.623591001028452,108.23423184562311,1952.0133832583533,0
MCH-0031,79.26139092254469,6.88150754113601,109.4563342756763,1916.8155010901808,0
MCH-0032,69.93251387631032,6.096500940178222,105.0436506571841,2027.8514811243901,0
MCH-0033,64.71144535522049,5.807652435824679,94.5870090503776,2087.2005117037866,0
MCH-0034,74.11272456051594,6.0736013617562605,80.23178431052409,1950.1977529915055,0
MCH-0035,63.89578175014489,8.591542850873676,95.04784901995265,2061.10970900534,0
MCH-0036,71.04431797502377,8.277642342554168,96.95655128946049,2002.1711704408206,0
MCH-0037,60.201649380601125,3.969926985495057,96.87071032809986,1933.2154239153463,0
MCH-0038,63.359069755507846,7.435827489216728,106.18556356977925,1943.4247349323919,0
MCH-0039,70.98430617934562,5.57475228463835,119.85676411014839,2000.7892386680326,0
MCH-0040,73.69233289997705,5.748643724206624,101.23529201841093,1979.7768856037949,0
MCH-0041,70.85684140594985,2.4615937525350073,97.83268210843538,1934.354351162088,0
MCH-0042,69.4217585880588,4.744421351917706,97.40778186995908,1915.2980359387298,0
MCH-0043,68.49448152205356,3.7807646144951526,101.24384766907714,1957.6640336036746,0
MCH-0044,62.60739004816286,6.242088222339964,91.71706239651601,2009.690450416556,0
MCH-0045,83.38090182773894,10.052536430380263,101.20198558746056,1999.679962369843,1
MCH-0046,67.69680614520107,1.888270473475533,104.50812336331799,1974.938102124996,0
MCH-0047,92.65220377865096,10.075724364300827,102.09686063574487,2010.0943597145742,1
MCH-0048,71.71809144784231,6.6827922571913785,104.57541934004782,2052.0013359931345,0
MCH-0049,61.18479922318633,4.719981556529833,104.33747609348535,2019.7063255217074,0
MCH-0050,71.62041984697397,6.093595467503547,82.28103317753556,1993.934566430521,0
MCH-0051,68.07458859791842,5.526748201440626,106.36870158395404,2046.4036003330345,0
MCH-0052,82.96662587825861,8.98288214835938,93.28985154337546,1952.0074848891852,1
MCH-0053,73.05838144420434,4.593027532897554,89.04160836996041,1988.7540230222323,0
MCH-0054,75.15499761247976,3.1751287937964356,88.95548172145004,1989.9456032199816,0
MCH-0055,74.65640059558099,3.317704778862459,104.3354161047253,1938.1523370778577,0
MCH-0056,65.80391238388681,6.064028771682976,97.77425072775146,1979.006291885782,0
MCH-0057,68.45393812074393,5.029187383278325,83.18031216014589,1896.2520159552348,0
MCH-0058,71.65631715701782,4.792231633089163,104.78037815192283,2095.608902383148,0
MCH-0059,74.8777256356118,4.364164936516471,85.60391869201173,1953.1293105781845,0
MCH-0060,67.60412881077355,4.542216731778872,101.3982135851821,2079.3057065710655,0
MCH-0061,69.07170511668092,6.570367691732209,102.38498925673053,2001.9042252859747,0
MCH-0062,64.46832512996986,4.49713387719796,108.85577081695045,2028.243206607798,0
MCH-0063,64.01896687959665,2.9884029300476467,117.81684786466852,1975.5600100824533,0
MCH-0064,86.84988178429865,8.327924669165935,86.35323674099459,2010.3964845980838,1
MCH-0065,76.78120014285412,4.692685004202924,99.4752614393695,2032.5244819994218,0
MCH-0066,83.89093048867355,8.885404690274104,97.23664704955783,2033.2276207197092,0
MCH-0067,75.01766448946012,7.411367459599266,104.33749685960962,2038.7386695037178,0
MCH-0068,71.80818012523817,4.969159163974239,102.15668770933618,1981.5833644980412,0
MCH-0069,73.09184605425962,10.626544511325186,96.4745375726338,1975.9820163754323,0
MCH-0070,71.80697802754207,3.2316147630525123,95.59097811389145,1920.2911837366198,0
MCH-0071,77.69018283232984,4.67049582147356,88.83549144815953,2026.160950558847,0
MCH-0072,69.82086980445024,5.914289067812902,109.8786158240651,2054.1189355661722,0
MCH-0073,77.82321827907003,2.6669393992381365,104.59204181599529,2080.7990839958966,0
MCH-0074,69.63846999567689,9.174484333034894,109.17768197795138,2015.2586317290254,0
MCH-0075,74.10951252187611,5.151186608967209,96.89603863524486,1961.6760113545715,0
MCH-0076,70.43523534119086,5.061931183381159,93.4316453130557,1915.1451928355273,0
MCH-0077,68.50496324767066,6.555738347987365,89.21684933370773,2052.0833366541674,0
MCH-0078,70.45880388267751,5.501657772272782,103.5891758374066,1910.1861716611231,0
MCH-0079,60.06215542699554,7.217107847534666,89.60206775471765,1982.9697961128118,0
MCH-0080,68.90164056081244,3.5096157266089456,118.4866306896655,1988.7846586028177,0
MCH-0081,71.78556285755873,5.203886850827522,86.92357418906559,1996.527243107449,0
MCH-0082,94.06775198740432,7.501014324986271,102.73660119212502,2001.790130001792,1
MCH-0083,67.40864890863176,3.39611825936738,115.66854707213787,2006.9073778183788,0
MCH-0084,65.95753198553406,6.434442503137019,105.99089759263809,1879.2318368960734,0
MCH-0085,67.49121478207732,8.487009958779227,101.75673712491779,2000.7327954935063,0
MCH-0086,74.57701058851038,4.974490888274254,90.31516353038104,1888.5212212944061,0
MCH-0087,71.64375554829843,5.75753163241065,86.18230811432296,2036.6109036545497,0
MCH-0088,67.3511989811648,5.126777713722991,107.70050108917586,1972.2437422098194,0
MCH-0089,72.56633716556678,3.929622995139236,115.06147240774946,1892.1481637388324,0
MCH-0090,70.4853877467402,2.2688595832969756,95.61150009521829,1959.289766130731,0
MCH-0091,74.84322495266444,3.941339775356952,88.60938492383649,1971.4962330407673,0
MCH-0092,66.48973453061323,2.912062428572403,75.41830569450981,2059.53498087775,0
MCH-0093,78.14346686977282,12.97549934931619,90.19235156337463,2009.8318870875123,0
MCH-0094,68.0394592343392,4.827335459115141,98.8634315750096,2017.222247217529,0
MCH-0095,62.68242525933941,4.481121006429244,115.99123240836734,2059.06108171103,0
MCH-0096,71.48060138532288,6.333730737181709,106.73133692232969,1995.1927856037755,0
MCH-0097,71.30527636089944,3.317373345716168,103.05085404706753,2037.7093980516202,0
MCH-0098,70.02556728321231,3.8497039429931714,95.9988033869887,2034.1930556965997,0
MCH-0099,80.1042998786728,9.663580381744689,94.16834282744044,1935.6765253215294,0
MCH-0100,62.923146289747926,6.543153487135221,114.05647597507964,2073.6491788814915,0
MCH-0101,67.89677338617321,5.752527567753182,102.0073854075839,1928.9849109964653,0
MCH-0102,68.28642741736616,5.372487713773824,78.97399308078978,2045.8683324738925,0
MCH-0103,65.9886136538919,5.117176602854024,93.26460352102757,1924.1463481547185,0
MCH-0104,69.19357144166996,5.600353783290163,91.41783968228373,2030.0618394075836,0
MCH-0105,72.02025428407269,5.302479357693882,94.53735990822535,2093.0957439075087,0
MCH-0106,79.43092950605265,3.4550415878345966,105.62910660285085,1989.3510671724894,0
MCH-0107,70.8728890641592,5.069118832449727,98.9255511820575,1987.1822178573427,0
MCH-0108,71.28775195361382,3.3894670116233714,99.23134592996338,2030.5219999658425,0
MCH-0109,69.62777042116916,5.121623814351236,113.13473161325237,1983.530177201873,0
MCH-0110,60.40614392350479,4.279028087767638,93.03538910213311,2090.913935187141,0
MCH-0111,69.86743062275391,8.809072434174292,118.6419952588735,2009.6096124729347,0
MCH-0112,70.30115104970513,4.940158424372432,93.28692408628913,1983.9915245889638,0
MCH-0113,82.31621056242643,2.893640650607617,100.89198196612571,1972.9857236052158,0
MCH-0114,69.03819517609439,4.798729683984613,97.18796404597234,1953.352576491349,0
MCH-0115,71.50773671166806,5.779038118456832,101.23419133500961,1968.6122506621255,0
MCH-0116,85.78194371046831,13.072794704281797,104.4459199507313,1982.4663303170703,1
MCH-0117,64.15660981190234,4.115821400091923,104.33835240088877,1975.618046325071,0
MCH-0118,89.96127068955104,8.024276953556305,92.4688266937942,1967.091236293145,1
MCH-0119,73.75966516343387,6.225255517146472,88.77085322552429,2104.942061517622,0
MCH-0120,73.95515973521523,2.929101941150523,125.03171790905711,1948.4952461755256,0
MCH-0121,65.4530627260263,4.345766837738773,95.16015660399447,2007.3316293823088,0
MCH-0122,77.0139715546805,4.613569271733509,106.99212438671987,2029.6260504880436,0
MCH-0123,62.990744686038596,4.895549820049838,83.92358689476804,2031.5053997791865,0
MCH-0124,72.93428546900135,6.033746685611503,97.20387280095323,1997.0696462108765,0
MCH-0125,80.95227812904989,3.9745485765704185,98.72800616017557,1987.9648714076345,0
MCH-0126,65.04731837434656,4.5894061217498585,104.72815069927833,2022.5773745619754,0
MCH-0127,67.16851135198614,4.978594470575917,72.7754585900806,2013.32608249891,0
MCH-0128,70.4982568254382,5.224396936278182,101.6614061307833,1987.0520582616243,0
MCH-0129,67.48262172941901,5.146740762061884,88.50258544632106,1921.9060714137784,0
MCH-0130,62.24668284466934,5.65400866283387,103.24345711194924,1976.6038138833376,0
MCH-0131,70.34281487403014,6.265759264462606,89.63670803161837,1942.6724918146272,0
MCH-0132,64.68848143136948,5.588951173476452,91.44517304074418,1966.6420224966837,0
MCH-0133,72.36796215317591,5.680378285263828,97.26372389606732,2001.6611619258479,0
MCH-0134,65.40287882883098,2.6266652498802836,89.47670530396805,2017.9368071998308,0
MCH-0135,77.7496720250877,5.07534154874852,95.24465553264645,2089.0226375646203,0
MCH-0136,66.08373353831881,5.719261322002413,88.06624231456685,1973.1296810548092,0
MCH-0137,68.38969241897162,6.093411791855676,81.66829548301273,2038.7312817637576,0
MCH-0138,74.06758608684835,3.961473838649309,110.1795705242936,2015.2980012218918,0
MCH-0139,63.84567841783022,4.011441087667032,87.03951307176072,2064.7998835319895,0
MCH-0140,87.17574050487785,7.362305697544424,98.21319112392017,2028.8114359797812,0
MCH-0141,76.53571377141213,5.804620849837015,107.52891081493784,1949.5759286356842,0
MCH-0142,75.94139835704627,9.83878092696829,93.85055897483957,1913.8476985354384,0
MCH-0143,70.92316929266153,4.388809839062597,91.74834100254462,2015.5630849833753,0
MCH-0144,71.29941397124212,6.361943470440574,102.26238088667421,1973.5774501049805,0
MCH-0145,91.05210406634347,10.087419419550965,111.17933822727151,1950.98431270247,1
MCH-0146,75.32480965912829,8.645655274588577,88.30684734913531,1936.621114773346,0
MCH-0147,63.39771693457862,4.682923655273046,98.49852167982561,2008.0487748793578,0
MCH-0148,72.60970782808448,6.119917046903236,82.67505405032672,2075.3853849656684,0
MCH-0149,71.48492336616593,5.488366725180605,96.06798996317809,1979.566382714698,0
MCH-0150,71.25246425172938,8.413738141471455,100.34204684538075,2029.5135155537662,0
MCH-0151,71.73224104748488,3.721663035504014,91.45375358244934,1994.8866824891204,0
MCH-0152,66.59987639210755,5.777152553044964,95.43008166174769,1935.5308955448304,0
MCH-0153,71.16126848580502,4.206198485282731,85.9177323169255,2036.740567175521,0
MCH-0154,71.46536236649341,3.6960695195170343,100.77078611381494,1945.2653977986315,0
MCH-0155,66.42824290986816,4.983699294447542,110.5569424888315,2001.0813315296782,0
MCH-0156,98.53833710282719,9.632551617432984,89.02856130229536,1982.9239792497347,1
MCH-0157,72.36916460455893,9.377260332590138,93.77328233447616,2044.6538717282847,0
MCH-0158,64.04348251398676,4.723781276475197,105.02546246454182,1947.0924503764656,0
MCH-0159,73.28276804316914,3.3047319057729747,112.12090719322737,2019.543495390098,0
MCH-0160,65.1265916488634,5.409516076241578,85.06810187791069,1958.010129632565,0
MCH-0161,73.93542301871226,1.8880399436804476,98.31215262584051,1974.4447393835608,0
MCH-0162,75.79297789503703,4.862064826093601,102.83130822319525,1818.2399886229948,0
MCH-0163,65.89658840824144,5.024037923442741,98.97943609371153,2104.6049285808954,0
MCH-0164,74.8168806462216,6.191900574417817,75.23207933122913,2027.5278466413115,0
MCH-0165,72.06390463468249,6.46043337414177,105.01090009308771,1961.632625703092,0
MCH-0166,74.11030079997245,4.244645571638424,115.19336351090644,1943.7672155833502,0
MCH-0167,79.48396491326974,4.7740789780551,101.16661751169504,1975.2175623560329,0
MCH-0168,68.77305941998564,3.8508187540839938,89.68893946705737,2035.8439767409725,0
MCH-0169,66.23131917821256,3.307906167788459,94.86872753635717,1905.3957537207536,0
MCH-0170,65.55242785187238,5.464842169070952,117.69913067655594,1992.9207790352832,0
MCH-0171,65.92094857517282,3.089621677105101,109.09962540860559,2088.5320936231337,0
MCH-0172,69.61449145292949,4.378059649142205,106.40026618384329,1943.3026832016099,0
MCH-0173,71.70575987408321,3.507239060151144,103.56412583534376,2004.0192519381828,0
MCH-0174,71.38345399665009,5.824524779435389,93.38862887809027,2110.165490762888,0
MCH-0175,74.13591624518011,7.7021451488997315,97.99428819344232,2031.6075814845387,0
MCH-0176,70.06500945938953,3.0476180257950034,99.22077264321484,2006.2961910242727,0
MCH-0177,77.26767038578659,2.2204722756536466,105.49574316064444,2025.3318227454502,0
MCH-0178,68.67671583381022,4.8126696719748985,115.08918894266904,1979.9567332495149,0
MCH-0179,83.6008458329481,5.0235466939366376,111.18338136793128,2064.981564265172,0
MCH-0180,73.12833673882503,5.327988960135946,85.8061564420396,1980.0334988549894,0
MCH-0181,65.71421221791859,4.330519227148483,102.23994968901049,1902.0409195632012,0
MCH-0182,79.01504656702642,8.330464145021715,107.36763345167897,1980.434844802977,0
MCH-0183,72.41236207621593,5.5512656158109035,106.18860330144635,1951.6632735061648,0
MCH-0184,68.88268607337075,6.560646338967258,93.7076623661258,1985.9402993901285,0
MCH-0185,73.57000247046047,2.0674268445225756,129.1410921576836,1987.0457970459684,0
MCH-0186,87.18336958750973,9.623228390069551,87.22915437668881,2059.8711599902454,1
MCH-0187,69.63585543671563,5.3207131909115954,89.1681155333395,2034.7646363332192,0
MCH-0188,65.76603140965797,3.623035843083896,102.33595081261576,2013.1632743787698,0
MCH-0189,79.82337203429711,11.960645809801004,121.16803054963853,1999.8527294333703,0
MCH-0190,80.05042023268784,8.086975041767115,91.6380514929583,1947.0570995571002,0
MCH-0191,74.28199397161737,4.938060969489076,97.34171634353008,1890.941238116716,0
MCH-0192,71.07046872065102,5.834033145263437,110.77293673015693,2005.6580005696392,0
MCH-0193,63.77130610644006,4.113072816797159,99.82137845112267,2039.732060178683,0
MCH-0194,70.86590462925591,2.2301404282933746,96.65396145469704,1994.5833058377705,0
MCH-0195,71.92658689864419,4.3570182096252,105.6563290188672,1973.257283860665,0
MCH-0196,77.9651351579501,11.085029279102477,102.72517990229593,2023.2251082607106,0
MCH-0197,70.76862552972764,4.494657309822292,110.30438785636791,1995.8333899687827,0
MCH-0198,70.29104359223,3.7303485478115324,112.91468889065364,2084.287209598698,0
MCH-0199,64.28514851084688,6.388508314254082,103.07003060005361,2061.6364171034143,0
MCH-0200,71.78893680174141,4.503837655965421,102.91732725378309,2047.9754028511666,0
MCH-0201,72.80392263184117,4.234758779524674,102.14110982286134,2037.886705710495,0
MCH-0202,75.41525621587638,5.224184134494965,104.89130556649287,1935.4916292774271,0
MCH-0203,75.26901026017451,6.156125314428181,100.55170637871464,2033.14968510263,0
MCH-0204,63.111653160214544,8.57257029759882,99.99391517677711,2018.8162978823289,0
MCH-0205,65.31087480042439,6.240854161486134,111.96627120827242,2030.321236419558,0
MCH-0206,72.5751763360433,6.739759949582517,115.16116180355043,2024.6304743406527,0
MCH-0207,72.56892975456104,4.241050701518217,84.9244705536658,2022.6381293924032,0
MCH-0208,72.57523843153024,3.4611978410457853,100.1002115174057,2135.0433234774796,0
MCH-0209,99.33385034956278,8.728854970311552,93.11305566554765,1996.190716502404,0
MCH-0210,72.85445255346583,5.160754872889394,96.89028533513928,2046.8168690414666,0
MCH-0211,75.677828200903,3.3822308879531042,104.02516209735322,1976.4505094867998,0
MCH-0212,74.770008817466,4.737058205143981,106.69438371542468,2039.5320791943836,0
MCH-0213,73.256956256529,5.598976402578696,98.87873556388655,2046.9659945116227,0
MCH-0214,68.42365377679828,5.54059009252712,80.86659665277197,2018.2213038567675,0
MCH-0215,73.79484610246634,5.756431780076409,90.3495441942382,2083.462347118825,0
MCH-0216,66.13587392731215,5.436447095206164,108.96499670200166,1955.7861981819792,0
MCH-0217,85.43733555435736,8.237570056964948,72.59573577965068,1975.638952916589,1
MCH-0218,67.57318226085448,4.229149060026735,111.87427151682,2010.6190043011745,0
MCH-0219,70.40937069693162,3.201572903009186,105.21229990644541,2044.0403426742112,0
MCH-0220,81.57329283336755,7.677162558777642,113.16176081530023,2008.9714760647466,0
MCH-0221,60.66367403704126,5.0201755469289395,98.01430813119039,2064.287951825528,0
MCH-0222,73.43130095187257,4.662720416307722,79.38594575977095,1966.915506451684,0
MCH-0223,61.93642064405174,3.606811877821312,104.30362641506498,1942.9710755255724,0
MCH-0224,67.64034067105283,9.403486853491668,112.7465312403834,2015.4064168268253,0
MCH-0225,75.44475298483682,3.3900079516656567,109.24721805513421,1996.1409861943152,0
MCH-0226,70.32140009547732,4.35672811159089,93.37308516511965,2027.143186017911,0
MCH-0227,64.61127611035347,5.62375525442909,100.86761075462647,1998.6298854566749,0
MCH-0228,66.42348145370016,5.9003194486164166,94.67163731220076,1982.9990104688272,0
MCH-0229,73.39798874467338,6.436898082823526,91.80733535810629,1996.253121413814,0
MCH-0230,66.34816684141431,7.711412761653895,109.55388571179851,2001.4424447396593,0
MCH-0231,71.08229294790988,5.759236483191069,88.02467688734838,1984.7509350075834,0
MCH-0232,70.22785919951907,3.4159538000499987,91.06183569418387,1989.8433976838287,0
MCH-0233,66.74199826197092,4.614582312317328,88.95974366527615,1979.8203331506545,0
MCH-0234,80.71972044662662,5.461748558770827,85.09752476700953,2042.8332559934704,0
MCH-0235,73.16959511159006,8.102339062258736,101.46414291842603,2009.70105022529,0
MCH-0236,59.874287066711965,2.9032917823635547,111.61503048481975,2112.837623608438,0
MCH-0237,70.93227157384713,6.803864757837841,98.15123243754735,2008.0352275639232,0
MCH-0238,66.69106767615806,5.269871554319625,84.94252199435833,1972.457126483567,0
MCH-0239,88.10827627776742,8.907573698700705,108.39944539742028,2133.5337687431534,1
MCH-0240,66.0373963078365,4.847007925046102,116.85701754034972,2020.6813188857168,0
MCH-0241,69.4263177926655,3.7363510548105103,93.53757675853406,2049.506239344641,0
MCH-0242,72.52493639490228,6.126309169101998,95.21445733282282,2029.6051491601245,0
MCH-0243,74.32877597085061,5.981646540658431,105.15660630083394,2031.1505514648875,0
MCH-0244,75.73742698071729,10.671176023478555,116.21873747785051,2026.7827025676238,0
MCH-0245,68.32749382079525,4.980043046932047,94.80165854274775,1944.8957717611968,0
MCH-0246,67.62527344419522,4.100266965020226,86.67550219001795,2018.3764523780706,0
MCH-0247,66.73335383713145,2.6618195074642377,106.31418606272406,1933.756934807488,0
MCH-0248,78.82727120140548,6.2290599022091095,107.990680731423,1991.2818581793733,0
MCH-0249,72.02490855480478,5.635834223665979,100.06131450435227,1963.7191271718357,0
MCH-0250,63.69558022832477,3.551326050704061,94.41866740342549,2017.8735092924362,0
MCH-0251,74.58930973527389,4.192139490055064,109.94378730992047,2016.7063123669118,0
MCH-0252,80.61078098506317,4.299861782072839,105.28036004547964,2024.0572945382594,0
MCH-0253,75.16232630275573,2.7755233520263727,92.31564483096507,2014.3648286374544,0
MCH-0254,62.403150170229935,3.7734764050922993,100.49094731305671,1969.65873291068,0
MCH-0255,67.57882963566874,3.2992544647904687,86.48292467975354,1986.949825532416,0
MCH-0256,76.33455574593312,4.381281482168095,106.8589045643792,2046.0198080627242,0
MCH-0257,66.4616526719061,3.891953752505656,97.37766430617144,2053.39283386472,0
MCH-0258,86.5391632700322,5.928637579987457,95.64289167615263,1942.6608450686726,0
MCH-0259,73.87317026714669,8.033885345854223,99.67125514847565,1923.4536183743676,0
MCH-0260,65.36534764210958,6.878811096543846,100.40307699330248,1963.6555308397644,0
MCH-0261,69.702373219691,3.8314708677200215,108.9493006156556,2052.2603791016127,0
MCH-0262,53.79366329965464,5.4086320949804145,105.91090531325221,2060.744201509152,0
MCH-0263,82.0124831554775,9.71891453717081,98.43590721207197,1953.7644059799413,0
MCH-0264,68.7371592430342,6.786628782160215,107.63668149718995,2015.3654676868168,0
MCH-0265,63.76108409017575,3.772092460009882,104.00737253691614,2091.7215666570046,0
MCH-0266,89.88873682136762,12.10277285962006,95.73400363713964,2020.7655738620167,0
MCH-0267,62.84929311019684,4.178142043689597,98.75281841763514,2071.0751642616547,0
MCH-0268,67.79977756651508,2.99620639374708,98.51777111156879,2049.936328504155,0
MCH-0269,70.65370288643045,6.086204838971746,105.05261343174202,1954.4900646886044,0
MCH-0270,77.20636644533057,6.936137636183642,96.32977385278359,1990.500928825146,0
MCH-0271,62.8206892441028,8.881863460296028,96.09590813578367,2001.7377239145924,0
MCH-0272,75.8158187607748,3.20041210236468,119.68757309433958,2005.206669401067,0
MCH-0273,70.05116530509794,6.048379527621183,109.39735481747104,2045.8164476719285,0
MCH-0274,75.3407699714967,7.2083782421781155,92.3939933557486,2020.4342381137703,0
MCH-0275,72.31051737131635,6.175038065786047,105.70940993942199,1853.1899528110941,0
MCH-0276,87.77869792252703,5.565538912707545,101.18350065655177,1934.3579863453638,0
MCH-0277,87.25522895276217,6.1142987506428845,103.91551175260093,1890.6309542511979,0
MCH-0278,70.3490104249501,3.8361877652502745,101.37341324565105,2008.7682620327666,0
MCH-0279,68.0734320156912,5.118446068502127,111.89642645485236,2012.024382473388,0
MCH-0280,70.56758672625624,4.038378100192467,103.45620344651446,2014.1612479305359,0
MCH-0281,73.31065337260523,5.98858151587013,99.37911301785712,1952.053586614269,0
MCH-0282,91.81120855008739,9.395433669747895,110.42190576983018,2033.7072002559994,1
MCH-0283,63.810922505865754,5.899366311868034,102.33285041087872,2035.8131248234265,0
MCH-0284,88.77847174082628,11.389745642144577,101.21478579329057,1937.2425466397422,1
MCH-0285,60.23956100238749,5.623739944183015,103.14022602486115,1926.6980899275563,0
MCH-0286,69.24107452482208,3.1746549344897494,99.06390976633634,1999.9934156886532,0
MCH-0287,72.94158603242288,7.04506477030751,100.09226992995468,2089.589113680668,0
MCH-0288,71.40495933867517,4.092265646591004,94.13305411238127,2084.987137109932,0
MCH-0289,66.88650240089703,6.365627749528355,92.48832780376121,2028.1702180224027,0
MCH-0290,68.95938874821363,7.360601324832659,90.0142961351756,1963.5001664209963,0
MCH-0291,67.53499532670584,5.685032016095599,86.08016713202923,2044.3421329744292,0
MCH-0292,67.05317621527894,2.7557617802530254,91.20282638615444,1977.378786759548,0
MCH-0293,74.24801048510513,3.6226817502353126,98.25732965533075,1961.6246481663095,0
MCH-0294,71.78507742982524,6.984116700327704,101.03117582445637,1892.8016584189004,0
MCH-0295,66.53545202369673,4.7463159715357754,97.28703436852359,2005.1191099173827,0
MCH-0296,74.49799937716625,5.119360302413249,76.44296509872642,1968.5066325431312,0
MCH-0297,87.395521167523,9.050160951531048,115.74586357762342,2004.8215189764253,1
MCH-0298,74.06431059419481,6.044484293120485,110.86480122890381,1885.032115188147,0
MCH-0299,84.44420795717247,8.531961285214727,104.45759851217129,2008.4913336291843,1
MCH-0300,65.85502494538964,4.686997443169301,119.07490672553268,1878.4439418014185,0
MCH-0301,67.19909479901516,4.530997331401464,90.22635882516289,2054.3970126634276,0
MCH-0302,73.7364680256163,6.286848237937015,118.87625120626005,2026.0945617067541,0
MCH-0303,73.05185132716733,5.83035429660169,90.34785923249453,1986.0667614287706,0
MCH-0304,69.89549203017926,4.614049999073315,102.38737925291356,2028.135993004104,0
MCH-0305,70.58663691654391,6.623168469489711,87.26162674865796,1951.0962868668223,0
MCH-0306,76.38832447894212,4.806448827305324,100.14694095544367,2003.6187757807447,0
MCH-0307,67.04214305582084,3.72250673849841,103.86166497998389,2039.7387019230168,0
MCH-0308,72.7354869058502,3.8615439516449825,98.45309668865445,1845.2855375454305,0
MCH-0309,68.98903673783053,3.531888745535351,107.13877444090137,1977.6387820161237,0
MCH-0310,68.9115939838639,4.591384975094469,100.99014449487257,1998.8677934931814,0
MCH-0311,75.49388425993595,6.85058641750429,94.7758527162249,1990.1853191127116,0
MCH-0312,74.12708174494014,3.792357228454237,94.3318668219766,2072.8550913113704,0
MCH-0313,74.06754818000319,5.282713641527154,108.10913772615696,1943.8049437538557,0
MCH-0314,76.52739403577165,4.0149659815588805,93.46257970193032,1968.9420378277387,0
MCH-0315,70.1050192081638,4.609536438092844,109.15402970484936,1904.2065486845777,0
MCH-0316,73.40976485647482,2.7349381820221215,112.2271179283193,2075.5143325636573,0
MCH-0317,82.54903123418285,7.630390009947335,83.3128613765387,1987.68549286956,0
MCH-0318,71.62083176244221,4.709441930292557,111.32926387301035,1978.0795555981647,0
MCH-0319,69.34928472816158,5.810431916053543,120.604226984447,1997.3758658844642,0
MCH-0320,70.48497982496359,5.334921369883056,102.52003761201928,2031.8117914215163,0
MCH-0321,72.97578512718457,3.202411812571932,105.99084185294822,2017.3681701758062,0
MCH-0322,65.90889658383264,6.626297366065314,110.37005324369159,2132.3942106778545,0
MCH-0323,80.4619363784273,5.315454560332993,97.24517684820978,2022.6967944201888,0
MCH-0324,80.05395746837219,8.47111655782573,101.8228022353787,1976.737728541546,0
MCH-0325,63.92905693606134,4.986226469922292,86.85800470376891,1971.9321631238026,0
MCH-0326,75.79055436750033,4.22336382916667,101.38635028530452,1980.3620523791596,0
MCH-0327,73.95831346981468,5.326703509623089,104.98111995644541,1924.908153768508,0
MCH-0328,85.01746093877199,8.881099227249267,105.16163022926469,2001.9932103745793,1
MCH-0329,73.1417275463214,2.379656462981668,110.6542472359758,2039.1734053104458,0
MCH-0330,69.93876613576543,4.191858743980856,92.25197821864471,1969.3318199688383,0
MCH-0331,65.51372814257084,4.617579544394616,94.67393243326504,1959.6309971857945,0
MCH-0332,70.37902279096863,5.384255908541418,118.95507345991355,2075.7972573147117,0
MCH-0333,66.61419144243945,6.789966508890689,98.4967162623629,1928.6758421689417,0
MCH-0334,74.87559866708875,3.8423887781048265,102.00033787312329,1896.6090811761349,0
MCH-0335,83.81664832939784,9.418180813180783,99.32989958274779,1942.3549028176308,0
MCH-0336,79.8279862327203,7.719248469897188,91.78319173694977,1922.9783641437853,0
MCH-0337,68.39307079173503,3.7977086148431876,116.23529210891806,2019.311303205229,0
MCH-0338,72.06465727137812,4.4792202573316064,94.72298588079394,1981.9647749775213,0
MCH-0339,67.18137723598012,6.156203329981957,88.7271447629307,1989.015647748808,0
MCH-0340,65.88889802216784,3.4192467569534815,95.49259722697248,2057.646708848739,0
MCH-0341,85.96604730801185,8.068971187037866,79.98293998274467,1965.4332569418611,1
MCH-0342,71.22483285554361,2.4471466549724967,93.48712535016818,2038.754470587282,0
MCH-0343,67.46528412314436,4.157993005336691,90.31871402147674,2075.56613996016,0
MCH-0344,67.64480847190839,4.505766049673021,106.17428630927324,1977.216875099317,0
MCH-0345,71.16024968678818,7.512289509371097,93.26585760440128,2036.8511427778158,0
MCH-0346,62.75957829251338,4.587796542870968,108.87803935578849,1987.909104373551,0
MCH-0347,62.962681128117225,1.6981347898236225,113.98483993069321,2046.2049064420394,0
MCH-0348,66.40777889373783,2.0016666397081253,107.81175336287599,1921.4255406211864,0
MCH-0349,68.93276424144076,5.051044379520022,97.84611711139924,1917.7243877437327,0
MCH-0350,71.55453782799002,5.920656283684863,101.41114496705593,1980.436614254623,0
MCH-0351,77.37678108474776,5.563183786440879,84.7501505985594,1955.5537595470114,0
MCH-0352,74.2882981160101,5.251355158701485,98.66220627478761,1974.1645445285058,0
MCH-0353,69.20030735018287,6.7433893962585,91.39561531933167,1989.023670877643,0
MCH-0354,69.90491896048655,4.190613168894303,106.94326381149298,2036.0006765918126,0
MCH-0355,64.98735317681096,6.342365834040238,125.72752389244474,1979.6169710717033,0
MCH-0356,69.90743432003805,2.551977672460374,104.9982163597381,1958.8069344688456,0
MCH-0357,68.5567068053993,3.6425782505929005,80.08859851045334,1982.424331162055,0
MCH-0358,71.61359280169044,2.2894379076022755,96.38769807085627,1961.5427360096692,0
MCH-0359,81.65816363120956,6.779614728575238,101.22490925374454,1953.2997248968643,0
MCH-0360,72.59673257120586,4.930608174100486,100.87357425260264,1919.3491593211515,0
MCH-0361,77.66369456501289,5.17115223833978,92.69186874391247,2003.473905811054,0
MCH-0362,87.37137818699722,8.794159638751005,102.45291742636935,1971.5647146701474,0
MCH-0363,72.0085586104947,3.608670003782408,87.57499163080612,2048.3139369617334,0
MCH-0364,73.45071995855557,4.714638733380177,90.55091277314934,1927.630195397053,0
MCH-0365,67.99389764057082,2.753829997091377,106.45797641603711,1972.895822247606,0
MCH-0366,71.12046240905208,7.044843462698376,89.84336769120173,2090.645361032937,0
MCH-0367,70.06296200390898,4.544560890652998,105.38211605492258,1953.0195241451074,0
MCH-0368,70.48838049274416,4.266670821434463,86.30536225343943,1988.1733373951938,0
MCH-0369,66.13495108072267,7.383410492666124,117.64825883791735,1939.2078008587316,0
MCH-0370,70.12255087129472,3.1366301996761563,92.25730077595945,1932.578624360951,0
MCH-0371,72.48999145622724,3.3116193289520464,97.76333428196556,2077.365549154384,0
MCH-0372,77.2557180389752,3.355669512697152,103.30613261090406,2008.5519746318573,0
MCH-0373,74.79635413042604,4.898192927450777,94.34650047498906,2006.6839419118812,0
MCH-0374,80.76591228755778,5.647447444456396,101.43405961071305,1915.1841882441888,0
MCH-0375,66.16326218555976,6.109513202176751,105.75356724520125,2017.937069405415,0
MCH-0376,74.36160318360339,8.857992976242453,109.60613232503485,2057.8710972996914,0
MCH-0377,70.91671002869175,1.6258513186988544,107.91497435972957,2057.4738530414265,0
MCH-0378,96.59812912462586,10.821886713466757,98.28189536197326,2033.416661480308,1
MCH-0379,74.26384591205614,9.488348955303792,98.53368225956397,1943.5257211202297,0
MCH-0380,79.8517536794669,7.911313294994331,123.49108558025033,2015.6561708596496,0
MCH-0381,67.0030367727799,4.070341807619183,109.49889068249291,2033.3792480238303,0
MCH-0382,59.380521378450965,3.63684549378804,90.78176343679786,1910.277820745555,0
MCH-0383,67.3712248915962,7.526787251905178,100.99988163765552,1943.9360204259108,0
MCH-0384,66.20433669223151,6.263445990520854,96.64856861221807,2044.4078660871721,0
MCH-0385,70.75196893238103,5.0347939678360625,98.64665766076891,2043.8022888335963,0
MCH-0386,84.99526982957421,9.743827006120135,87.70504842291912,1922.5708483189303,0
MCH-0387,79.38085419607943,2.7312065520516864,95.88076765614046,2039.7510729634587,0
MCH-0388,74.75211919093024,3.003942303003611,118.11555773193913,2004.7651699576809,0
MCH-0389,67.11548172168798,1.7330484017079684,105.79076300875504,2039.0504477303575,0
MCH-0390,65.50792664325822,3.950878189815069,75.0883859184854,1968.273933828303,0
MCH-0391,72.45959585753253,5.242547790057129,112.16723492497947,2032.2591748240452,0
MCH-0392,63.39883396489679,5.1542878668985015,110.8962952290916,2042.1914387242812,0
MCH-0393,79.15729382927177,5.2240128665898204,96.40714695693583,1982.4332532272144,0
MCH-0394,75.89720060360644,2.8834147534008774,107.17263543783216,2000.8876273086644,0
MCH-0395,67.65412173947648,6.2047321139210325,91.406007891828,1967.5739185247674,0
MCH-0396,77.82425336811146,10.04991621219583,95.29744283733643,2082.581947434294,0
MCH-0397,93.12115686466447,10.362616604016903,114.98546360669854,1993.9864030337117,0
MCH-0398,69.42730077373692,2.1608567336149225,97.28269960130291,1953.898783741141,0
MCH-0399,76.1890815598673,5.467236288196685,81.30268338045009,1964.2087043062625,0
MCH-0400,62.02786170602816,3.2183521401237094,99.36696777218663,2006.3385300571056,0
MCH-0401,67.00312488523113,4.404015121172957,99.21411607085643,2037.6665585889107,0
MCH-0402,70.02621849859092,5.801547347954575,111.9836856937346,1933.2086577424739,0
MCH-0403,70.2349029688237,5.13664040938387,100.1433642217576,2092.3830001471224,0
MCH-0404,67.74967264260378,3.7226900303310217,95.78417688559708,2015.4337647027808,0
MCH-0405,73.11424966173749,5.009409734276628,110.45056145231206,2023.3227986484706,0
MCH-0406,64.66189785308703,2.702697027134535,101.2079023250111,1995.140522808828,0
MCH-0407,86.4084690864754,11.23566547877277,92.49977318434283,2000.9629483675562,1
MCH-0408,70.60147815855949,4.692073970755623,111.54997560541618,1992.58584310363,0
MCH-0409,72.57219417029374,6.677824916382988,101.936617645168,2050.889798451798,0
MCH-0410,73.55807439044445,4.210202469355935,100.02925966679437,1999.6035706273315,0
MCH-0411,79.6158324803469,8.071166287085727,101.77908391411654,2038.3525109246355,0
MCH-0412,62.329429146321885,3.8537198200432305,89.29331628583404,1978.3076238323713,0
MCH-0413,95.18269268981744,9.993091498495932,94.72346223821663,2009.7820264156157,1
MCH-0414,71.66157005989795,3.935853264007286,100.03582601832784,1959.8039827880289,0
MCH-0415,66.25756731721724,5.9668931486227645,98.0533630497532,2060.826411627477,0
MCH-0416,94.96216540545768,8.45594254545298,112.72428382816595,1958.3126379640441,1
MCH-0417,70.57837317146429,2.0360550501625703,102.17405852727003,1983.7510277869337,0
MCH-0418,75.89648592031914,4.144528898320301,108.54903922636403,1984.2519793772628,0
MCH-0419,70.33759240705055,3.231337678455728,100.0939535457585,1982.3024306163115,0
MCH-0420,80.30373962440993,5.050854085523507,110.56288483746123,2036.1247884721467,0
MCH-0421,90.71482909070455,6.398324207996502,103.97527756573155,1984.167111763168,0
MCH-0422,80.66933749530854,8.556380385374126,100.1342048538846,2069.6962265270536,0
MCH-0423,74.85785475477178,4.863386209470459,99.8671691104098,1959.0762456934915,0
MCH-0424,73.22687974792574,4.733606007861892,90.45561373709037,2008.4688734971353,0
MCH-0425,76.84315778766174,5.983838206681374,105.06915720136311,1961.21070053437,0
MCH-0426,83.29643155911918,11.258203796834227,99.59795265463622,2021.0486391265733,1
MCH-0427,73.43025729999219,4.969851872345522,94.98008039818795,1999.2025136511616,0
MCH-0428,75.29212243424794,3.843199550676064,111.06461770812072,1992.246897765076,0
MCH-0429,61.20630256788443,2.339045575831806,87.49783974105199,2059.4237483251763,0
MCH-0430,64.08370743667112,3.97092536444723,95.77504104567566,1967.2829064472448,0
MCH-0431,59.803839111199494,4.0741816300280576,110.27718748779533,2029.3257578809,0
MCH-0432,68.65296582777721,5.160586179488445,103.15522940920253,1961.5520043662605,0
MCH-0433,73.58771127897981,4.48227967829296,99.52141072347243,2005.6342600080186,0
MCH-0434,77.51178526048014,6.031899458077142,102.51003543150146,1940.2212335888278,0
MCH-0435,70.37047390209888,4.080525093093966,101.79414171048842,1966.874142684663,0
MCH-0436,78.14307772785646,4.914438249720587,84.83337453714078,1995.8928477213567,0
MCH-0437,63.099492708925546,6.7759811647953345,96.50738114652039,2090.732458366154,0
MCH-0438,61.48308780322422,5.51273782093245,116.1652165451375,2005.0401935229886,0
MCH-0439,69.72226150551691,4.909943687467154,93.40675865222832,2082.7334157933356,0
MCH-0440,71.92032724469654,4.097083337097234,96.81698985895666,2011.016164584546,0
MCH-0441,69.83652625952953,4.050152904927534,94.58379236690813,1980.645787776253,0
MCH-0442,59.66278949980062,3.7240801205720784,99.12984776681863,2076.9678261300346,0
MCH-0443,69.55439980243605,4.188489701325651,94.16877168675703,2021.8508811036709,0
MCH-0444,74.79507976956056,10.177303314723687,104.8674150215806,1967.8639203058642,0
MCH-0445,73.3483627441502,4.667167593061597,101.97313412290266,2023.528572970015,0
MCH-0446,71.83299123048424,2.9753403959281535,107.73547615107017,1985.3702625046194,0
MCH-0447,65.30060106836322,7.652253939589675,89.4905883381104,1900.5482901914352,0
MCH-0448,67.43066541331653,5.479947786717744,96.59659517117096,2046.798657963281,0
MCH-0449,64.70393239055524,2.889584899230246,97.74277368387865,2054.7467027820962,0
MCH-0450,69.68660451363414,4.337226609138765,104.55646910088595,2091.8971014996137,0
MCH-0451,74.77571160250619,5.166329574242627,92.06778802792965,2021.1071846097632,0
MCH-0452,65.07136976832228,7.556888139946066,109.15653804258343,1987.5638287958734,0
MCH-0453,72.52023257758923,3.337831312611696,111.86415590517609,2041.7494713689293,0
MCH-0454,85.17783383282092,10.745133304051539,90.11127652364416,2042.4910182659453,1
MCH-0455,66.03563583868828,7.099229640458514,95.09127105106434,2081.914059156821,0
MCH-0456,69.46484820022721,4.057018542388144,94.68068491707908,1997.7686188466778,0
MCH-0457,64.82378838790314,4.58372957170965,126.32386204677499,1991.7210513716202,0
MCH-0458,67.23175347326409,3.4455361289393447,95.70099894792114,1964.2227790120737,0
MCH-0459,64.01061053705575,4.694808288379543,116.77625442156135,2026.87310433626,0
MCH-0460,79.82362566458195,4.9451150384856035,87.3336800489339,1922.5869165884583,0
MCH-0461,70.17631775985865,5.989474997123556,90.10349033835637,2038.8043686431283,0
MCH-0462,66.50137246003708,6.63527520653067,93.13395468151799,2029.3917560932896,0
MCH-0463,71.0698995536711,3.8778559030675295,91.54310688553477,2029.2535101229187,0
MCH-0464,69.43835975154585,2.049012403661008,97.32101265841501,2006.911261825092,0
MCH-0465,68.89515200233389,4.9681328310856365,92.91221797278502,2076.648912376554,0
MCH-0466,73.07083350021712,5.440306294952961,91.80658407265426,2043.5996732713431,0
MCH-0467,73.78753855023652,5.374126531527563,111.58471996473328,1969.646140431215,0
MCH-0468,67.34749426194736,4.509990128736434,112.23793622513165,1970.5410475151177,0
MCH-0469,67.1209087967766,5.187128149495901,109.49296498375315,1956.016309329268,0
MCH-0470,68.62474151424178,7.273167212528371,105.23998955584328,2027.5641666387794,0
MCH-0471,58.49039417632208,5.572601253443764,100.92743065779553,1949.993053938002,0
MCH-0472,62.42404468900724,4.439947362495373,95.02969309334091,2054.1696071791675,0
MCH-0473,76.83437133722262,4.249703274356007,90.46842495244908,2066.1486654172772,0
MCH-0474,78.22483856750642,4.745221463483404,103.62995703432688,1956.0491865524775,0
MCH-0475,68.75481980221811,7.45510994274596,88.26369607453202,1990.7225732703573,0
MCH-0476,72.88278481527882,4.725048935710704,90.06079070824606,2000.8310490681206,0
MCH-0477,71.55625077271768,4.970308483218938,111.52913256204809,2044.1991580234833,0
MCH-0478,85.3944040422762,4.276529643595546,119.00649041722087,2080.467168780494,0
MCH-0479,75.59787455717289,6.648475036162948,103.93295138166481,1915.7253803565711,0
MCH-0480,82.65028006534514,9.829075034528598,111.06457152294644,1984.0909641236658,1
MCH-0481,65.22229779699788,5.675919574147082,97.54151682556017,1986.6991652219826,0
MCH-0482,78.02601907448876,9.553247759289071,86.62325813912315,1929.9665072556727,0
MCH-0483,87.76296207806423,7.716797714925584,106.12171618618584,1975.744499034797,1
MCH-0484,66.21824627357849,1.4235398168213815,105.69289323270064,2021.3884472175305,0
MCH-0485,77.4734778949917,9.205928414766548,100.71668553880244,1986.0660548580222,0
MCH-0486,85.99887677510704,8.49210974735947,97.57624541894889,1922.7689415696293,0
MCH-0487,64.59225998192802,5.642513075991087,109.62210578581099,2143.704134900496,0
MCH-0488,92.73684313501721,7.875726805678545,90.14266966572525,2013.308893260209,0
MCH-0489,87.74725933109488,8.736538672540927,92.26219421109343,2005.5847065053338,0
MCH-0490,69.96013679341691,4.38346259524524,89.91893493239571,1945.1036818466478,0
MCH-0491,77.39972069445012,6.532434476109558,100.84972962635827,2013.0353080985637,0
MCH-0492,70.38684153823809,4.43186024509536,89.12106987890742,1991.7893107979253,0
MCH-0493,65.69357899335868,8.123990483164697,93.15757819484756,1905.5738293642296,0
MCH-0494,77.61562038634828,5.646293628522556,92.94244437772802,1946.4872279992792,0
MCH-0495,72.69455021842329,3.0864760100064026,97.39391667666042,2039.7463008836974,0
MCH-0496,85.87735002710998,8.590880231658556,85.12625553596023,2097.200882500022,1
MCH-0497,79.88339308464148,7.501798221246232,100.87204992037267,2018.3582702521521,0
MCH-0498,65.62190873307621,1.7084262952699634,112.47303650664678,2055.1541639146685,0
MCH-0499,71.42523240065947,11.36780339324618,101.35491372316761,1992.2122345708394,0
MCH-0500,74.63088773765821,6.054713813330006,115.41321144801321,1995.6726919659698,0
MCH-0501,79.54708320235065,5.799810976848969,113.33998185876925,2054.5489513809734,0
MCH-0502,63.00716213090429,5.248105490449556,107.77735047247855,2083.1388644589733,0
MCH-0503,72.81484618345286,2.9269736469613434,100.74685842636886,2065.054834673281,0
MCH-0504,66.74678715439086,4.274574290666845,100.2250038824544,1946.681846230759,0
MCH-0505,67.56437308117651,6.262671162176019,107.6379977236326,1996.6520554842377,0
MCH-0506,67.03803037880566,3.423169955326246,96.08329390495967,2013.8762342238147,0
MCH-0507,85.29001363782085,4.640834004179288,81.17479248532536,1987.0161018246235,0
MCH-0508,70.24260813972414,4.659340988328611,104.92004054102959,2019.3928771707797,0
MCH-0509,65.84524941794481,4.787363668958692,88.68931370065029,2041.0288405834474,0
MCH-0510,71.3522841288992,5.2033451246220634,90.37858771809616,2050.140487597757,0
MCH-0511,69.74880945275432,6.092777965271805,100.00223947995788,2084.293507611076,0
MCH-0512,68.80525976566796,5.956408718346813,99.0487512244653,1983.5279447637583,0
MCH-0513,65.462181689792,5.3881547078658825,85.8792439368437,1931.7983417580342,0
MCH-0514,67.11614334715834,6.793297082130064,101.6549156413314,2017.9117297007226,0
MCH-0515,73.77695612912878,2.721545328780028,109.66139660861049,2094.1905515592402,0
MCH-0516,72.5045859381219,5.7568727217160856,88.71658429734217,1976.151207002297,0
MCH-0517,65.11222377600724,5.939807545005413,112.72483330848759,2034.342348853186,0
MCH-0518,70.49666152714613,3.140656570879641,84.39829174870056,2034.7872896236322,0
MCH-0519,73.75693561685894,2.745694086976416,121.17324144370954,2009.5721023672304,0
MCH-0520,61.652973594393146,3.881086810286598,95.88739569516517,2000.3462360521858,0
MCH-0521,72.71680096189968,4.0076878362270625,101.45616996826891,1953.8285397139305,0
MCH-0522,66.68688120527077,6.130129195253646,81.0796642751433,1885.9168963789712,0
MCH-0523,72.8529933429658,4.0781918244633575,99.37863933530691,1944.4074646667987,0
MCH-0524,66.18370421728741,3.715477222578194,102.28482177718192,1980.484792544415,0
MCH-0525,60.9755894966774,4.0825493949581615,99.13837895900505,2054.871134371135,0
MCH-0526,61.862287810584185,6.677948501231318,94.36918922947626,1994.8435968824313,0
MCH-0527,70.24042473330691,5.019565061565428,90.53435481472185,1974.0487140540927,0
MCH-0528,71.2986125086074,4.731123461964632,111.30526619537311,1955.4507279023285,0
MCH-0529,65.47841687447796,4.834991751948423,100.3080713499795,2032.840291425474,0
MCH-0530,73.19296229388686,6.938090501489784,115.40752376516772,2067.9178583215303,0
MCH-0531,61.6923996886552,3.8762424100951374,94.73517645205077,2053.171786093373,0
MCH-0532,69.66960100676341,6.973262436410156,95.65205306627783,2030.3074849879235,0
MCH-0533,63.94491900118771,5.315744448382255,108.15594244596163,1926.219362680853,0
MCH-0534,66.7408194609892,4.759370927036978,83.77025037996435,1982.4162878578115,0
MCH-0535,70.23699335658208,8.751350746901423,87.86536639847077,2097.365211444484,0
MCH-0536,65.69793317358024,3.4165407653021056,110.97484971353164,2056.097524595761,0
MCH-0537,81.55421873122175,8.195227852173044,88.28066070776805,1923.1248390882638,0
MCH-0538,75.0314640460722,3.151353141254,81.80948984697451,1997.2204738400364,0
MCH-0539,67.11554065238425,6.428692955804254,118.68527188073091,2018.154921633052,0
MCH-0540,74.1784605603257,7.533783400477518,86.06182352125795,1961.892076848689,0
MCH-0541,64.35146572671191,7.504884172106959,101.8411939832817,1884.5397989295575,0
MCH-0542,83.58050470599152,10.348456304260022,100.69085192724272,2004.9412022508216,0
MCH-0543,77.2078431032895,4.703569298306052,71.89371683381916,1960.612087118978,0
MCH-0544,57.641777499363556,4.45213853376523,97.32682976832191,1960.8079130457659,0
MCH-0545,66.01552372264761,2.4932453412589024,104.4841324947911,1982.265982003462,0
MCH-0546,72.8853606359027,8.053810302772689,103.54309381518861,1993.3162042672593,0
MCH-0547,92.09639864755272,11.089022699439676,109.03520683803501,1999.5458602952158,1
MCH-0548,71.85572936685655,4.262064642695775,96.12508685094566,1955.8005050539,0
MCH-0549,66.9800740664209,6.992085333480452,107.12504442092161,1988.9895235182962,0
MCH-0550,70.4329489373645,3.5408532248599984,93.10670931919928,1912.1288314798621,0
MCH-0551,69.2216138230396,5.609933051334011,85.89532583587226,2015.5519532684038,0
MCH-0552,89.24944126172161,7.000068402960238,87.02271624318767,1857.186229332942,0
MCH-0553,71.27210421650607,5.958015709820451,85.37889544804585,1985.525495978319,0
MCH-0554,71.68801331037601,4.904639691220818,110.09585967891194,2045.9593076838478,0
MCH-0555,67.94061516938767,2.8236081633331636,84.85426490941444,1947.0329656362587,0
MCH-0556,67.56196887963753,5.113364559005057,102.74038840649303,2035.82151018287,0
MCH-0557,67.8372090609019,6.573296212813043,97.34075805927567,2057.7866356060445,0
MCH-0558,71.97226071189148,4.9561753912190225,98.97351426549369,1834.6050023751307,0
MCH-0559,67.89507759589868,6.162672682383629,113.636072951997,1992.431854821213,0
MCH-0560,71.44887428448206,3.4317057714889203,95.61572632784727,1856.2113286185863,0
MCH-0561,80.37700399322719,4.960608810095222,106.11601561549683,1994.0895777214528,0
MCH-0562,74.35562351715846,4.063234317367134,100.37563351381112,1999.6414394509336,0
MCH-0563,68.3698823391608,6.120471260157064,98.47981094367302,1875.872800704458,0
MCH-0564,76.00606961081972,5.047237343392994,122.99969124386473,2096.241918103993,0
MCH-0565,67.95962313489224,6.035110514504919,85.5865825428463,2014.3007903817313,0
MCH-0566,59.80937732411073,6.631565639236799,112.89131835437445,1957.5488283958982,0
MCH-0567,64.95956844541298,6.037427862682082,106.56406565489972,2073.268971374926,0
MCH-0568,60.646040394870724,5.409677651440466,95.20475005368216,1910.2193389678841,0
MCH-0569,68.24243257979346,3.502681612232892,116.29318517441612,1938.541448324084,0
MCH-0570,70.09209189594776,4.995820833999648,81.51889887611463,1885.027223816505,0
MCH-0571,78.38218656137641,4.2003643969762505,94.78233342700928,2090.0522598269667,0
MCH-0572,71.63463686882082,4.48390406494366,87.91517795730924,2016.6173185736002,0
MCH-0573,68.90449735595568,4.438198773874624,104.1208346487146,2032.9700894924247,0
MCH-0574,74.14702790591744,3.530111637826633,88.86935898812823,2015.050061695924,0
MCH-0575,58.944323454960575,2.063992116299015,104.33063946741319,2028.6883880572293,0
MCH-0576,84.10166044763938,8.455087527121602,98.13563584178446,2003.9038856947996,1
MCH-0577,73.85432596943484,5.290069177886239,95.20646057343916,2013.5460671353721,0
MCH-0578,62.60706877110079,2.9777344318587646,103.88647246033311,2005.3801718111476,0
MCH-0579,88.2624300178116,8.233807772604948,97.31378376061936,1969.5704097215362,1
MCH-0580,71.69248203747208,7.8504026364664465,89.11365156940961,1997.6687617392665,0
MCH-0581,67.923560430496,6.534584832878359,128.0137298963498,2013.6797286630838,0
MCH-0582,73.16390933053142,7.465312263680794,95.12832816970855,2005.5274559776065,0
MCH-0583,81.35346428902199,5.58669181539909,77.82390919847985,1926.1113946123342,0
MCH-0584,70.90933127529247,6.751264734479669,91.57901310278612,1932.7506665695796,0
MCH-0585,71.24110293150169,3.9140529042983188,87.3272331162727,2054.1420716958196,0
MCH-0586,67.70319550229878,4.033489599467024,108.26145616040516,1984.6502977058299,0
MCH-0587,65.75077815267605,0.8912896907937906,103.21652659591587,2029.236267351797,0
MCH-0588,74.15167908272123,6.779218211063449,103.98712801790344,1945.3940045138802,0
MCH-0589,65.71958087045566,7.310485969729829,96.29977534162755,1926.3427061676734,0
MCH-0590,70.35783118609696,4.170234131979095,97.20649752943079,1957.8201693734143,0
MCH-0591,67.61171276617442,4.619072440404147,96.29068896392332,1988.8717464614294,0
MCH-0592,72.39489912873196,3.8692068294635575,99.18806815864531,1966.7429850357794,0
MCH-0593,71.66831052643474,5.573980327216237,108.35333435364835,2064.696676155286,0
MCH-0594,75.18769972128949,6.687398817954861,103.36075412505346,2008.976165076873,0
MCH-0595,67.44991800572626,2.3858420391784385,105.00112829620866,2092.446930928093,0
MCH-0596,68.65062532353315,5.614157795963378,104.99558908249203,2020.2204077035708,0
MCH-0597,65.10618142108846,4.584992342421282,108.84442437381738,1879.3724591040095,0
MCH-0598,67.77853369961944,5.170091587950034,102.88150041540254,2052.802080322928,0
MCH-0599,71.88650246522425,5.688491002511436,103.58848072678919,1924.5224188765023,0
MCH-0600,73.78494308322676,4.717696341840768,111.88806241193157,2011.526683360567,0
MCH-0601,65.38917337911187,4.8446197198913294,93.34954081996888,1961.2657971168078,0
MCH-0602,74.3480296005283,4.6791872486680415,91.44257420048493,2107.135551723209,0
MCH-0603,76.77818929402476,6.455474302682422,88.14078400813145,2071.9798963715066,0
MCH-0604,90.45055488766987,10.976797577784222,101.82914563620255,1962.9089679149122,0
MCH-0605,79.38397906279033,5.330875306606041,81.46267758780877,1993.6321165939444,0
MCH-0606,66.13105400448214,3.093572418361576,104.62154096059677,2012.229903482461,0
MCH-0607,63.776726483442914,4.432130385180269,98.90806905499447,2043.1707035780805,0
MCH-0608,78.36979624228397,8.84120209567347,111.34639699821057,2001.4575956162507,0
MCH-0609,77.48022155744592,5.056544859685884,93.28082689535009,1948.7552550309567,0
MCH-0610,73.27182828177028,5.989297204383708,97.96681714582493,1964.1220680399974,0
MCH-0611,69.72207664544773,7.64976770049145,111.22203333293369,1999.7759101811605,0
MCH-0612,71.3998431315991,6.557909103813225,113.83135646778152,2061.7228489382346,0
MCH-0613,64.37255476350812,5.139737506549613,93.1984763424818,2021.391893026802,0
MCH-0614,82.22875989808414,4.23351624470641,101.8178123258716,1961.3292536692493,0
MCH-0615,70.64610590987614,1.1696756059161526,102.94418977684049,2032.4186388854896,0
MCH-0616,70.54697397302446,4.747422616290721,103.73653405621148,1980.650758056092,0
MCH-0617,73.62883311949346,4.510981256274726,97.37424340684377,2044.520400259342,0
MCH-0618,72.40504615868356,5.585549291593064,112.81383398123634,2126.3505209164305,0
MCH-0619,82.58248028996428,9.433262643005868,81.10296516378455,1982.0586814528226,1
MCH-0620,82.0335855599969,7.045470485826229,95.78869765198915,2040.0802579863184,0
MCH-0621,72.35734178567998,2.330901604239169,104.47930732772947,1962.7303333981135,0
MCH-0622,79.41012248237517,3.5900482562749003,104.57224811949344,1994.386811640435,0
MCH-0623,95.52269689463374,8.459508551508419,113.52759030614763,2001.478114343605,1
MCH-0624,77.96593313319698,7.573861446699041,111.98225393201287,1990.315816997781,0
MCH-0625,67.44392161784407,4.853711924381565,97.14458374692776,2123.1506844387513,0
MCH-0626,65.0519758987071,5.491716610361185,112.99871243530605,1984.670346266081,0
MCH-0627,69.37106539950176,6.4287172354292075,92.85958256222546,2029.3425769392434,0
MCH-0628,70.27862456144348,3.783659095699625,109.30887382791838,1903.4956565338284,0
MCH-0629,75.47095759235474,5.550221064928163,118.10522478420992,2021.5998281684806,0
MCH-0630,61.5376768514259,3.8892648405017622,112.14944106854969,2057.102729617612,0
MCH-0631,77.64775159730307,6.2972366577365175,101.05770383524123,1973.6201328710474,0
MCH-0632,69.20996050710505,5.227104571927599,96.68221228227878,1874.4888929479794,0
MCH-0633,67.8655946502629,5.44767772097216,84.71408703740714,1998.0674115586337,0
MCH-0634,64.93947812369916,3.8261021038721164,103.10539637914204,2000.8591925192763,0
MCH-0635,61.72571664067115,6.060548539416177,88.84782772029081,2036.2037525372152,0
MCH-0636,87.00296921135696,12.684171828782665,92.06865336386063,2100.5451517706715,1
MCH-0637,70.36658983594202,3.4881324568576906,88.09254199263329,1980.9973174699846,0
MCH-0638,63.55019550129473,4.490361488528714,95.39607667343344,1957.185593816986,0
MCH-0639,63.52460613968192,5.347411211252138,99.72030585513018,1941.654109931428,0
MCH-0640,68.32107650354936,6.179609317993725,102.73614581165705,2009.90393085158,0
MCH-0641,95.88148922537006,6.356077662676573,93.99493364586037,2023.9677129409251,0
MCH-0642,68.70204324318198,0.7504545647858905,110.69283706395183,1972.7172302818708,0
MCH-0643,62.48428523440947,7.038784241246038,97.91794742010035,2038.9341372862896,0
MCH-0644,68.77128467957027,6.140759179376214,92.12277566734481,2023.2692038409589,0
MCH-0645,68.63638215126164,2.3855787042700025,102.26292267243437,2002.1615844822445,0
MCH-0646,56.515566785292144,4.088646812330666,119.63552833543815,1954.8792639627936,0
MCH-0647,69.72852566741093,7.352273644290989,103.35160566535117,1975.9067842257639,0
MCH-0648,68.84532734895662,7.171694627686799,96.37144372626393,1878.5122351158727,0
MCH-0649,73.48103182406709,6.4079600340184175,84.72538643881296,2011.7893532099017,0
MCH-0650,79.24478047472672,4.735831349060206,97.8058767902793,2001.3170644373718,0
MCH-0651,75.63282514773879,5.124481128218765,102.34928125088116,2009.4239495544743,0
MCH-0652,68.65555654722584,4.80361129231081,96.1241910874443,2025.215950778228,0
MCH-0653,64.46737045629165,6.692359674903257,83.34615361759,2019.2910743216112,0
MCH-0654,82.8667990162493,3.686236390257335,91.49434610496566,1994.4808409676982,0
MCH-0655,87.92982156333144,6.559102051360588,114.54538460887758,2002.4334021581376,0
MCH-0656,70.06964645956474,6.515411880254024,114.34001003730461,1929.7841791651915,0
MCH-0657,69.87937456444999,4.933457816732657,91.13360830795402,1970.8139677155286,0
MCH-0658,88.34630462494442,10.598065544911712,106.72756787199422,2002.5235526841732,1
MCH-0659,69.27819794038028,3.9927316895291813,88.21427215229826,1963.207321204382,0
MCH-0660,67.13168996559882,4.917832459491763,114.04316281994953,2043.0075397936273,0
MCH-0661,67.26570529379804,3.61638052273407,102.45235847894236,1967.0683959522485,0
MCH-0662,69.83623364892001,5.0110440221353505,109.49641498616533,2010.815270562416,0
MCH-0663,67.28287614433117,2.7821795945018017,82.8490665281746,2005.8282828407669,0
MCH-0664,66.43577108661418,4.268549868567556,106.77637101924888,2037.3138796805206,0
MCH-0665,70.53215113845948,2.845619202607823,99.92325936315497,2045.039558701415,0
MCH-0666,68.72511391289572,6.040884849786887,108.51929070790843,2034.701630548397,0
MCH-0667,87.05212683320664,9.187541501926097,109.1486779809785,1894.6996899308433,1
MCH-0668,56.74515095803494,2.4046059042734824,100.6578468947475,2059.7074074006564,0
MCH-0669,75.45753425961232,7.000828618250859,93.99170360904085,2076.3654112097297,0
MCH-0670,76.23042596248814,8.74612268962978,107.79696182179494,1975.8937857839264,0
MCH-0671,59.63304883795925,5.069009580104511,99.39845500594872,2011.8323456336425,0
MCH-0672,68.28656202959826,4.038328609663033,91.27215046472358,1955.458415993461,0
MCH-0673,68.14279567002104,9.236495886504569,90.79847768542314,1902.5810746633924,0
MCH-0674,62.96244152641089,3.0215472525462337,85.22835583687618,1963.0642367228807,0
MCH-0675,66.11091656204562,5.030159700303647,94.89708840436937,1972.9930480268195,0
MCH-0676,81.04403210318601,7.856099442545151,111.02692046074378,1982.2574634324092,0
MCH-0677,95.82892101321256,10.872153780935736,101.77829799705434,1952.0542954997006,1
MCH-0678,74.6783919657373,5.5396084626901825,94.70232294076959,1963.3287416591381,0
MCH-0679,76.3577754749708,4.252049156317323,108.0485593818008,1999.4496839185797,0
MCH-0680,73.60836032021618,3.573223444418066,91.67523378276611,1961.488650844493,0
MCH-0681,64.35474114391386,4.487267269630797,100.95350274332779,2027.1762166275014,0
MCH-0682,86.51103759405655,9.497565054444605,98.20369627274485,2034.0830325698719,1
MCH-0683,72.4468728061396,5.0717379796770246,107.79130625588353,2119.0193873082244,0
MCH-0684,78.60684333687391,7.830999830340834,84.22771629080499,2056.283996606173,0
MCH-0685,73.56499215086194,2.758943310065374,91.49802254185344,2012.1551529164208,0
MCH-0686,68.79837300920933,6.882718682562356,83.61754340905466,1968.986785166616,0
MCH-0687,68.12589596225202,4.2534912148564405,97.4040327819073,2014.6873675837,0
MCH-0688,73.55479984101746,3.097794792537031,112.1142750363243,2016.329797995818,0
MCH-0689,72.2213165574302,4.747611298268688,94.94552790346472,1974.334345549717,0
MCH-0690,68.1951691709046,5.102557348951488,94.8931606180435,2039.186569837644,0
MCH-0691,75.79664901682123,2.3802999116314494,108.71724424184137,1930.0950992659061,0
MCH-0692,64.59468336200051,5.497471500688644,110.685495584553,1987.7800082231245,0
MCH-0693,73.07967803472133,3.4292636469646034,99.11428932731211,2027.7929229658703,0
MCH-0694,72.96550628984193,7.566543213786181,106.84714854049892,1985.6207926203952,0
MCH-0695,68.45226780343005,5.785940768115102,89.23045459122054,1989.6622798285364,0
MCH-0696,71.63066511121059,4.400150014836025,113.77974333925414,1993.110706940386,0
MCH-0697,63.74443211807348,3.8822483445239744,121.48706293937052,1958.2199379656126,0
MCH-0698,74.6201350960345,4.842548438654564,105.21215791188725,2058.6950465787104,0
MCH-0699,69.07548931778506,5.919186112374934,79.15668378657199,1949.0981164038592,0
MCH-0700,67.38638489740481,4.961758807122201,94.41769737602216,2015.9079663704943,0
MCH-0701,75.24504612918444,4.674261789294715,106.12825321669321,2020.6823949141187,0
MCH-0702,66.4782815472862,5.087555436226843,95.78517002833637,1952.5689049395517,0
MCH-0703,62.957693518182204,4.094211603144568,112.72198554250097,2003.655212719037,0
MCH-0704,77.97539888607326,10.083478670219481,105.88157264435866,1954.518391362765,0
MCH-0705,73.0300497567282,1.8713113416424942,92.93524499234204,2069.5521237527973,0
MCH-0706,63.597853237518585,6.460589346278551,100.32264810771252,1943.0608531511893,0
MCH-0707,78.77397090992183,5.448196670482643,91.0616677936091,1967.3051452884017,0
MCH-0708,59.59035296058139,3.839816233949855,98.17415121587558,1938.788749582221,0
MCH-0709,78.48228184145019,7.848102472032858,94.45406759567449,1932.1150636566224,0
MCH-0710,85.27059027110087,10.293916283313497,111.74761800233038,2079.5607645441146,1
MCH-0711,69.51643444064804,3.445784642037205,121.16012056830995,2027.1387336956282,0
MCH-0712,67.27540456595526,6.285106132205687,85.68811666764248,2007.0146712850271,0
MCH-0713,71.99568057176036,5.597072324763894,80.76783713790248,1967.171151832654,0
MCH-0714,69.81182648787576,5.591869978226329,97.54827578148614,2045.3805905523384,0
MCH-0715,75.5165094100826,4.361366593022614,84.81584301171317,1958.7888780316273,0
MCH-0716,70.5711382433102,5.675743585667052,100.46211603670918,2039.6819647165053,0
MCH-0717,70.75150880730939,4.6073625646683585,107.48936113805927,1956.3744361697181,0
MCH-0718,68.18193893893073,5.833912177468763,114.94141897266825,1967.7746149062164,0
MCH-0719,69.71527188139466,2.142583318984042,102.0139455871528,2037.914119305896,0
MCH-0720,71.5390088444603,4.349189805531216,98.06844775150421,2043.1913672077883,0
MCH-0721,61.449158036716874,7.583232646712292,80.21615083426916,2029.873646694838,0
MCH-0722,82.43505998380944,8.679949107229683,100.26185149185798,1947.5162942121603,1
MCH-0723,73.71632047011357,4.09424255376022,100.71287260549461,1977.6636567138585,0
MCH-0724,70.85432719063971,4.3280579923250375,106.38956814212746,2007.8449370599258,0
MCH-0725,69.0800833182366,3.1777907961670353,92.9151189847091,1957.5359519044955,0
MCH-0726,84.8132078162542,5.273963330128053,95.64947399764141,2068.548138006465,0
MCH-0727,71.73790852680835,4.654120402214581,85.21997744695815,1879.9026528024726,0
MCH-0728,67.30120159845319,5.203789136122485,77.08707193115934,1961.0630242315424,0
MCH-0729,66.10847637298843,4.921242397192022,88.91502909203217,1974.5216748565085,0
MCH-0730,70.9792262754884,4.7826821570781695,84.29674185746984,1857.8028167614116,0
MCH-0731,65.10813611192484,5.064561306275581,103.36712295420611,1930.1885434881904,0
MCH-0732,72.04126377857236,6.534262207326146,94.81865943333143,2031.2644756271034,0
MCH-0733,61.4870819788108,4.714330721106175,94.61762869925211,2001.5141818276481,0
MCH-0734,75.14577818662822,4.138876134369095,90.15586953824788,2078.656801102145,0
MCH-0735,72.36298741206521,4.57831177266787,67.67434567487567,2077.261322294241,0
MCH-0736,71.28014867156938,5.869020139635164,115.0831074874755,2021.6523189301972,0
MCH-0737,74.91345491972757,7.118040317814874,89.99729477223212,2015.6619124500355,0
MCH-0738,78.32737222231289,4.057784391246233,95.87579930150093,2003.296555428945,0
MCH-0739,89.96411911417536,8.118836088316153,85.4510783471069,1867.2458991060255,1
MCH-0740,60.795628843341774,5.507536162903939,109.71930343440634,1930.2720243336962,0
MCH-0741,63.60211516632149,3.5111329899067654,101.43428937037325,2005.0337751549466,0
MCH-0742,66.8759071115216,5.030625750819377,91.73634714734132,2030.8012854373835,0
MCH-0743,88.74993310646792,7.214543245772996,96.07770388655976,2014.483490606907,0
MCH-0744,72.58829510234561,2.346424544390902,116.7817992212487,1955.376751614217,0
MCH-0745,66.37128093423267,5.550119611838386,99.27030568118721,2046.8703141234748,0
MCH-0746,70.9338338223854,4.424187888003826,98.18266462384094,2074.1222014377317,0
MCH-0747,80.41604535168877,8.653771745452229,90.58618513860735,2046.899480014567,0
MCH-0748,66.94241098504025,4.973157534487475,81.05418849527697,2049.4799664795237,0
MCH-0749,77.2617440696267,7.346321719139432,98.39961326420655,1972.0387101022395,0
MCH-0750,76.36020433384434,8.641746703037562,103.25485112324617,2053.79670613504,0
MCH-0751,79.14179748592022,6.633419781615549,110.9958446432767,2007.2879319663828,0
MCH-0752,65.12063373511333,7.086458537002101,77.51503465500345,2025.5777764261002,0
MCH-0753,75.2682089830392,2.9660444827100543,88.74903672976971,2018.2715921412355,0
MCH-0754,65.25300555584029,4.706322093547128,94.1925890944355,1993.9256447279795,0
MCH-0755,83.16191032418695,3.4365926179291275,99.96519151426799,1956.999876243885,0
MCH-0756,72.46658950440445,5.855631760041193,98.54966308471577,1995.8931668222976,0
MCH-0757,70.92418061847437,4.5028529430777455,98.78311314312731,2049.3380808741413,0
MCH-0758,65.70821109909393,4.221999920568185,104.08096058569944,1977.9262097343544,0
MCH-0759,84.67901234969595,9.487165573630033,90.96706889220891,2044.6673631304072,1
MCH-0760,67.12181086881112,5.044145887516328,109.34141442233695,2036.8535335308836,0
MCH-0761,83.36870029012894,8.154872329708894,104.33452441699481,1985.0531301490084,1
MCH-0762,82.80042269134397,3.528011095223803,96.8016773587192,2069.440005180979,0
MCH-0763,69.51970050137675,2.8927745841087398,116.00907991888916,1982.2226664404648,0
MCH-0764,88.31335091303671,9.90512658542289,115.56416035571766,2075.4773431306317,1
MCH-0765,86.71705163164039,8.49530494539084,109.32895355193808,2021.7063490770486,1
MCH-0766,69.82505754751519,5.939652008680916,69.81443229432207,1999.2067040773243,0
MCH-0767,78.85400317817755,4.880137321006176,115.78945092717976,1955.6099309831172,0
MCH-0768,66.86516471106117,5.307613008851945,107.94758522471935,1995.5869884932479,0
MCH-0769,79.06224278998465,2.5649262050881347,120.06408637712937,1989.812024325279,0
MCH-0770,73.53875967727738,7.832655409421385,112.37464591733539,1937.0851807374547,0
MCH-0771,79.09032635120033,6.468860386705405,115.78342677497285,1989.1192288641166,0
MCH-0772,73.1620386952776,6.046380455508799,108.7865485018038,1959.8098409951458,0
MCH-0773,74.86277224813365,3.7458624946705603,113.48693198645512,2029.2995884489392,0
MCH-0774,73.10904981108598,5.4620148533260116,119.9412374073444,2065.31402378641,0
MCH-0775,62.14887640054772,3.045732854712882,102.16554738378206,1938.654216185238,0
MCH-0776,66.36431412087566,5.6781017573895065,84.2776945592187,2085.615386418346,0
MCH-0777,80.84133628391696,9.992346460321746,96.92539099984857,1993.5724482807434,0
MCH-0778,69.62783285449977,5.043785755903351,103.89945599383437,1951.2489307530743,0
MCH-0779,73.10336048775339,6.046961045195147,100.74887584371558,2037.8877390104092,0
MCH-0780,90.31876619421305,6.429567341940214,87.53438033840574,1977.6772760872475,0
MCH-0781,63.323278206449494,3.9732624040808044,83.68932374805021,1995.9131661984252,0
MCH-0782,71.90098925502981,5.685986421630148,92.5883733136517,1979.786087789396,0
MCH-0783,73.05292872641911,8.147332211820121,108.0773955598415,1959.163103406755,0
MCH-0784,72.7989522396552,4.792876498007777,115.8033977082297,2036.1998516200952,0
MCH-0785,75.4039036277731,5.886704176885899,109.16567613777701,1985.6849298552906,0
MCH-0786,74.16961077274452,4.83954279521228,110.57427287114136,1928.1674103910377,0
MCH-0787,72.29590039614219,7.9133683921344495,99.19184426836442,2027.5530062107966,0
MCH-0788,69.64917144270676,2.379167499552117,82.57917542294035,1939.7208824488123,0
MCH-0789,61.69519533242004,5.141931567004037,95.44779419117295,1942.336991366237,0
MCH-0790,72.14809109566293,2.5616839496569086,97.41235588127621,2059.630310248866,0
MCH-0791,71.03843843581555,1.240142644194925,95.02947513164318,1940.1830050394894,0
MCH-0792,71.35789418597686,5.446193079676725,100.54694865374626,1884.1777571536254,0
MCH-0793,63.61625712089845,5.209246694221188,104.4141975989295,2031.1430742480748,0
MCH-0794,64.59471729795868,4.572744593386698,108.53015188243498,1984.8068285259435,0
MCH-0795,75.26576426666452,4.84070886494037,97.21880135633666,1989.117243943094,0
MCH-0796,84.04688700828888,14.125260997376271,80.96240594355407,1984.27498033249,0
MCH-0797,73.40750348686312,4.612737292952849,95.17122280708865,2011.5834969509363,0
MCH-0798,70.1415918806523,5.765186541875112,100.43710396991983,1962.3640379048466,0
MCH-0799,70.14878069747873,4.025952770579178,112.22807922133408,2073.8057437282882,0
MCH-0800,74.69141902988,5.442848862560905,94.32192157815895,1926.18847598453,0
MCH-0801,67.41977635891313,4.642649487416573,105.12543628399402,2022.243745833856,0
MCH-0802,84.06258219088512,8.264784393268336,102.90087899635432,2032.106050193829,1
MCH-0803,67.6886235564748,7.728347798300487,100.43900533123389,1962.0174119583312,0
MCH-0804,67.82751886283842,6.765777444776509,109.30533319324591,1948.813277736109,0
MCH-0805,68.4541393826568,5.205119971098846,93.39158803247419,2050.8587107085077,0
MCH-0806,71.11066885816857,1.5436820960840496,94.24813550356484,1950.4569622991642,0
MCH-0807,67.60625689168262,4.458486165121146,99.88099176905772,1969.6668029624716,0
MCH-0808,89.09412805345097,11.96213781856283,93.59853494906301,2044.3654481229873,1
MCH-0809,65.52696348890248,4.6540075000404375,105.080122910546,2001.7370616769513,0
MCH-0810,85.01286046990558,8.235069941844218,92.86807695633867,1910.1428166185447,1
MCH-0811,84.65019344561075,11.663706954155941,102.26304207745135,2087.3529572276757,0
MCH-0812,77.23488942176867,5.328445873783963,98.99827231213243,1973.4994620610016,0
MCH-0813,70.98277388255788,3.7372675521977716,102.14925964776705,1979.8621355046791,0
MCH-0814,75.15922269734317,1.3470315023256676,95.4025860493696,2012.7892126163183,0
MCH-0815,62.57219813481514,6.026244812913432,96.60911705473173,2031.2538398502036,0
MCH-0816,71.33525132934629,3.777865995764678,100.9600926799705,2098.0552145645734,0
MCH-0817,74.44815397811719,5.264225677831538,102.02074506161313,1916.9965925297151,0
MCH-0818,82.47186623007738,7.720505036599038,99.95798084608843,2041.2976104462973,1
MCH-0819,75.32740187532676,4.602143689294697,117.05362356513083,2037.150484702504,0
MCH-0820,86.49842812442459,8.856802262135883,90.09263081258716,1993.1417544562942,1
MCH-0821,77.0467372009279,5.402890371566447,99.35796205047286,2039.363684740811,0
MCH-0822,81.49449061809625,3.327766718971379,84.26370977883016,2046.7137008818274,0
MCH-0823,68.18580719780171,6.7953664231420285,103.72081478667386,1930.9018607506498,0
MCH-0824,67.77248739299614,4.104657822902043,88.84753463623186,2087.4883252940417,0
MCH-0825,90.00864989501719,7.2988265721096806,97.21689744123424,1922.0618873430928,0
MCH-0826,96.27537863384126,8.085497172251573,96.27935674668674,1943.2341859380613,1
MCH-0827,67.38569986423366,5.05156296353969,102.80891126601172,1986.9106163187953,0
MCH-0828,67.89906591452072,5.2408841497576395,94.4720908245482,2096.247025659353,0
MCH-0829,68.59107695569746,7.0431986055276194,94.04694302306018,1984.5871685123307,0
MCH-0830,63.27774744482861,4.645326744896211,114.35856464085899,1998.4033054974595,0
MCH-0831,83.54572611466784,7.72457812902904,102.84566790474526,2071.6039301952283,1
MCH-0832,81.87507540312514,6.537657613423226,94.38949147977732,1984.9840928717263,0
MCH-0833,66.16101217447935,6.2308302543318455,97.4916632818877,1941.0781643534663,0
MCH-0834,69.8265755630661,5.276463596117155,116.45354952270745,1979.1382582380843,0
MCH-0835,71.1710736626826,4.369958409058756,97.64835121748904,2068.539591690289,0
MCH-0836,77.75250246407039,2.1429879598018045,93.10723376847612,2003.5432498527568,0
MCH-0837,65.00822979630604,7.166618292582632,93.15003849873608,2096.532912952813,0
MCH-0838,91.59390285479668,6.97956105752902,94.50873519010423,2036.8967463131078,0
MCH-0839,68.93005577887246,4.113082985945441,94.05502277573278,1967.7595531803258,0
MCH-0840,86.97459859831336,10.071302907534045,87.20352151650756,2002.5538152232539,0
MCH-0841,73.37409746083301,3.20516310707497,88.75799903053021,1957.339094092906,0
MCH-0842,64.3863898921885,2.7597353326202847,91.7067962563863,1966.5783484675615,0
MCH-0843,71.91204873092025,1.8140786259490027,105.91571018453098,2223.954212551288,0
MCH-0844,70.83226104106528,6.081495429358454,96.18762712727127,2050.9312255016907,0
MCH-0845,72.46225632004075,4.182220632910517,97.9283831090596,2043.0548994503336,0
MCH-0846,71.44584321953909,9.390905138709995,112.70088025254897,1968.8409842345968,0
MCH-0847,82.27650069955448,3.50846740155369,112.95007149938418,2078.479203314054,0
MCH-0848,66.81130007874341,3.617823464856618,97.17875056862265,2054.9707800896467,0
MCH-0849,67.34501522499092,4.151910544571898,93.69136489316591,2094.0810644678886,0
MCH-0850,66.88429736787617,5.364701982707734,91.35569686326463,2091.6557074199227,0
MCH-0851,67.22261440419872,4.294694991822033,106.92775769708237,1926.045535595124,0
MCH-0852,66.81306436346742,5.918498321003768,97.95292766477712,1944.5080255365046,0
MCH-0853,75.94508265553776,3.5321174150170185,96.1350510967721,1949.810609226818,0
MCH-0854,77.10252123994927,2.9276124223046285,91.86335424862447,1952.8029678333783,0
MCH-0855,67.14626853125262,2.302677890886339,92.30333590988612,2016.1726182130196,0
MCH-0856,65.83822213447885,1.6646387480942049,103.20058191493244,1971.659827395209,0
MCH-0857,72.35707778193202,4.222896470787415,86.84561734112738,2103.629927038126,0
MCH-0858,67.23888477859515,4.548529531410167,109.94868693787939,2095.233994104082,0
MCH-0859,73.16465908877755,4.052844458775225,94.66155356185081,1999.676920296048,0
MCH-0860,71.01461510425649,6.865108695780743,98.50364055748207,2097.7663108074894,0
MCH-0861,78.50093612471204,9.856835435791442,86.63022041859446,2074.4067313620103,0
MCH-0862,77.73752600665031,4.4977955188332475,99.87634061757636,1977.464672041137,0
MCH-0863,94.38999721930296,6.698494130086916,96.7167905730944,1899.539232798722,0
MCH-0864,66.93605654757806,4.1499423379174205,99.49919401143534,1989.1015807519636,0
MCH-0865,68.06149220032007,4.100267909124408,114.71708898361891,1967.7688934460764,0
MCH-0866,71.42932695362452,4.014297556582913,101.7769804579024,2010.3252812572914,0
MCH-0867,71.67228394993512,3.9534216441526326,92.05340815854196,2004.4614143437375,0
MCH-0868,73.29272136336415,4.019805656412789,92.88680089453432,2003.1508829449615,0
MCH-0869,97.27694530232733,7.8989278835035694,105.95131185913769,2026.1842370689583,1
MCH-0870,69.11526386252976,4.046688351776665,112.98693290993424,1939.373902645816,0
MCH-0871,66.00851377730773,5.312483762938388,102.8191802075105,2020.5680138784853,0
MCH-0872,63.10340385992736,5.540553073857292,106.88712744554769,1978.0191923491498,0
MCH-0873,66.3453498002904,3.634032369226265,106.09737723336706,2009.9991099931844,0
MCH-0874,69.83436513563102,6.90659798901055,114.1906441335752,2047.8704922616096,0
MCH-0875,91.14793602083783,8.035840853059831,80.50409827273967,1938.7800113389485,1
MCH-0876,67.41194350481915,2.5732990792769943,106.67218939304529,1985.9353173665215,0
MCH-0877,87.07448562453652,8.474725463106566,109.83736043903563,1994.0732882985567,1
MCH-0878,69.91788551963624,3.77388779837849,86.61276293864427,1974.286551421468,0
MCH-0879,75.94196636724043,5.481937206136082,91.14331815993584,2044.9914748066478,0
MCH-0880,97.49699767714016,7.617329013200538,91.49217251371846,1963.9805820599763,0
MCH-0881,67.3456561353984,7.088683912224601,92.71209803622617,1972.2299800278831,0
MCH-0882,67.5528027874089,6.008440112060603,95.18282949064474,1964.5040433523968,0
MCH-0883,90.35680493833095,6.6324950850225175,102.42602813054941,2054.6027705719403,0
MCH-0884,73.40945744813156,2.7818343142305713,108.6567465116737,1975.3777943793891,0
MCH-0885,79.23353662868017,7.508398856146291,110.81316957768536,2023.0022695441778,0
MCH-0886,72.91964092662982,3.893930144753062,91.62176938832218,2098.785255061504,0
MCH-0887,68.2035395460647,3.7487227269010646,91.55297001297018,1996.2590789824708,0
MCH-0888,72.95327415346155,1.6009218587760756,113.15821840016223,2055.6030340016578,0
MCH-0889,75.54351790291454,4.473832691597669,106.46743935418644,2083.5677042046564,0
MCH-0890,74.10241090598682,4.658420577746371,100.82864841868997,2051.3595780020205,0
MCH-0891,72.53637015553649,6.073239645154228,104.73336675554967,1999.159934201113,0
MCH-0892,75.33337344794577,2.901382357723287,99.7019621814856,2032.1053879499307,0
MCH-0893,88.7391023552567,4.424881930004606,105.24584683047615,1935.6310703432328,0
MCH-0894,76.91079495518764,5.676443952164715,96.6393330349426,1960.9978420925024,0
MCH-0895,73.24354943794822,6.5100951068405974,102.68804934439231,1969.766240918404,0
MCH-0896,69.16440959841573,2.6432714733231752,84.89453949630504,2112.030606008714,0
MCH-0897,70.73356843216662,6.6222711294496115,93.12215705174569,1959.3707742872366,0
MCH-0898,76.03254483254179,5.056312762230232,93.22988823209657,1958.6261624369085,0
MCH-0899,65.91532164506381,6.637708008611968,96.25609966793085,1947.803950987551,0
MCH-0900,71.8433665443645,4.894669457723575,90.73486745220252,2027.990588096538,0
MCH-0901,68.0333059383632,1.2165831237680744,94.66456374176919,2007.1310696334442,0
MCH-0902,70.14372411467409,4.772048926525942,84.8558593760188,2054.3379488513283,0
MCH-0903,76.39225931303649,6.590215728006905,105.487004763949,2033.5629833038677,0
MCH-0904,70.95549534009952,3.6593809713744285,99.17486481088605,1930.9805076637967,0
MCH-0905,70.23218274078074,4.418052546638822,82.94792392223982,1959.6361114994816,0
MCH-0906,63.200719295100406,4.735799744673533,91.65170089453326,2068.266437413791,0
MCH-0907,73.7312678301361,0.6507291801972777,103.36601427562167,1989.8350877711598,0
MCH-0908,73.22742090570537,7.507021363156214,94.5697805361421,2059.3795909009004,0
MCH-0909,80.8162736165273,3.647936480154238,93.03058539861904,1992.5159526042341,0
MCH-0910,68.461108825235,5.758603148709199,99.25407322991924,1951.617178585574,0
MCH-0911,71.0957516383197,4.869948295777687,103.43597535178216,1984.8369611166647,0
MCH-0912,71.24691841855378,6.88642858453904,85.6364754296084,1951.5975102225152,0
MCH-0913,77.88726639881737,5.609084183642121,105.5012848121788,1971.722361879879,0
MCH-0914,69.52352233806523,4.647613592718538,91.99706718392623,2010.0462853282622,0
MCH-0915,71.39510762885169,3.65972736122108,99.82072031750201,2025.580254518451,0
MCH-0916,79.7139171652584,11.9892268752118,99.6457985930849,1920.490433837285,0
MCH-0917,70.9330456157818,2.189838044068075,94.72933881760225,1999.131599624545,0
MCH-0918,67.76783192724736,5.968835630413839,89.76340253869286,1970.6692132220123,0
MCH-0919,70.97044996449154,3.351432872667691,97.14313451907736,1967.5792595520593,0
MCH-0920,75.36815874929886,6.87842549293496,116.25330309075196,2006.634230956654,0
MCH-0921,64.8674235029447,5.241949313994042,86.38324969536369,1972.4774063655393,0
MCH-0922,70.66484837073438,5.966185651775163,116.92313019104876,2069.1068997423336,0
MCH-0923,83.84811691001379,8.524607638966529,97.40278828923468,2059.403093812553,1
MCH-0924,75.97523314462421,2.371434357288505,100.35371417088639,2059.0914146971018,0
MCH-0925,62.384065476081126,3.708906254906992,89.13289188615272,1975.254490225485,0
MCH-0926,67.20539076364206,6.008584006417074,92.28730583322519,1951.8750582540338,0
MCH-0927,83.94123158199042,11.67253930063571,94.97090349961981,2004.1014964694057,1
MCH-0928,77.8276201461717,6.771484857958508,89.54305029122088,1992.4825816856867,0
MCH-0929,69.67124869463507,5.604911844555757,97.91082042629128,1969.5588418788318,0
MCH-0930,67.22400236653401,3.54994716394601,95.9298410819323,1941.213277666652,0
MCH-0931,89.95506860260531,9.273126943132086,118.50781142435733,1997.9241015365965,1
MCH-0932,62.75993049791878,5.154376085784856,88.34025814319538,1979.7965274873764,0
MCH-0933,59.00597021689959,1.5289339009998422,101.02690516748588,2034.417351851901,0
MCH-0934,72.20007225026666,7.510162828434478,102.47846281901825,2033.255302576074,0
MCH-0935,67.48972887823695,5.662620104566336,89.29679451348163,2055.039990271136,0
MCH-0936,64.89383591434644,6.8405518955733084,106.86827495452839,1937.0352224059982,0
MCH-0937,73.54178223649677,2.6290940887862466,96.01672987118371,2020.0529153846817,0
MCH-0938,71.219003568856,6.866847740532883,75.07610348416932,1963.6267146883165,0
MCH-0939,80.58407597788268,12.077193468397311,106.59849612104566,1938.9792894594457,0
MCH-0940,63.59847800664553,3.0186824669340235,88.83059115897636,1978.5698881525645,0
MCH-0941,74.36228664140073,6.15710269235565,89.52225053860901,2053.435249006731,0
MCH-0942,73.2510058897933,5.00166491703094,106.87902082892398,1981.3840823214757,0
MCH-0943,69.50412068110309,2.683349227627634,96.5283851758155,2078.2727329979557,0
MCH-0944,79.23318498023833,5.739325957777805,109.177721505515,2027.4439257760166,0
MCH-0945,64.64957616836924,6.2504048072560225,112.10166095365318,1980.295476050971,0
MCH-0946,62.372374145376305,4.098310170996729,93.55071539677702,2058.0024214453206,0
MCH-0947,66.54045965059377,6.748874780382835,107.93262495955031,2022.2698386057143,0
MCH-0948,69.77206991822251,2.4998548898162034,92.44539198607119,1953.3720305776646,0
MCH-0949,71.21669724661346,2.7578657803255338,122.33115917132176,2092.9401317790257,0
MCH-0950,68.79381971071835,5.2048960933831285,93.07042995468785,2012.973941154324,0
MCH-0951,71.76027698257148,5.038077916958407,110.26087440960004,2000.9398095992747,0
MCH-0952,77.72121940629725,8.750149242129782,108.43790025881576,1957.2233665047193,0
MCH-0953,77.2188230203663,6.214391653957829,103.16087822108933,2058.976913380387,0
MCH-0954,69.58924410803715,5.796341471323924,93.29456838583317,2025.8637713680653,0
MCH-0955,75.58647915794064,6.287208606401024,98.4860250805859,2031.461909014762,0
MCH-0956,71.71362673188852,4.815295346971599,78.46411887055447,1974.6234328237115,0
MCH-0957,72.28376609576893,5.903870401967511,102.2442003838225,2041.7050285955033,0
MCH-0958,72.84883640116102,4.331524545455008,103.49615331028386,2045.59067967854,0
MCH-0959,72.23854280008658,8.080728035129894,101.33499419061371,1966.5610880609438,0
MCH-0960,85.25660313513703,8.220022995709051,70.26693828707442,1929.1504930159504,1
MCH-0961,76.64576265066216,8.157946144187468,87.34363554910189,2029.0686529669463,0
MCH-0962,83.11771374157834,7.197081381081449,92.51909017151337,1921.332652519713,0
MCH-0963,73.54501878794257,2.936733665646886,102.91658933189046,2007.600788891889,0
MCH-0964,69.55132152856386,7.052119025732901,102.89338905642984,1977.6377447606346,0
MCH-0965,77.20058607724737,5.1888520825924385,98.29776208028821,2060.933260539446,0
MCH-0966,66.61803848970365,6.2766861475703575,106.35245536603956,1980.3578054616396,0
MCH-0967,79.00470216455408,6.83578387781389,89.737576246971,2055.36364860019,0
MCH-0968,69.79921024677829,5.506933331217538,106.10235005693997,1974.2895277818486,0
MCH-0969,62.84612448940976,4.111638732780778,104.7474210483989,2049.9995502529805,0
MCH-0970,70.64052207455394,6.463570066503875,103.7755473283791,2103.0170771918415,0
MCH-0971,66.59474171262559,5.001133261181893,98.17959568914344,1946.597643081688,0
MCH-0972,74.20321774494361,6.028786727912628,118.30743824831262,2014.6017860865454,0
MCH-0973,66.73688010348805,1.7694041393128082,104.93195688489878,2137.439120795503,0
MCH-0974,67.7690828339261,5.670472575514777,90.31664136746441,2003.329441345146,0
MCH-0975,60.552296345272346,4.042121262282455,102.48305475735984,2003.0894135114825,0
MCH-0976,67.73846840375461,7.479964455767796,107.52483377074219,2039.4249473675509,0
MCH-0977,57.88060336685522,5.934631021833643,94.11891401075691,2002.0540432047378,0
MCH-0978,62.08048588257138,5.359786618773945,110.892722469311,1914.6387002714723,0
MCH-0979,73.80207328072149,5.729464990025332,103.8203370571601,2056.614368741947,0
MCH-0980,73.92900079325416,3.5023387206849224,76.57521662334653,1899.8525793067404,0
MCH-0981,88.54217904494837,10.873865458846483,102.99671977337927,1979.160417443083,1
MCH-0982,83.2402648128556,11.79155981370391,95.93970845587285,2060.3712874578323,1
MCH-0983,69.7614432192901,5.589370265822325,105.37179814541736,1982.1728785678606,0
MCH-0984,69.98198730454716,7.385605352860458,109.44214840251814,1965.3151753767797,0
MCH-0985,64.20817655403728,4.146277701991199,101.95162047141818,2043.9631952583281,0
MCH-0986,77.51699150883576,3.804329650662529,116.65252233944696,1957.4442606582807,0
MCH-0987,74.38681145287836,5.061387123093384,98.21293115436504,1938.8887140204024,0
MCH-0988,68.89517913085169,5.652411557551848,106.24817823053876,2013.7256993746641,0
MCH-0989,70.13442919497265,4.409019978135319,108.04942573637348,1990.8538350793704,0
MCH-0990,71.04191403973776,5.806652285552726,99.02654031107268,1937.816344290558,0
MCH-0991,59.791325657878545,5.459584223110121,107.78774307977783,2031.8476269997434,0
MCH-0992,68.76411308739702,3.5025398370634173,94.05327012837832,2023.2243802788616,0
MCH-0993,66.59007876001101,5.778189526177582,95.77431580978782,1982.0122491697184,0
MCH-0994,64.99189995052542,6.2952923637822815,86.87511309663688,1985.4333996937526,0
MCH-0995,68.59449853557022,5.257203976385586,102.41409116370048,2023.5196371004579,0
MCH-0996,78.98843263424762,6.7289721548925385,103.25251675854344,2059.518070987603,0
MCH-0997,73.20421430633505,3.173894309754572,111.7926315857923,1985.8603394945337,0
MCH-0998,67.14410505108602,5.701925633197778,107.91140004355884,2032.7344246504072,0
MCH-0999,91.63915687904584,7.835629519564058,97.15204443352567,2028.26001085423,1
MCH-1000,76.99677718293,3.3288779626503686,88.21820312665723,2043.9653646354489,0
MCH-1001,74.62316841456385,4.053603749393315,104.32850402519973,2001.9654599371734,0
MCH-1002,70.29815184960087,3.5869097246386326,111.10753172414641,1954.3837242966822,0
MCH-1003,66.76531611147213,4.178006271888293,107.55184973803944,1976.8750423400015,0
MCH-1004,73.49111656806795,4.6787745339332165,110.84477524857287,2017.1426732890825,0
MCH-1005,71.96742692710875,6.255731729497077,97.88110468801757,2090.9232189190798,0
MCH-1006,88.63531386319593,9.079046311068874,95.33381031824355,1975.7990188401861,0
MCH-1007,73.17585900840984,2.621561439845611,92.63098647768201,2040.23937217637,0
MCH-1008,75.24776357659667,6.7101017697427405,99.44103533386405,1983.597177466162,0
MCH-1009,67.32382394219717,3.7443647995774407,99.21409204031181,2005.5234377943068,0
MCH-1010,76.58697032817163,4.911919359343057,102.06677628539116,2075.7698374631796,0
MCH-1011,70.987998023462,5.6698047604110675,98.70702542964491,2038.2146290710216,0
MCH-1012,80.37630436312632,5.299415627604175,98.66372270273229,1937.9350363629521,0
MCH-1013,66.55406090955216,6.641269321282213,92.23305947027856,1971.3762488094205,0
MCH-1014,78.67981901582624,5.718504715089138,109.41619013551491,2062.811067222068,0
MCH-1015,70.98955391731324,3.7080356304543383,100.76518062243711,2007.0939021314248,0
MCH-1016,66.74290998192775,8.267843260987494,98.25556065714719,1942.5579940192067,0
MCH-1017,67.58057082972839,5.29150019500735,92.52570746750796,1959.052377751314,0
MCH-1018,68.3982634590284,4.778989660067741,86.68086889608914,2035.1746761355587,0
MCH-1019,72.12082973200958,6.445888134583356,113.07964192549343,2049.7205140608817,0
MCH-1020,72.6141774401775,5.374176418895108,105.54638708131807,2000.8927650741086,0
MCH-1021,67.13149998030711,5.59884228940899,83.76082157430034,2123.765690046805,0
MCH-1022,69.87822703869509,8.738275997901031,107.63142300709657,2041.2076181727818,0
MCH-1023,80.71135179305932,4.58731785761743,109.2248117023311,1987.825946518355,0
MCH-1024,78.63771585050355,4.5233586589739065,101.2437612230093,1959.2146975950327,0
MCH-1025,72.18161834837016,5.174867768018696,115.98110895751759,1951.255784768048,0
MCH-1026,70.190017390841,6.607273903371558,102.16719642122882,2016.7710660240184,0
MCH-1027,70.60015663359131,2.7401989547144012,85.8317647205081,1975.5611477543296,0
MCH-1028,73.06758986365209,2.051666162785242,103.65169001048321,2083.6871876991713,0
MCH-1029,64.88603717400797,4.119327094069779,102.44897301712729,2073.315590145893,0
MCH-1030,68.71311731288327,2.549115561411069,93.96703151221845,2031.6533273748614,0
MCH-1031,61.65707963061205,4.362752978711542,105.73558836877424,1941.0501913521553,0
MCH-1032,71.99611561302639,5.753749544193935,83.32334733809138,1966.3890563723799,0
MCH-1033,73.2359796985137,3.6638767046716048,109.9056682744279,2062.783876287055,0
MCH-1034,67.58406768850313,2.8597601348279866,91.21878296394547,1971.8466900102449,0
MCH-1035,77.86993381645016,5.104005742573022,90.15053874882967,2056.1070866959762,0
MCH-1036,63.8711716849883,6.293815226922756,98.86175227692523,2023.730196151738,0
MCH-1037,62.6781255989509,2.457539842225081,104.32972928043635,2002.5858942406594,0
MCH-1038,71.12225909279987,6.230348597458976,101.6392406359343,1964.858359353228,0
MCH-1039,75.23549151306077,6.225959305607489,92.57340834227622,1995.2878078237625,0
MCH-1040,78.41963845728934,6.431127653234942,94.93910708808112,2009.482397743745,0
MCH-1041,67.7055786856553,6.827720322307529,88.66957652622538,2051.626944915056,0
MCH-1042,75.39340416715648,8.303020886989424,97.7532009837013,1955.7132199683122,0
MCH-1043,69.80745765249647,4.465861927071417,110.7502121451091,1986.8591578736941,0
MCH-1044,69.1368635002959,5.164357370116787,99.95737062356123,2002.2411565966142,0
MCH-1045,74.41829968743336,4.375342350127962,108.59414254759453,2033.1339178843082,0
MCH-1046,73.2616143920671,5.002965267133717,114.55401337726192,1954.576783123861,0
MCH-1047,62.11803921507875,7.299310033454468,94.11981480963033,1934.1715103556392,0
MCH-1048,98.12741526356469,5.900037230323561,98.13426746944636,2033.6982575855025,0
MCH-1049,76.90045677073726,3.708425491751637,121.71192861062495,1924.1025442526648,0
MCH-1050,66.87218649245236,7.065771404756842,114.44343411979945,2064.2489857381083,0
MCH-1051,71.97901766718705,6.530054760353135,83.27595474187648,1992.2036951258547,0
MCH-1052,72.4701509314137,4.455302529774383,103.87148316060906,1922.6234458862778,0
MCH-1053,71.30336882911953,6.28160300168108,100.00559992339696,1975.9789890298252,0
MCH-1054,67.2484742307729,5.51182376373805,108.26453110858762,2018.956181653462,0
MCH-1055,66.64188316030975,7.250411913501482,92.55021232514945,1973.364945622251,0
MCH-1056,69.87222964504278,5.111764390740159,91.60391627959328,2001.0014874412175,0
MCH-1057,75.86364509629682,6.5384481708088735,93.23929284706391,2037.0039182852643,0
MCH-1058,72.71800077297216,8.96301786573893,94.28071453801567,1989.890483230619,0
MCH-1059,68.14692833956947,5.8971487325712,108.15324166809015,1953.1471161766933,0
MCH-1060,73.85849355324173,5.0739922486922655,88.1879882685112,1985.0508001314079,0
MCH-1061,55.75728689684962,6.083670477831469,93.77386100040681,2070.742006822963,0
MCH-1062,75.74382850186052,4.452078712694172,82.1098760949856,2084.2532172666592,0
MCH-1063,76.91551868351982,13.652951219078718,110.07117823412374,1899.0036913028862,0
MCH-1064,68.18779529298433,5.270106556543972,112.71030099431141,2054.551395459574,0
MCH-1065,64.40165052686928,4.59060001966173,96.72926569136213,2012.507385801768,0
MCH-1066,63.52659262139547,3.7464664924699456,97.02050635186777,2046.1991339560075,0
MCH-1067,75.8041339368926,6.645830287409657,104.53221902282897,1972.4755869866185,0
MCH-1068,67.66149399344054,6.300781119241608,114.74482007378256,1911.5868245249258,0
MCH-1069,71.73251940865357,4.25396844287886,104.08610747563917,2029.2244394323732,0
MCH-1070,69.76539710560408,5.8646770176836345,93.02458057524885,1952.951136935864,0
MCH-1071,72.3852041361156,2.7371660476807156,83.8117742801356,1930.5853784257574,0
MCH-1072,70.38410945530127,5.2774558626097345,88.84873737336513,1934.0799308763267,0
MCH-1073,63.58503887905715,5.679134528115042,100.73219450312465,2030.0456891207666,0
MCH-1074,74.9813340972357,7.560994714338834,93.44672476799205,2006.9726233014599,0
MCH-1075,67.53121708419344,3.843771795906966,101.94967705990759,2039.1233010937337,0
MCH-1076,62.21709050670125,3.0824710567965132,94.47075983763766,2033.4537627248183,0
MCH-1077,67.85942419517043,3.6568580586124373,89.41853568705588,1978.9533217708117,0
MCH-1078,77.50379895317155,2.99514724952762,88.2296836854693,1996.4763213061271,0
MCH-1079,74.25110871056746,7.004986036638474,115.6235450937323,1974.428123560873,0
MCH-1080,68.2567393279607,7.322958942536054,108.88987749183643,1989.4836113567255,0
MCH-1081,83.41256905253798,9.096948492629172,117.30517951827959,1951.6372631009467,0
MCH-1082,68.39182474391309,6.831942418527722,105.39950900755103,2019.5242146937167,0
MCH-1083,80.3837399178042,5.200937570870353,95.70008591385161,2053.7560374490877,0
MCH-1084,71.90967726115777,4.857332528448851,113.23340922489938,1959.1693485089506,0
MCH-1085,72.15020823595535,4.500443571419358,99.66931998638232,2064.063482270067,0
MCH-1086,75.15141727015921,4.534413512933652,102.20841770290352,2005.6760748238971,0
MCH-1087,84.65548936676353,5.995665643524331,99.57175620924481,2012.0539488202908,0
MCH-1088,68.70478927089648,5.396382145411009,70.53095780715985,1915.028524019624,0
MCH-1089,69.0182507545751,4.939499134678934,116.04735012294853,1909.6368845217132,0
MCH-1090,69.64199370292968,6.118041086116814,104.91003945957753,2007.2058181389841,0
MCH-1091,69.81388881745079,5.140285244657915,103.2982306086851,2039.4866062316005,0
MCH-1092,73.6381477181849,4.755944447646362,99.3822393772944,1966.4309778177524,0
MCH-1093,70.2597294290365,3.693210454988554,101.63427820386131,2083.5046950291544,0
MCH-1094,73.66320038607789,5.108229855232642,94.02721064153752,2036.7467987127159,0
MCH-1095,69.59641709945708,6.107355846224243,106.16579352307271,1954.5829374146008,0
MCH-1096,70.39317595158045,3.2849915133742087,86.92901655600868,2001.5424333526753,0
MCH-1097,60.00899657733946,5.1312106305211085,101.86068432470547,2123.8464566861708,0
MCH-1098,74.5816383735124,5.349564427294226,105.61573470571105,1937.8717998600148,0
MCH-1099,71.73244237948997,3.9229028245726036,98.01330866177096,2026.4134969457552,0
MCH-1100,74.99005054929826,4.118215542638,103.70867792471024,1983.8627723638328,0
MCH-1101,55.518723109031555,5.345916273149322,90.0866560776575,2035.3448145459256,0
MCH-1102,80.44187352390364,3.2998684725610654,90.34173229104036,2063.363682315919,0
MCH-1103,69.30205185922414,5.524885572874089,102.36717121026393,1980.6881455644316,0
MCH-1104,75.54091408368758,3.6569684395112,106.78549654621051,2055.945613585359,0
MCH-1105,64.80047036437234,6.594280539549825,81.2513434449829,2111.060169713598,0
MCH-1106,84.89269361032548,12.694790184425871,105.22020635110766,2003.3137368672117,1
MCH-1107,64.73292218413172,3.7088647974472706,94.56798499623663,2039.2444343747093,0
MCH-1108,66.88115519652098,5.801311793562012,98.07193912692587,1970.4779614898362,0
MCH-1109,93.9299539856385,8.180081263956286,86.60482076434963,2000.9629654515606,1
MCH-1110,69.04658799618326,6.5614312606966845,91.48382759813292,1991.166245364588,0
MCH-1111,71.08716436589862,3.1021123863721773,109.66125325530311,2039.8467962829297,0
MCH-1112,74.35033865344377,5.7208801376415686,100.32863373980213,2060.233796787846,0
MCH-1113,72.47840943986303,3.690516549665971,96.17221598290442,1994.517257544127,0
MCH-1114,70.75209452571788,4.689523116352447,98.83511647368965,2076.6811422866463,0
MCH-1115,71.82480501233113,3.4534620872790396,104.89211824664301,2076.5023720780814,0
MCH-1116,82.01707792619138,6.233525706343631,104.40494496163338,2042.342687158995,0
MCH-1117,87.2112970000271,7.406733205283292,99.24972999603199,1974.1986734139136,0
MCH-1118,71.00549523357483,5.827946388997741,110.92959110896669,1969.4085591630048,0
MCH-1119,75.25327198003806,4.4838529576065005,109.70462636906666,1959.3809322654981,0
MCH-1120,75.52762966478991,4.828291442301706,104.13372029130396,2047.458303511908,0
MCH-1121,75.9351515278019,5.221633861100193,100.54611782910071,1939.4115896255319,0
MCH-1122,73.19365111014592,3.857262992511727,106.57321095119539,2033.8418827055505,0
MCH-1123,64.28497543634758,5.31555067031133,103.14267421801183,1945.9445326087944,0
MCH-1124,78.16715766150548,7.295501846531616,110.60800071805947,2041.1773059920986,0
MCH-1125,64.26827303490656,3.8328578212509283,108.99561376738308,2000.860979136528,0
MCH-1126,71.51317732619516,6.7577152149107675,89.81746098582272,2066.6819280929913,0
MCH-1127,80.74313296086015,11.302685191123343,89.14036829258293,2057.0727289160636,0
MCH-1128,82.44648413741284,9.199205439902169,92.98750455595923,2071.7532706001057,1
MCH-1129,71.6438120515174,2.8174180923641723,109.76138690066921,2073.0409359144555,0
MCH-1130,85.33455629715044,9.189441877331609,84.23691003228754,2007.18154169941,1
MCH-1131,72.10960377117642,4.17888871584969,103.94757389107993,1942.0603466787697,0
MCH-1132,93.31516935423434,9.860892582211779,103.62543091092961,1947.3738472501311,0
MCH-1133,87.91314077024457,9.178942796387648,111.62648058686193,1895.657573534203,1
MCH-1134,68.77921682354676,3.7967008879472313,101.80338690663888,1945.8167083285953,0
MCH-1135,74.82043584144179,3.279260733482433,86.56790609416099,2003.4411828852324,0
MCH-1136,75.9473524446232,6.634857438636246,90.40645039351877,1972.0172909587418,0
MCH-1137,63.861960924315035,4.14322403887372,88.18004478102175,1990.9932197795074,0
MCH-1138,92.52767798222617,8.200797224716045,94.6205603366686,2024.63577097307,1
MCH-1139,73.5058637115545,6.4337041176687215,98.17098432576073,1984.7967370967121,0
MCH-1140,88.30045035978276,7.729084355169059,88.34558473778944,1943.9085599793707,1
MCH-1141,76.8785340665581,4.931106756889759,114.70661990652289,1997.3383166218284,0
MCH-1142,69.24972206483737,4.97514738526622,86.74718628047559,1955.0754756613578,0
MCH-1143,90.40720093186648,8.986879780813103,113.4610342386248,1986.4606751510469,0
MCH-1144,69.13464087858065,5.886116503265489,111.8516303143934,2067.13884822115,0
MCH-1145,70.07789523790734,4.669829403117757,108.98302549689035,1986.4747347951914,0
MCH-1146,64.518624565524,5.095473592244777,93.06233392503249,2088.547877667387,0
MCH-1147,62.799745587028525,4.442331482714767,103.42450879176901,2071.5817993468986,0
MCH-1148,90.15916531710138,6.09195296419752,87.22628866449382,1971.034734571048,0
MCH-1149,65.76519325840836,5.386401286097194,109.10907035033749,1944.4438116792112,0
MCH-1150,65.04303825271846,7.838287641249602,99.2601521846373,1997.3722919039903,0
MCH-1151,59.23304943198143,3.674421288963406,95.90679785413315,2057.6663881698446,0
MCH-1152,66.8051912615525,3.8404554355959455,87.7625515334373,1975.4904546885655,0
MCH-1153,63.384551032962506,3.693908342534388,75.22493881370983,2045.404514913107,0
MCH-1154,78.21007580068185,6.0868876680846835,89.61459142964245,2060.4219994568043,0
MCH-1155,75.04908544671318,5.67272818129466,111.12798195612906,1961.2987174818697,0
MCH-1156,79.85283202261546,8.892041291842176,95.97166571525196,1966.1974455855707,0
MCH-1157,81.26217902672154,3.6229714075415527,98.30671142884952,2035.6331016063502,0
MCH-1158,74.90882743495797,5.1385651874598866,106.55554358288452,2007.5923774820785,0
MCH-1159,68.37584308245688,2.6530668089962934,118.05668878116265,1965.696923672816,0
MCH-1160,57.50297142563213,5.21513985028624,113.25004654945639,1982.3909775940206,0
MCH-1161,81.45471286295371,6.307286579131901,90.27664996183812,1996.474022363629,0
MCH-1162,63.05213766618202,3.1232012950494834,80.57429428562594,1921.757278752227,0
MCH-1163,61.77300626521554,2.7012225847555045,123.59614259100104,2038.2821553241347,0
MCH-1164,75.1128521600482,7.369156837542289,122.68991611659453,1976.0653905530405,0
MCH-1165,82.19876203169636,4.082360540743123,101.88453596429282,1860.814188810095,0
MCH-1166,76.9213640925526,6.703921768915733,87.29511754418178,1998.8064515845274,0
MCH-1167,72.8195456002618,4.769003502203253,109.63226533893939,1962.9214370553245,0
MCH-1168,72.97377170832642,4.757067774588009,98.92016313987389,2084.441109615134,0
MCH-1169,74.26707779390154,5.657619049244968,98.8701887689339,1970.7277489540015,0
MCH-1170,73.79464294893383,3.674001714880339,108.94458843105129,1945.1178318210696,0
MCH-1171,71.40595711984687,5.198745715243469,103.34374746873299,2025.3966334981008,0
MCH-1172,70.52100551975938,4.427765877763861,88.14185088985055,1966.9776315996207,0
MCH-1173,69.6870343605024,3.019259834892453,96.75258064918026,1961.0271899373884,0
MCH-1174,66.23017705566662,5.506223112089598,106.61152928661346,2025.4750691412203,0
MCH-1175,68.59662461566613,4.605038289683126,105.10252222405019,1947.9766346055217,0
MCH-1176,61.535215929023074,4.764462757332939,102.62016574358476,1927.1363170900274,0
MCH-1177,69.50830186602624,3.184758584878763,109.33422954475864,2086.299900104717,0
MCH-1178,65.05704446424541,7.387100551644206,96.38283012182735,2028.9749368800321,0
MCH-1179,64.48205341392115,6.315071279579174,101.78669775219072,1986.7895357502816,0
MCH-1180,70.8994707557674,6.446233826257968,66.244208998224,1999.8261395149032,0
MCH-1181,76.96001143172299,4.541832946337477,95.50349806157186,2025.2932179058078,0
MCH-1182,74.59158303001156,2.4062256657448695,107.63902908575645,2048.666872480671,0
MCH-1183,62.14749698188412,7.929376073734266,96.09605532882857,1962.2012354342494,0
MCH-1184,65.05185931714831,4.908353737991198,95.33772608282888,2018.3073262982841,0
MCH-1185,88.58881492392663,8.51590863146807,89.58547048225182,1974.6647911894881,1
MCH-1186,65.08756303230845,5.6252023617246705,110.03365892729146,1990.5509377743688,0
MCH-1187,68.87683425001488,6.750681182004946,105.48463273540571,2008.0346433732452,0
MCH-1188,72.75026049512276,4.9654241658718,108.25414597823085,1999.6660713473664,0
MCH-1189,65.15827772568183,6.917862751909062,82.7378603804211,2036.7783449151286,0
MCH-1190,70.5268775307298,6.624499907775302,98.39549956734366,2024.3543279557798,0
MCH-1191,79.86762198347466,7.974451298538834,97.19888992249994,1924.5915395313912,0
MCH-1192,80.4387282181008,8.330187588722575,97.19428293401448,1932.1088396467278,0
MCH-1193,71.59890967071269,6.436305744919651,93.83972456282044,1981.5141657620354,0
MCH-1194,62.03503133234165,0.9310811542843433,96.53895728219985,2091.4312631220914,0
MCH-1195,72.20237368980199,4.775816460252517,108.49644782706652,1957.4204083749198,0
MCH-1196,69.9018110053666,2.8537531975629924,80.8714864665217,1989.5888645193625,0
MCH-1197,72.76244977208574,4.285169297849713,117.77294768030454,1973.182698652174,0
MCH-1198,71.11957067032331,4.551769866456194,104.83841125026461,1972.297780795596,0
MCH-1199,76.82070214986922,4.462633433138738,99.57668104339787,2008.9119871952528,0
MCH-1200,70.62612251323954,4.171608121831087,109.06834146372927,2070.0388638097825,0
MCH-1201,85.28459829121454,9.333618143940656,85.48165254831565,2022.7984199940295,1
MCH-1202,70.61148751516141,8.437866900228029,93.35299094848986,1959.8234519286455,0
MCH-1203,72.71649014518194,7.801193006242026,98.78924567609447,2137.66147554016,0
MCH-1204,70.24430035162852,3.2569012696155752,113.65560370432178,2003.9286610480563,0
MCH-1205,86.71691877762176,11.57077050921535,99.53503418873441,1971.1389521808944,1
MCH-1206,80.49230424030945,9.578870004571987,104.50054671185146,2070.6048187338793,0
MCH-1207,66.68549541224526,5.1937812099975655,94.10421004063872,1976.5464691028092,0
MCH-1208,62.98697364100153,4.905089060154626,104.8684206896749,2083.145682749372,0
MCH-1209,78.74788371593469,4.010377038119051,116.77239592974456,1956.4678604516666,0
MCH-1210,63.780683823043574,6.47577851540922,109.95526691674114,2071.5015194460684,0
MCH-1211,66.53547401102047,5.1888297958649865,99.18544012222121,2010.0523832140848,0
MCH-1212,66.40796367215401,4.285172865171138,106.75490847265469,2064.5526116351216,0
MCH-1213,74.47462188472221,3.0431158342992912,105.77516954607212,2095.088285435077,0
MCH-1214,86.90981859236929,8.295986807963626,105.06587671697275,1943.3696354739373,1
MCH-1215,76.23871036336867,2.5379298265968546,111.11953360860409,2063.788591037916,0
MCH-1216,66.63254687878066,5.018335322622754,111.04477703837466,1929.5548047787297,0
MCH-1217,71.39497081111901,3.2050016115734064,98.72841403125116,1947.6407822375886,0
MCH-1218,84.05551423025773,9.816985201698644,106.41879061477769,1959.8295270103781,1
MCH-1219,80.72574563886694,7.055152780415556,96.16905078840206,2025.181831808893,0
MCH-1220,64.06200790485244,6.798949359382378,90.76927603684422,2001.650793846743,0
MCH-1221,71.54910355113513,4.951584658846073,97.30506244296014,1991.6431957918583,0
MCH-1222,73.16888440466049,4.869372910785275,99.23721848260418,2007.311763951118,0
MCH-1223,72.0689954872575,7.819811824131512,83.38419010822008,2029.5644794646737,0
MCH-1224,69.07356170561145,5.781134180538067,108.6033255941672,2033.4124061970676,0
MCH-1225,69.35089650133287,4.508290310185216,72.32674577397603,2054.7083417807567,0
MCH-1226,87.66077871221455,7.18373388119578,127.14816939486322,2091.0017406383718,0
MCH-1227,69.26498999185756,5.5908098272471145,115.0187913379632,1998.9318813779262,0
MCH-1228,74.81939558397455,6.243985658874294,97.38991275827686,1973.9455518934542,0
MCH-1229,81.05261500795676,4.052522713229534,100.09426360563774,2030.6768064592595,0
MCH-1230,67.21254107496082,5.436804132707048,103.02971873587283,1942.787259186769,0
MCH-1231,63.15098510210461,4.454640057627456,94.10839612011058,1966.0647933944194,0
MCH-1232,69.55858975824373,4.723951401201496,101.92619147586936,2049.9690473196397,0
MCH-1233,82.8985466882716,1.268266913656503,98.56000022298339,1993.7935812591147,0
MCH-1234,65.98162716015135,4.667327894425797,99.05727282769034,1939.590377082098,0
MCH-1235,98.0963385244475,9.412674865090558,101.81461063480639,1925.5098467317414,1
MCH-1236,78.3885040703822,4.052896166650163,86.86472201646006,2002.4358339696903,0
MCH-1237,67.23205879146003,5.0787895523229745,100.39569724133648,2057.0948268484003,0
MCH-1238,88.2448020474695,9.407542335740324,101.63447746617477,2056.4272888765595,1
MCH-1239,78.14198311564269,5.540662514439159,101.28849621355914,2005.5440251446419,0
MCH-1240,68.10436129506256,4.67521520369574,97.84169244563846,2100.4454709548063,0
MCH-1241,68.98209819948819,3.59113768897699,111.37857775969371,1994.7589817029768,0
MCH-1242,67.09159543025677,6.998827201497692,96.46347445118448,1993.0716188301294,0
MCH-1243,82.31131172789077,11.51156743519353,102.27325906823191,1871.62820451305,1
MCH-1244,66.75361227466996,4.092639854107738,112.97297533925546,1977.6318525419392,0
MCH-1245,63.880298666188715,5.746682464126666,99.20623859979688,2042.6007517454248,0
MCH-1246,70.17041734129613,5.806118004230571,102.1446326746755,2078.198066842985,0
MCH-1247,79.19467769935778,10.079328595070049,99.03615363685103,1958.4882683166359,0
MCH-1248,71.16892955895374,2.458616156007383,112.37369793563599,2023.1126164646523,0
MCH-1249,62.22052176898186,6.509909811548942,97.42275438413705,2052.3439516161643,0
MCH-1250,71.65440116107229,4.145451555611403,112.83354577288206,2000.560407659795,0
MCH-1251,74.16764480804463,4.463258099838099,98.96412105352935,1885.8359771236385,0
MCH-1252,77.82219691501157,12.84319569387107,91.40540276551982,2012.3644999787125,0
MCH-1253,71.87028284923787,5.452810071081518,106.79373170574121,2038.0715312030447,0
MCH-1254,76.13834496236646,4.420516286829237,96.95332166244344,1952.628855249077,0
MCH-1255,80.01044185090234,4.34939217761432,106.20500899099163,1987.2922734562806,0
MCH-1256,78.36286193418852,7.084646200919533,72.70595615076266,1942.2251978935617,0
MCH-1257,72.09509504683022,2.982185493787096,100.05205261894946,1871.4926225709823,0
MCH-1258,66.47494072120796,3.494841644750745,95.40394701242519,2051.350220589383,0
MCH-1259,69.72115461171147,4.502971551368226,89.36741313468721,1999.8125733099075,0
MCH-1260,72.7916345626086,7.124617687550439,94.467589981602,2079.883749835249,0
MCH-1261,70.38002695706206,6.159859979998639,94.26296855707348,2042.866109595309,0
MCH-1262,72.69377996223184,4.76324373523961,99.52014205149419,1982.2895119167276,0
MCH-1263,65.39663203460317,5.462438095458231,86.32673538715045,1995.8409669947796,0
MCH-1264,70.8468041201804,4.099421460693342,103.16273780259714,2028.3088695385086,0
MCH-1265,62.9314275154751,5.209480534348026,113.66214785205788,2048.3441708377873,0
MCH-1266,69.4438696932565,5.110005117167205,102.80928496947827,2016.1335315371007,0
MCH-1267,81.12604646318874,9.529981928259003,108.08988609229009,2055.2796572644743,0
MCH-1268,66.32235028705117,6.450767183658424,110.94562454613795,1985.1665631662763,0
MCH-1269,76.18046587605218,5.740966073308467,112.36489512184177,1950.1428226607156,0
MCH-1270,75.45655060297135,4.456478663680847,118.70138692821305,1996.7595373219435,0
MCH-1271,73.04569060453588,6.11273344158519,95.0079800172407,2010.259244536809,0
MCH-1272,64.5384361766371,4.86204730069543,92.81516014838884,1939.9232302630357,0
MCH-1273,68.41795775152599,3.3771284469303007,107.83465648324734,1933.1638957926689,0
MCH-1274,76.06548849989592,4.395068312133592,107.08266219657399,2022.3693148236714,0
MCH-1275,70.70858456819953,5.126790475676486,107.75675299615689,1979.6821574314788,0
MCH-1276,81.59664769990847,6.365323675497118,118.89282454250252,1991.7079547168998,0
MCH-1277,71.96658919697185,4.72470774176427,100.11369908798494,1982.0153667149589,0
MCH-1278,85.95284203451362,5.6799870622340825,104.26156559646185,2076.0300450881605,0
MCH-1279,68.4544176789875,5.085112524945229,90.19611748516525,2063.08805801975,0
MCH-1280,70.66770452391141,5.170184060084829,121.35321123975957,1938.1323154980416,0
MCH-1281,69.23765081809728,5.27875644335413,96.63455078790889,1973.3603393459775,0
MCH-1282,73.54054338344295,6.379807273931645,96.9178407183917,2042.5002133984797,0
MCH-1283,74.78351158397292,6.528384860134848,96.53250108991757,2030.096811855162,0
MCH-1284,66.07005269746026,4.1086836914275,93.55104141355662,1997.9271018835107,0
MCH-1285,63.343835232211106,4.075784812926585,92.70562951152351,1943.1199897517881,0
MCH-1286,75.50500494014621,6.75723316454968,94.76295717110474,1965.8729976923228,0
MCH-1287,72.53995663456271,6.048223505420714,86.34204071949056,1974.1616216226855,0
MCH-1288,64.48316696913064,7.173230162506574,92.14682079736761,2013.849716555955,0
MCH-1289,59.23554703523759,4.527377108136615,119.4896311144762,2085.1863577348618,0
MCH-1290,71.94289302265481,4.63785415291251,107.35655143641368,1965.6559882605936,0
MCH-1291,97.1966791160823,8.697366359413694,109.25904176727718,1948.698237622238,1
MCH-1292,69.96964544230053,5.758336779822511,111.77208787416915,1994.5706761586027,0
MCH-1293,90.03588363033289,8.664773153472439,118.34134564362391,2051.586949025703,1
MCH-1294,70.40914679273783,3.2136252410394097,82.28577448556156,1927.6558516619648,0
MCH-1295,69.50555173404429,6.018092103919129,87.7011688471346,2072.6817075437475,0
MCH-1296,74.59538241493884,3.6062954892353627,91.96276339105314,1991.3984318942166,0
MCH-1297,68.54862727905675,3.2989697210975626,95.30270203510402,1963.2839998843313,0
MCH-1298,71.33696157035952,4.479842634849931,96.9943060941475,1919.990535661892,0
MCH-1299,71.60848903098007,4.121310914826965,95.53022447193959,2035.3260386710313,0
MCH-1300,66.65954773178476,4.667600458422441,102.19308913132053,1991.4414402379232,0
MCH-1301,74.96021174768262,2.838527548212622,100.35295390745216,2008.5352741377253,0
MCH-1302,78.81287794874979,11.446976531385552,92.7716520482175,1954.959412949432,0
MCH-1303,66.22127420253578,6.691529441774644,78.2445122301243,1984.0451982874488,0
MCH-1304,72.68254921785201,2.0789862887887787,90.07131294621301,1975.670937682263,0
MCH-1305,65.50766009104481,6.4676867084998255,94.50761346687425,1994.9703447310897,0
MCH-1306,70.14090578684564,3.7842070552675606,97.5292056319228,1966.5223836812095,0
MCH-1307,69.95440501677898,6.285463305474179,88.70332540689463,1923.290951965639,0
MCH-1308,75.42947782915789,4.897330261000376,95.0919353350358,2136.42498726483,0
MCH-1309,72.37349116439977,5.0431633461214975,88.69012611514414,1931.8297876331244,0
MCH-1310,69.87486520627428,4.722353525868172,98.74180648451667,2009.072950347127,0
MCH-1311,74.08883149600143,6.818193806350229,89.26908671637385,1911.3986085787978,0
MCH-1312,76.95103774508657,3.1406179812124577,91.51095343629535,1900.1476281691012,0
MCH-1313,72.78905153175931,5.911760508102513,86.91315869010862,2004.8913245926133,0
MCH-1314,70.0517630992169,6.651995247334326,98.46499304430216,2008.718379388415,0
MCH-1315,77.9145334927051,9.656139844740911,91.33552230047601,2063.074949540119,0
MCH-1316,64.67443168462313,8.487048371485127,109.06784266675429,2019.9773420507852,0
MCH-1317,87.16288745739593,7.793879614212994,104.05850266692899,1992.5094640627105,1
MCH-1318,66.95243898920359,6.435957233890297,99.30148131816357,1952.5199877967498,0
MCH-1319,84.60220622776133,8.076156317399906,92.02514502656211,2074.9506034116775,1
MCH-1320,70.28324962448553,6.850109114529005,103.80520305316303,2046.4425623025113,0
MCH-1321,72.64846377178365,4.988466506417946,106.90700889348636,1937.6835261125789,0
MCH-1322,69.64750610970454,4.418186327206295,101.4268841220163,2001.8981864105317,0
MCH-1323,84.56955949568406,11.924884042929499,116.0370185546693,2007.202611576325,1
MCH-1324,70.3223720740506,4.262657091471605,104.59637318074816,1982.7173171697166,0
MCH-1325,60.12266716823064,2.880911361649166,109.13607217568034,2038.5925242903397,0
MCH-1326,81.59695170141114,8.358322918804515,101.33565415535978,2041.5866569174088,0
MCH-1327,69.27956222139193,5.928549419882799,106.75664453256977,1990.4757151097447,0
MCH-1328,80.62933929403692,12.005617937833659,92.03218767330824,1985.9565377101171,0
MCH-1329,72.99964364998102,5.166694062944768,95.41601636787206,2074.9479231333767,0
MCH-1330,77.65375416171848,6.977295600851038,103.4936355348238,2046.641944618112,0
MCH-1331,76.09380925848659,2.96273761778361,103.42099481557382,2003.6180194954193,0
MCH-1332,68.93278564534896,4.335104802773145,105.07611822943248,1918.5395480459974,0
MCH-1333,77.45363068424976,4.567137324268848,111.0039289227873,2017.2000053152517,0
MCH-1334,81.97004841032538,9.924474771041885,85.75028828184588,2034.9041732458834,0
MCH-1335,68.3145701444098,5.126141582375295,90.25547452389704,1862.2739185800813,0
MCH-1336,66.93298668229531,6.036366436088289,102.29572641074253,2012.5934724159013,0
MCH-1337,68.48765156755935,4.332789742744264,92.7563636819654,1979.1654006602132,0
MCH-1338,86.87051448955327,8.177791062919418,133.77768241289363,1988.9572859935224,1
MCH-1339,70.85208111187744,4.932315664513922,105.15719619170136,1954.630952361834,0
MCH-1340,70.80286990524932,3.6111651441632753,99.21669151069842,1992.5905354798178,0
MCH-1341,70.01523010076707,4.829499966377847,94.84530726916141,2069.5995788090668,0
MCH-1342,87.36689922547566,8.01696420392417,95.19837716806956,1977.6800750592242,1
MCH-1343,89.3252486770095,8.344042471849747,100.30140661315177,2048.2786779396592,1
MCH-1344,74.74777067720662,5.047639184872176,101.11981932621258,1959.6834390560196,0
MCH-1345,62.575510157750486,5.113510310920079,95.43300855306487,2037.9378096328019,0
MCH-1346,57.230394325490224,4.3515572313390045,97.26847753480098,2000.0827927810976,0
MCH-1347,74.67159955619637,6.909072100956897,113.44284575234596,2017.601241439464,0
MCH-1348,63.165606507922895,3.245779056195475,113.84504962651035,2000.3576628048743,0
MCH-1349,68.87617299053659,3.9185448372951557,102.52033979934878,2032.0812616220605,0
MCH-1350,83.55707518888417,13.947454103601231,86.58740272763262,1871.620744103312,1
MCH-1351,60.990097812099904,3.443012967516155,105.38503156639044,1929.0087343271216,0
MCH-1352,72.70731364102394,2.969367987935362,115.54282441611026,2020.8540249004323,0
MCH-1353,73.79577580151323,6.1017151175018265,113.69781101962379,1897.823082305188,0
MCH-1354,67.11744799636641,1.8843202193391893,107.34425852809667,1973.4709822176396,0
MCH-1355,57.04478853927545,4.647089135041342,114.22422955285822,1997.2829579481675,0
MCH-1356,67.26877775873758,8.218737387614732,100.53384272479022,1958.5929931193552,0
MCH-1357,71.95902002701273,2.6825961167698993,106.28102969833705,1965.4219298653113,0
MCH-1358,62.60544215612936,2.02705327139193,93.1922443367482,2013.5791100076797,0
MCH-1359,70.91679959889578,2.751228197063453,102.92265456155712,2050.4647477889903,0
MCH-1360,69.92345075413502,6.347539352520478,113.29534243970525,1952.0775309372596,0
MCH-1361,72.89645749800545,6.687165079978719,94.10576588513109,1971.2470901906315,0
MCH-1362,70.59790184207077,4.2311168045322365,91.38556570535714,1963.4369513336478,0
MCH-1363,65.13465529559222,6.024818606001603,100.97488939023697,1878.931012406136,0
MCH-1364,75.98285750832245,7.085382991267984,97.73337796276,2007.0855895158754,0
MCH-1365,69.20735213486515,7.681019621644738,106.4914772107042,2046.7358872914247,0
MCH-1366,69.86347730245033,4.630497078230228,95.46740474052957,2050.832160365794,0
MCH-1367,65.33366020463401,1.5477924234950198,117.18439615602713,1956.461681177963,0
MCH-1368,83.42392697201004,9.52187617489745,87.10323902038944,1937.4150975739929,1
MCH-1369,65.5759864298655,4.359793707597113,112.53734786219735,2001.0802773795842,0
MCH-1370,69.13526970038288,4.611591805132414,92.35150771691897,2041.4636843283233,0
MCH-1371,78.55854240071172,4.71821089848692,82.04017265415976,2007.7425224155193,0
MCH-1372,63.140494285343216,6.678341896896004,102.37875156348868,2014.465231793688,0
MCH-1373,61.932193010616295,6.911642640031372,97.45392013986117,2057.091546386812,0
MCH-1374,77.35585163746805,4.742489519112825,88.9039063209697,1963.043172038465,0
MCH-1375,68.95338161424067,6.647727314077728,83.18623108284736,1989.0014956663485,0
MCH-1376,66.65463630670041,5.536492049946634,99.91639212728543,2081.73027558806,0
MCH-1377,75.19952343698039,5.096758959293858,109.75836891623818,1990.1594438451186,0
MCH-1378,66.97192230131569,6.359816235664946,105.84953493086444,1936.6331517016715,0
MCH-1379,79.13004856773468,5.1083780723568735,100.56706648839265,1966.5321951874853,0
MCH-1380,73.38962935669635,8.086716765646644,104.78847573217735,1953.0910074389378,0
MCH-1381,67.56044295927148,2.842383249808161,99.72785867622143,2017.8581292850636,0
MCH-1382,80.78654106632752,4.227243651361974,85.70275756969629,1955.202649820561,0
MCH-1383,66.9714253849833,4.810221654569075,85.79106014776556,2013.5517126430623,0
MCH-1384,73.71047686004654,5.659179035686986,97.96831471015321,1963.1967390729676,0
MCH-1385,86.91630507600401,10.571691208325232,98.39346713633925,1893.8310730800886,1
MCH-1386,76.50870644699398,4.963402149145765,108.50982678506765,2015.3309893490962,0
MCH-1387,77.80755598363426,2.866655525740689,107.57304223774747,2007.4231840773446,0
MCH-1388,70.16002074532884,6.263770844682506,106.05133015758949,2025.887890785442,0
MCH-1389,78.50165762575992,8.58243897071694,97.1971728692282,1966.3506390417372,0
MCH-1390,72.29986071469558,2.087212010930891,86.19347829889861,1961.0227762320312,0
MCH-1391,78.76531854724996,7.305392130930072,104.12071137066025,2020.0733429240772,0
MCH-1392,102.83587528263975,7.6556788978909935,105.25169313262168,2075.950978626549,0
MCH-1393,70.68267665541369,4.003023353746906,76.11468537522313,2000.5584004753164,0
MCH-1394,78.34130935868771,8.031998164218303,91.65661813417337,2021.2292548023572,0
MCH-1395,70.92340152932454,6.213897047362979,93.08945622606105,1983.9206157787146,0
MCH-1396,63.26436855235152,5.175245261258276,101.18350201123437,1922.8184739063158,0
MCH-1397,65.14192980744674,3.0716134988659585,91.96639567234305,2048.371470957703,0
MCH-1398,76.00206953972213,6.320098944436014,99.6186543117536,2045.420711954308,0
MCH-1399,66.71552860514302,2.8492912641073787,97.89465059647009,2035.5387012587596,0
MCH-1400,64.7654450865903,5.495170685706415,98.40850528462272,1990.902728082879,0
MCH-1401,72.68326376263643,3.7789839960626663,92.83605706299254,2029.8528049869271,0
MCH-1402,75.92852077331499,4.45148437620422,93.61014945933323,2044.6880898693914,0
MCH-1403,73.59476655332533,5.756406122057576,89.19732940219308,2081.0079342478352,0
MCH-1404,74.98023842902909,5.7821740985892935,103.80067440573832,2049.426305232372,0
MCH-1405,66.21602455715269,7.005453610333941,105.71102628591368,2003.191061251682,0
MCH-1406,78.33658924942466,7.654883080800311,92.29382049874661,1934.5873372287815,0
MCH-1407,77.50666825977743,5.459676294445011,115.20640096017044,2007.782914883587,0
MCH-1408,68.38660080578933,4.343394016393513,96.85398552557952,2012.8288697924654,0
MCH-1409,68.74583491772476,5.2729848239341965,115.30185623796561,2035.4514887659152,0
MCH-1410,76.6409707092453,5.659229072012767,93.57872826168396,2067.694592966171,0
MCH-1411,72.7811500470033,4.852535228818436,79.73422223400564,1995.242474397161,0
MCH-1412,72.27943886040804,2.294374273861256,104.0219782491235,2105.0493594906557,0
MCH-1413,80.82501172450542,5.497206344496343,102.48545105118987,1912.035648997971,0
MCH-1414,66.78240884809928,5.546842216033186,100.34393795307584,2020.9670936230812,0
MCH-1415,74.63920064040619,3.9797397854780736,93.5776752155601,1960.0739803907986,0
MCH-1416,70.28506562448543,3.0734194458912287,99.65427774514181,1904.6389000155598,0
MCH-1417,71.34296139431629,7.213818725755948,94.88740542130472,1989.911281185042,0
MCH-1418,77.64234213206265,5.7371682663416035,96.9765043366825,1927.1413650789523,0
MCH-1419,72.53917878144811,4.656378453617435,108.41632255765074,1991.9286050983592,0
MCH-1420,72.69148039524816,3.294450675278769,101.84217229530094,2001.738462404723,0
MCH-1421,75.362536686549,3.767277757367981,106.09951387331978,2055.9270704667974,0
MCH-1422,68.17523635228558,6.953885595179347,97.6813149337421,1924.6207432618032,0
MCH-1423,65.80395166330497,5.206492911302069,96.57982654195224,2045.4222582822886,0
MCH-1424,80.29091533980153,10.028143199937542,88.46517469111356,2004.9040225139897,0
MCH-1425,77.67963206627435,11.373747991470983,96.29963387431803,2051.44245768048,0
MCH-1426,80.28103564970161,3.7784027188305145,66.78885444410861,1978.4124412484437,0
MCH-1427,78.98157011659845,11.121208408983424,94.09778033694366,1933.3877706618277,0
MCH-1428,68.89373188207114,7.029200802345088,99.18125822809161,1939.1250336892067,0
MCH-1429,68.6159335005554,4.300138893195835,105.63673654270156,1935.4096273166442,0
MCH-1430,71.5370334890455,4.056994629453709,97.31322122475044,2023.8907076460328,0
MCH-1431,74.07868606269648,1.0728002019615803,103.47673542244999,2073.846101110735,0
MCH-1432,74.30236744179872,2.777628842672948,78.20211338609755,1971.7524236672389,0
MCH-1433,67.08461280715531,2.9907953375633656,99.43163147793051,2031.4567649128892,0
MCH-1434,69.16439143106794,5.202785511481078,83.20497207086596,1923.827897093219,0
MCH-1435,71.4128997524415,4.510649443337961,87.91696484340667,2009.016062458865,0
MCH-1436,81.88104700421515,6.702157693034199,98.12834452136138,2033.4281308168563,0
MCH-1437,78.03672788009996,4.578253936303164,112.76263987873554,1927.5937612361565,0
MCH-1438,72.45487475819125,5.758005721471022,103.71206763470059,1989.8058265510074,0
MCH-1439,73.67438893024908,5.791759024873381,100.18230997137117,2035.7958570242783,0
MCH-1440,73.31440634333707,2.1504945787116783,99.80469610532897,1853.3114676385262,0
MCH-1441,75.86736928742663,4.807604779274254,92.86371106795532,2066.7726530850873,0
MCH-1442,70.90510779351854,2.9249888345425843,94.56016586627317,2017.6839687945524,0
MCH-1443,63.51584026022077,6.352593045710411,104.27376045470797,2035.8363823858672,0
MCH-1444,71.99843975876321,6.176219624530248,86.14639481555506,1979.3640360402617,0
MCH-1445,66.74321553104086,3.6529591605133125,105.93054050283021,1913.8638759217322,0
MCH-1446,83.42792986714991,6.487396332671367,96.11492932881147,2026.7031478158476,0
MCH-1447,72.93182009377547,4.308099424252539,108.25557074869565,1995.8704837291743,0
MCH-1448,76.19141535716818,1.6208099079029914,109.61093457232083,2001.605772771616,0
MCH-1449,70.1063578836803,5.503952260160865,83.2691598749426,2054.3803492599477,0
MCH-1450,71.54416506299482,4.590733180489804,94.18419236772782,2038.10319369313,0
MCH-1451,78.5110747231762,6.455262623851789,91.44472312059376,2096.0618708544807,0
MCH-1452,71.20376589744284,3.3523861730561713,81.87272034926858,2007.6927114436749,0
MCH-1453,83.00841557090197,4.071315577625103,89.6746672379059,1965.439378110444,0
MCH-1454,72.82754822815772,2.740212112941327,124.4125584526534,1990.5791576545637,0
MCH-1455,61.19618620422091,3.4935641547586203,106.0950989621244,2020.7831686269303,0
MCH-1456,73.76670810552267,3.2270270058976713,119.17287968605754,2050.792825949649,0
MCH-1457,71.90579192441389,6.4939605182696685,108.29098440018336,1926.648302428064,0
MCH-1458,76.44876377041373,3.9526072268729115,92.58156838991525,2000.4268807589585,0
MCH-1459,73.36590675634979,5.18626352711692,96.18228803325957,2080.4770828519186,0
MCH-1460,69.30772008008113,4.428854894207293,105.88436180240308,1987.989556449874,0
MCH-1461,63.87850881855317,3.0958021009807806,104.37506203473036,2046.5505927434551,0
MCH-1462,68.95488371356987,4.747549365242536,94.22657984291666,2024.6558763608002,0
MCH-1463,65.7473977289535,5.898654997795392,84.90006829420793,2047.793030326249,0
MCH-1464,79.75445687244351,6.313151710406226,132.8776118738874,1959.5119729200035,0
MCH-1465,72.94289202210305,6.213669186097068,98.58850327657194,1959.729916496721,0
MCH-1466,78.34952252175702,3.725418617783456,96.7426110681738,2001.0135946061143,0
MCH-1467,71.9733576491149,4.275524110890739,101.13334463905302,1923.3889106379845,0
MCH-1468,64.02058468982408,5.796024684515071,97.57271410688972,1986.512969669417,0
MCH-1469,87.84710933174603,5.545890144445068,101.22728907705483,2012.6438328757833,0
MCH-1470,75.98315743322826,5.056362289003799,112.8694728611642,2089.2317803474884,0
MCH-1471,66.95108547840309,4.5279637568178615,98.75451520313577,2020.135909463491,0
MCH-1472,69.3299141666354,5.194052010055728,88.37289560672238,2031.2614235436552,0
MCH-1473,70.07344097364599,1.4288913417147544,98.38356205521389,2058.2237923525004,0
MCH-1474,66.0755084345888,2.2554772771878757,95.3559821859009,1951.7671205552472,0
MCH-1475,73.2414021692193,5.9239505090702576,114.23898937246851,1991.7458668814506,0
MCH-1476,84.17151856665055,9.943037933458818,111.7111906473757,2121.2706295901944,1
MCH-1477,86.53782255434932,6.783046553039592,101.07525000430799,1996.0438888807746,0
MCH-1478,65.5625391109895,4.633957471743298,87.21264145180743,2055.82153743911,0
MCH-1479,84.63634949774223,8.248487315319435,87.74107736560055,2048.1868938586554,0
MCH-1480,93.81355620427468,11.31720044100128,100.15123261584553,1926.0943142806154,1
MCH-1481,68.13583423954117,1.9584840924937268,103.3632296932128,2015.5239638502967,0
MCH-1482,78.63481925616702,3.6709396295324344,96.25377180673945,2007.3373736102612,0
MCH-1483,68.00181907192699,4.501130930225187,95.19830415792765,2016.4979393920216,0
MCH-1484,88.6641803053229,9.744796280607154,94.07200766821353,1962.294376010447,0
MCH-1485,85.9825572015464,11.222585254898377,99.76606039756054,1944.154024404392,1
MCH-1486,62.90817133533484,4.657991409785423,76.17237647926935,1976.1994999989574,0
MCH-1487,61.19595594009612,2.8895338068440166,88.98673371230291,1995.11025014579,0
MCH-1488,62.371718427149524,5.603402115801947,93.7294915455265,2059.249222380016,0
MCH-1489,76.31292051713591,6.981493684311065,112.0750319495192,2090.8655409862804,0
MCH-1490,67.24070927053776,5.162021181469251,91.8618635807107,2069.829892311159,0
MCH-1491,82.79099642834126,3.640027182268561,101.80468141831207,2043.009260539092,0
MCH-1492,67.17876200671306,6.436990912220029,102.26542750930996,1949.7829868850206,0
MCH-1493,70.92275651598518,5.995318427747653,112.97916505660763,1979.5551912505252,0
MCH-1494,77.71054976283938,3.460878733706563,112.6257740696415,2010.4963026206499,0
MCH-1495,80.03046444079561,5.572138426301513,99.42497031205083,1968.3780480961912,0
MCH-1496,80.30751788318199,6.495898351488309,95.24515258810557,2028.8602826263975,0
MCH-1497,76.04183115296571,6.7728350638383406,93.3616689717431,2036.0243054127143,0
MCH-1498,75.12031262905731,4.900326537035816,97.5893677753422,2026.8145031282734,0
MCH-1499,72.96263474600592,4.462880830731022,95.659666456764,2051.256730227879,0
MCH-1500,73.89180538083319,6.840910733121894,105.53627409358232,1954.7704393143463,0
MCH-1501,67.24407141835734,3.1847592455286726,104.20309817485204,2046.64143520461,0
MCH-1502,65.90900558288847,5.657868936381508,105.91801191145015,1965.2177274939902,0
MCH-1503,69.98312771294523,2.944960058953356,112.59283711436169,1952.9532023678557,0
MCH-1504,69.14907688737536,6.598064408389404,118.62869121400178,2026.605806709319,0
MCH-1505,67.73385975336362,4.612931726583258,101.24663393407558,2060.793678109949,0
MCH-1506,73.48193723728357,6.902874853471204,110.99463771395654,2024.4006743188004,0
MCH-1507,74.77652604285255,5.73711913453329,96.48339816165785,2001.0402011886272,0
MCH-1508,70.44203443145923,3.165169654907105,111.85006983583015,2015.5076913050752,0
MCH-1509,77.3876504052763,7.136941598115865,110.61509157175844,2006.821345903364,0
MCH-1510,64.29155442933248,7.326867899641594,110.08415969942992,1943.7024551932302,0
MCH-1511,69.03170270360141,6.323429738898824,100.94069841191524,1937.8689927527541,0
MCH-1512,66.41588839698598,3.8576182024456704,93.3164183600911,1996.0587060263272,0
MCH-1513,60.667316914634696,4.540979068463887,86.05471562134524,2003.9928417884653,0
MCH-1514,69.5865965707865,5.218140826108639,99.599627924789,2000.5666189183867,0
MCH-1515,82.77143671392557,7.971698908637324,115.33012542249183,2033.8050806824956,1
MCH-1516,77.56724871621066,7.538519858694807,96.90155098635927,1989.226164191783,0
MCH-1517,73.15405842277389,5.216489707589055,107.85126585460054,2028.1489590952428,0
MCH-1518,64.87906587835397,0.9449779293389646,108.43951400518931,1992.7706616336777,0
MCH-1519,95.32661736452641,7.542394786420975,97.16313779072827,2091.167948101823,0
MCH-1520,89.28399002312253,9.05351312309073,113.1634483751952,2004.0356863363224,1
MCH-1521,72.91048851734308,4.887610165822328,70.91339255519496,2117.036130576284,0
MCH-1522,68.86757950575084,4.44707095132145,87.77249721261825,2017.6005795545432,0
MCH-1523,65.2028038163826,6.210569624910031,90.8436770364154,1989.3161414705892,0
MCH-1524,68.13896611964473,6.679531667830072,91.8028497713261,1955.0276011870162,0
MCH-1525,88.73912637589645,8.500877487900105,103.36262951185896,1927.8555712971154,1
MCH-1526,79.42293152967305,4.491033219292762,102.90037803053902,1950.4278857801921,0
MCH-1527,77.71621764136094,4.9379941927862445,103.93990572175008,1956.0196845418004,0
MCH-1528,67.55575289106864,5.029399424866442,105.96081494132487,2019.7410010206088,0
MCH-1529,64.40191283355495,3.796354940202745,90.4989543085435,1973.6917314469906,0
MCH-1530,81.52875304426993,9.390499138840054,87.8182393319268,2009.3463526277249,0
MCH-1531,61.157803172185744,5.6900634857906995,103.96319682007864,2064.0989181188343,0
MCH-1532,71.61583857092391,7.31066185966501,93.6976792635356,1995.6095824182573,0
MCH-1533,69.26198706850666,6.883024670432713,84.29524954632029,2103.95783492334,0
MCH-1534,83.01714022882541,7.087870715940131,109.71344284541482,1941.2094509830401,0
MCH-1535,62.026484663666025,6.230447561763447,113.95101906502298,1992.4708225812535,0
MCH-1536,72.56800053284859,3.5735699253582927,115.57160889698659,1973.034353819451,0
MCH-1537,67.33649580169045,6.043898151411275,101.8700772147472,2046.8253303028505,0
MCH-1538,64.15041582144856,4.225078701859839,106.25932095972902,1888.010418481694,0
MCH-1539,55.63868893359175,3.4651201649366232,113.69868223361911,1927.8442355411094,0
MCH-1540,69.86242547474681,5.420068014046107,93.58584209976566,1994.6326588774518,0
MCH-1541,78.86125798334872,0.9881493077687891,111.10677684054092,2077.5688860504747,0
MCH-1542,78.30629607273934,2.373536638392158,102.75396234143209,2011.2920917018653,0
MCH-1543,67.71451871706864,4.733762174338575,109.1371165234259,1932.4226272867884,0
MCH-1544,66.9889396981911,5.123662649952264,101.86093020875936,1940.1416703654886,0
MCH-1545,72.34387128037511,4.446021844762717,112.96256709748002,2083.6494851422476,0
MCH-1546,65.00807280405854,2.630845551923602,102.23523762541537,1968.9432600601879,0
MCH-1547,71.50895949909733,3.773162236792242,85.16020940532583,1952.8518313775119,0
MCH-1548,73.83040139192344,5.586813990856091,114.51926632314722,2073.868628031543,0
MCH-1549,76.13466611942154,5.8726726559425435,90.52469259027887,2050.5548502793495,0
MCH-1550,69.49922961760024,4.975665323606088,112.53058210243914,2063.7029821633396,0
MCH-1551,68.98163124911517,6.735250671555484,99.09757118559678,1952.4979059867092,0
MCH-1552,65.61008706621719,5.5960955351888515,111.76010985197706,1923.744717949282,0
MCH-1553,65.8655982298007,3.8788165190626818,111.34768614866765,2006.6583244681353,0
MCH-1554,68.86760554049236,4.579246919882574,104.30142974315372,2016.7563066536832,0
MCH-1555,71.8368275340809,2.895700764188218,105.08535317627131,2018.2300901852416,0
MCH-1556,74.56792313116625,4.837791514412875,104.22628617192566,2073.90919678195,0
MCH-1557,65.98410524659828,6.6681509288320076,79.86175243718922,1913.3116454995875,0
MCH-1558,77.46344284479761,6.027935127066452,101.18330218898203,2042.9847525648884,0
MCH-1559,68.64438199478715,7.103013988878683,88.83935823928105,1945.1687477926341,0
MCH-1560,86.40141722025137,6.254690695927085,101.71187143745662,2042.786766043042,0
MCH-1561,66.26394160426088,7.0191496917713865,88.57057453616784,1976.252164773931,0
MCH-1562,57.87879869863529,4.710043660328045,88.15048058773925,1959.3014102054744,0
MCH-1563,74.42022698180524,7.207377623854841,116.04934501753903,1969.50486465254,0
MCH-1564,73.68421948546217,4.967214878836814,110.69447388124189,1927.7194899611718,0
MCH-1565,79.31826469369791,8.61405640687655,99.95857415055846,2002.0214469916734,0
MCH-1566,70.33495358612436,7.2126685464647835,101.84768650249023,1961.3663304669772,0
MCH-1567,72.57969608852049,4.709858557128191,97.5208397425699,2039.314911545014,0
MCH-1568,62.18727071556729,5.327583481316261,105.69876375979523,2032.0028040516459,0
MCH-1569,67.35473661326853,6.933295137809454,93.23945633451196,2084.4078526451394,0
MCH-1570,73.97132339810913,4.800495254104905,109.93740262867958,2018.3163741770538,0
MCH-1571,63.72855288415376,3.0186615762407585,97.46913158985889,2026.0338883540037,0
MCH-1572,71.46778966083315,8.214510581877365,95.80153004168771,2070.0049905913907,0
MCH-1573,63.21709097688297,4.295353303494295,100.21713018484843,1968.6168651986652,0
MCH-1574,72.33214991216764,5.238134076406315,94.0885317007439,1925.5870893588483,0
MCH-1575,69.82179258851258,6.734010004176691,103.28682349496484,2010.0047029564196,0
MCH-1576,61.92434092047245,4.087259144403197,94.626374106866,1928.8683265392797,0
MCH-1577,75.82369677228586,3.4881981301668046,104.68523602818836,2122.6969336462694,0
MCH-1578,66.32704211600975,5.38060594516225,112.16006538911476,2072.7749146039473,0
MCH-1579,65.9487378149281,2.3103854031314155,92.80678313191827,2108.198816665079,0
MCH-1580,71.00284598615471,4.56814088469812,98.69424542704829,2003.1223488331564,0
MCH-1581,75.74318674714358,5.367557996473109,104.61330713035422,2027.5286796850799,0
MCH-1582,74.9506755426745,9.228740096010812,95.64142645018593,1977.026228402368,0
MCH-1583,70.30839924923986,2.6848235852213795,104.64320560826665,2044.1462402793377,0
MCH-1584,72.14408250165286,7.391266934306018,105.5539886065174,1939.2228393974472,0
MCH-1585,73.46552803631572,5.155307230923763,110.83261776294304,1872.845340526261,0
MCH-1586,70.88220777638612,7.146728176642611,93.94009953915088,1960.4644690255716,0
MCH-1587,68.16486080458338,4.609945624729333,90.57224759769525,1927.2263262191343,0
MCH-1588,65.8620488967564,3.679982027463854,96.92422610436256,2073.8963368079767,0
MCH-1589,70.43071941523188,5.403771380382739,90.322476604529,2090.7838727540156,0
MCH-1590,64.63930494007197,4.676319310507671,105.64498204047497,1929.8535463793444,0
MCH-1591,55.39324758252697,3.233357813012963,88.38248699823589,2064.585780376062,0
MCH-1592,72.18279902078834,7.204676388181244,123.33016418252689,2047.5692491750385,0
MCH-1593,74.51967420543097,4.0665946656590055,112.9592786157375,1921.5111657640562,0
MCH-1594,58.185337822290805,2.2396004228066473,100.12575769600315,1980.486623453419,0
MCH-1595,64.95134647645031,6.992249080935999,108.67394492997975,1970.991813893774,0
MCH-1596,82.68325334124184,7.032837176703611,83.63198135689208,2037.39976993136,0
MCH-1597,80.2874773485585,4.088264161076563,125.23373331399557,1938.5610324547492,0
MCH-1598,70.10396853837705,2.3519186194550388,94.0978538779951,1995.0563687170259,0
MCH-1599,66.35998529385432,7.611412229895486,98.79502586100641,1965.703274802519,0
MCH-1600,69.0855177944758,3.0657791191854686,81.44066712811563,2023.667059169257,0
MCH-1601,90.4033967627131,8.97167549489789,104.86287304740895,1989.1603984156036,1
MCH-1602,66.77017910437732,6.368930483810661,88.93655842922891,1973.2377148029802,0
MCH-1603,66.00403996674873,5.6325753995046455,101.01655761566029,1989.335171218396,0
MCH-1604,67.58628238908983,4.910518532011713,94.55725567075461,2101.8021416420056,0
MCH-1605,65.23335695870644,2.4475012125688758,89.22256065069656,1979.1550181940306,0
MCH-1606,70.61335157997398,3.785412746349074,91.95638498237383,1947.9497390858107,0
MCH-1607,78.1233922923478,5.281700507063783,102.25788034085521,2029.1716784577982,0
MCH-1608,71.61539636558014,3.8192388950195055,87.18509027131175,1992.8237665288523,0
MCH-1609,68.73823248936856,5.305039189998151,92.51188328976423,1929.2383034566765,0
MCH-1610,68.54094365542228,6.022615113222713,106.63273381264477,2111.574816760123,0
MCH-1611,76.48960274780343,10.5113546249326,126.02479874874314,1982.3760527206675,0
MCH-1612,74.4155488857358,3.160730963280975,104.77588819553004,1981.1065273019324,0
MCH-1613,69.610814014936,8.29496908246843,90.82738357822713,2007.9917675954048,0
MCH-1614,82.82367044529914,10.563439710396644,96.32885829927689,2086.5058384604417,1
MCH-1615,85.96553783922431,4.997428769496404,100.31589006152578,1916.0127336740502,0
MCH-1616,71.49376454182843,6.634304874614961,96.50575049364292,2013.799292471027,0
MCH-1617,66.24104474952408,8.54811165799996,109.03058166736933,2104.3636080896813,0
MCH-1618,67.86821201897229,2.8419198484146957,102.17473483014224,2006.4364340369825,0
MCH-1619,75.74222854598378,4.662106036262969,109.0785238490987,1938.2333010348261,0
MCH-1620,70.56635205268883,1.4323525101900074,96.85556209702371,1969.0801573519673,0
MCH-1621,62.80861010841316,5.288977298972037,113.25500219721256,2010.3441264878395,0
MCH-1622,74.59614467287602,5.548091362887711,98.33514415718454,2066.540195781993,0
MCH-1623,66.65927957230502,4.941256826835861,90.28810130862009,1983.033207779197,0
MCH-1624,79.36648888108773,4.018199643502535,121.77320381042222,2041.3325898716216,0
MCH-1625,75.40024032857325,1.9257282257175121,81.75022253038884,1928.2315586476554,0
MCH-1626,82.98746437440309,8.540151144160916,92.61261274695073,1927.8140815202473,1
MCH-1627,76.40508180867556,7.183151725872987,93.72972148169606,1975.8599655657524,0
MCH-1628,70.33927755263701,4.113472316399852,125.08306273056563,2071.901436093663,0
MCH-1629,74.2638683756111,5.6600898935347175,118.06858884146511,2003.4437319756885,0
MCH-1630,72.42366408647237,2.6477835298699244,114.93928143642198,2014.4905597783309,0
MCH-1631,65.76821672504563,5.685819595538771,96.69341337623668,2013.9039797786763,0
MCH-1632,66.7822508384127,4.4099265533830145,124.26178003841775,2055.4603991293366,0
MCH-1633,75.1498040879058,3.8563730740956284,103.68352003840971,1969.4889653731072,0
MCH-1634,68.3261233394673,3.8594545381758043,109.77263370303122,2034.4142554244115,0
MCH-1635,67.98175768379002,4.409582626950485,101.79695381106207,1958.4558668072434,0
MCH-1636,65.22438710325324,5.573649973538803,99.50533428676748,2099.163632796038,0
MCH-1637,72.11799532796731,3.0317551982067235,97.4822132607362,1959.9804447851654,0
MCH-1638,80.31262459621573,4.404327002648221,97.90360006580838,1955.880534846069,0
MCH-1639,64.66233542872864,4.937792333001278,106.08491648678078,2027.4834906744024,0
MCH-1640,70.1210972833638,3.351441163202211,103.67199798775388,2003.9894215716163,0
MCH-1641,77.06110277707714,7.694997802512526,99.68528629796316,2016.3426203130466,0
MCH-1642,69.60179304377142,3.7197567799079874,115.09523992698854,2011.365689774616,0
MCH-1643,72.26185898124866,3.9958446295497643,70.33246931259269,1945.480390059628,0
MCH-1644,64.6880323592656,3.5325380752662534,105.09887247921195,2080.6679464539743,0
MCH-1645,90.13536857635613,11.880433285501192,107.17738706658979,2044.6771102944554,1
MCH-1646,69.06427867497726,5.829357842899222,111.4696286825517,2067.9474975633557,0
MCH-1647,74.92864997839932,3.595111990634537,99.35128558946639,1973.5834555444787,0
MCH-1648,75.93693025782376,6.659347338289953,102.07920067383958,2020.8261772357587,0
MCH-1649,82.94781821009308,5.301048041433317,109.85948383314721,2009.8684231117345,0
MCH-1650,85.02063957728788,9.45366208883878,114.9116640428018,2056.4001313100753,0
MCH-1651,71.62898158291084,4.483284186871321,96.99464014821231,2058.012406591481,0
MCH-1652,85.72018881153467,7.845663292780257,102.6697578312756,2009.6525401479057,1
MCH-1653,68.23416853594655,5.506649148581902,116.78573964348757,1924.1024434078374,0
MCH-1654,71.69241921730845,4.182369155006614,78.75972924121149,2088.9830943543843,0
MCH-1655,68.52299294930485,7.7251334443626565,93.09987400185415,2027.799371684507,0
MCH-1656,70.84230488134807,3.0960633421353436,114.65835978602964,1969.5781479304428,0
MCH-1657,76.5879876780398,7.304235159282418,110.92537833608303,2020.3271069133348,0
MCH-1658,64.96728717360179,4.833021726803299,105.22445210926695,1924.4453225773739,0
MCH-1659,75.69939280564523,5.4486286010316585,95.5140312689088,2052.767653373552,0
MCH-1660,76.58557533669932,6.249736649944152,91.18181501014581,1926.4394127860423,0
MCH-1661,69.40965736504461,4.054626057493346,94.08784380757626,1988.9582753981458,0
MCH-1662,59.390725504957025,6.296372577047955,115.48008220818693,2012.2227224802775,0
MCH-1663,66.96089006452783,0.9386842169282339,93.71557310844653,2051.9419855991046,0
MCH-1664,76.48497273280555,3.920015700167091,101.01422964239657,2005.3272338217187,0
MCH-1665,69.88565968850558,3.6139057889884016,92.46292355138254,2031.7481436806274,0
MCH-1666,65.00348883852544,3.119740981442358,108.42774030099027,1998.5916545775224,0
MCH-1667,67.47612539385891,4.677567742881573,94.61273719653559,1998.390702452786,0
MCH-1668,74.20310013252276,5.578624952272542,99.02406109845586,2004.273862517415,0
MCH-1669,72.73366784100689,6.053989997748959,83.16617866957174,1990.5471039573813,0
MCH-1670,68.80533950415153,5.361315135800611,83.8663176379506,1915.6714878459281,0
MCH-1671,68.16587794092656,4.00145980265968,100.07673193321506,1961.5838253151685,0
MCH-1672,68.0412092547809,5.553524656737751,86.74842844802238,2012.238742055585,0
MCH-1673,65.38794907750749,5.186428542276276,121.05086639334502,1987.5439498255641,0
MCH-1674,78.07687844734721,6.404084251904024,79.38476887887751,1992.2095458909046,0
MCH-1675,68.3883976539433,6.165405054397275,91.99824701335896,1983.8323165280642,0
MCH-1676,76.08579260412748,5.045714620880943,100.16700867267551,1956.820080363409,0
MCH-1677,97.15681465221371,8.312033122350876,96.34867062204215,1975.3450269511852,0
MCH-1678,74.9915544907398,4.020574766251879,88.95854543336081,1984.6584127805702,0
MCH-1679,67.84189843640976,4.1753159605429495,90.42072160504732,2000.2571570270925,0
MCH-1680,72.01865045168304,4.527100499125616,90.09345922500762,2019.6689172234856,0
MCH-1681,69.87902196804542,5.40207564138463,97.13278305179936,1990.972485455713,0
MCH-1682,83.25341369885214,10.618372248572916,119.51929089517424,1948.517237215379,1
MCH-1683,71.62179640860802,4.923321960476933,100.7793729655821,1930.095898004061,0
MCH-1684,64.10480104420098,5.024187181850708,111.82900489387524,2129.871860368761,0
MCH-1685,75.93839694230782,5.214959457500005,105.06976345828141,1943.5092484867719,0
MCH-1686,67.67691351350804,4.2261420303014905,111.1386239798222,1974.068749936781,0
MCH-1687,71.0057982793642,3.611911613535566,72.00035697406415,2025.8500151256967,0
MCH-1688,71.41643935773071,2.366843154033935,96.9554197885177,2018.043030478284,0
MCH-1689,68.70547513147962,3.957275962884691,113.07135423150714,2026.0432846280787,0
MCH-1690,72.93346900737637,5.709718179901681,94.28264177250666,1977.8641465233911,0
MCH-1691,67.62548171688738,3.9456328429406486,117.62473164869613,2011.9279035319773,0
MCH-1692,74.35648648728622,4.64328944386109,114.83890153767761,2003.0671832120431,0
MCH-1693,63.27010159876626,5.699646931118475,95.30869283872538,1984.3934316229356,0
MCH-1694,70.63189789773206,5.781034244634003,94.96836480953644,2012.270487088567,0
MCH-1695,79.69464499529143,3.3807007217509417,89.86394157645532,2052.7682773375354,0
MCH-1696,64.99834337697213,6.495589034680462,93.70405768136203,1998.8899888282338,0
MCH-1697,66.61127514737575,6.691025134033228,87.67410935831084,1999.2226423178213,0
MCH-1698,86.59784541171385,8.547544081776929,104.28811180433006,2053.408051743799,1
MCH-1699,70.89790890969799,3.764244695538269,85.43953506653567,2048.0680179909405,0
MCH-1700,71.7531504963678,6.786636024719288,106.03733016190222,2079.196822048174,0
MCH-1701,72.44593565073832,4.7797197181170485,106.28078696900249,1912.1884882760212,0
MCH-1702,73.17360734280885,1.6703330788222237,83.38795594816077,2045.2559591584695,0
MCH-1703,75.54849920978111,2.9004777429009705,115.4981860632834,2030.079002270109,0
MCH-1704,72.04909328464257,4.625945562241278,105.13609294415222,1955.7173801123367,0
MCH-1705,68.79371172690729,3.2554360245730973,107.49698021444868,2012.5793958999423,0
MCH-1706,91.89904076577052,8.867482019279135,92.41334798457228,2052.5560873879,1
MCH-1707,79.49940967447608,5.0485943205253685,106.22379118473118,1958.54205387573,0
MCH-1708,69.33683126808714,7.193381906052093,111.26393449722066,2022.1281214511403,0
MCH-1709,65.12735347664679,4.564319125658317,99.01391600995322,2043.5676837865508,0
MCH-1710,75.53540334643486,6.608812699359138,120.01922459248361,1946.4490218734256,0
MCH-1711,69.39809418023201,7.143140243055155,100.44064634912938,1992.8857153777426,0
MCH-1712,59.13665226992982,7.151464504028114,111.40785800452474,2015.0484188321207,0
MCH-1713,90.40398399387297,10.08907147414915,102.93008807258656,1960.1934247228523,0
MCH-1714,67.32335907023038,2.0550662782415388,105.85521532856868,1956.0423400453226,0
MCH-1715,69.54733358847919,5.691237298105798,83.28667732365227,1993.2477699068613,0
MCH-1716,71.65990165284508,6.572599831720312,103.71053738215363,2040.0819858451846,0
MCH-1717,70.95249839889533,4.878399341846874,92.65024898742735,2032.1867000596055,0
MCH-1718,92.59567840148007,10.660408661373262,91.53601694222313,1956.929363540683,0
MCH-1719,67.82256814715079,6.289750342201186,117.44103184465979,2032.6083942557843,0
MCH-1720,72.56552899088041,5.852410065729177,97.86229751937651,1958.2030111916745,0
MCH-1721,68.70226661208041,6.629571066808757,89.96698169024503,1919.4915101003282,0
MCH-1722,73.69405240443751,5.500054776891317,96.40868371891125,1981.6428214476384,0
MCH-1723,73.07683742006526,1.26078425090697,86.99549771078087,2056.1484685792866,0
MCH-1724,65.32280648977702,4.251291572794452,114.3388446819627,2032.7980276070687,0
MCH-1725,75.42991058087516,6.795752040871781,93.04319255833485,1999.9214096313403,0
MCH-1726,67.32018277442975,3.788612989852556,105.29299933943669,1979.164725820447,0
MCH-1727,74.04028899140573,4.664791242144592,113.56106714210325,1980.5118931941784,0
MCH-1728,87.4098051462615,7.684934187437826,94.99847318785271,2005.43924529304,1
MCH-1729,79.19091838397561,7.675883892802654,105.32022432272785,1946.5781257077085,0
MCH-1730,68.88267008814074,7.522238686127023,89.6991394509557,1982.5946327399352,0
MCH-1731,68.25341601940902,3.674196657288906,124.45769569113685,1989.2215269320116,0
MCH-1732,69.90290197056133,5.220947000583626,109.36380134616623,1932.446277077425,0
MCH-1733,68.48410108582863,3.9792589283539286,98.07393561239194,1958.0775874551211,0
MCH-1734,73.99970950971024,5.922416958547068,92.27166269111036,2020.525339574319,0
MCH-1735,61.91844695781706,5.764524615863493,98.86003447160374,2000.4755919970496,0
MCH-1736,64.73158790426822,6.2175583574198985,96.60016277648481,1984.5619104403308,0
MCH-1737,64.66098539210404,5.497877671561831,119.52944553999507,1954.4286281231018,0
MCH-1738,74.75153795986787,9.403109309582703,87.74465277785097,2078.842491279461,0
MCH-1739,78.55306686290963,3.4581143524838915,101.34801423290203,1958.1010392660341,0
MCH-1740,84.62049215877101,5.447321350171702,99.8166193336629,2012.5796403630868,0
MCH-1741,69.15589138404995,4.410364698947808,98.82589699655131,1975.6065455963103,0
MCH-1742,84.79375022845733,7.7446113908417225,98.91383345061658,2001.8139646319169,1
MCH-1743,75.80939151304095,2.7613065949910105,98.83929189879517,2022.8804870970187,0
MCH-1744,65.36323432904713,3.4980280187030495,108.730660663321,1931.4871705396058,0
MCH-1745,71.19184491367392,3.616716641852559,106.08984446492435,1999.6691877923256,0
MCH-1746,74.87598814891214,3.5680728470749097,104.18911611372786,2059.5364324489924,0
MCH-1747,72.50547084969922,5.777328425668117,69.66010637854731,2088.0750946746,0
MCH-1748,83.85890624890581,9.11927850604531,102.99794874163163,1993.4993013372434,1
MCH-1749,75.00523046283571,4.73072813769128,83.44360639829918,2002.0840603608453,0
MCH-1750,56.48383853500381,6.341349161751403,106.46320163135826,2110.5666514300765,0
MCH-1751,73.38937659765453,3.8505162128278605,114.74497367570515,2056.74621407996,0
MCH-1752,66.72962158436287,4.603181151942917,90.73760887411449,1969.135771537239,0
MCH-1753,60.846835515717714,5.548639979139374,97.38219277657294,1969.050827455694,0
MCH-1754,72.5560129976249,2.0876482990696683,94.00644294947003,2047.8274730893634,0
MCH-1755,76.86829272581478,1.4226417365741266,112.35431775756801,1949.4481434977135,0
MCH-1756,69.31275742686154,5.519175993196584,100.95027885272073,2054.3863375669425,0
MCH-1757,74.76437273601469,5.738021420850348,117.28329380566333,2016.7149981875505,0
MCH-1758,78.06139128994323,8.096330202278615,104.13754202947388,2025.8860382013536,0
MCH-1759,76.57457226792023,5.237142313800215,102.4245018063582,1987.1633098259974,0
MCH-1760,78.19982264685697,6.229609575887142,100.68206782602836,1968.5087597876795,0
MCH-1761,73.71063745535946,4.706791034621039,108.17992099257337,2073.099641543416,0
MCH-1762,90.27999165243756,9.146645682208309,82.62313801754657,1987.6631359723262,0
MCH-1763,75.90563125919356,11.092986338080653,100.8534395552051,1979.453246171307,0
MCH-1764,68.76968755935026,1.8140107728115469,99.29953556272035,1995.9931466060095,0
MCH-1765,65.78376702341905,5.620424386357521,107.25418827157766,2009.6511066358971,0
MCH-1766,80.85471358748907,8.20338009511605,98.12298394125963,1948.4587436640277,0
MCH-1767,82.59082743232351,10.674200241832915,89.6126556583733,1971.7564252896543,1
MCH-1768,70.61602403392243,7.475859444849272,100.073506749197,1969.0983963046972,0
MCH-1769,72.75742688020233,4.056181775705836,89.17159471131657,2042.2640152303425,0
MCH-1770,70.21801223186228,4.95192875875443,80.74737787412515,1955.7018716000055,0
MCH-1771,78.47525520215376,5.050287053582881,107.27122481485493,1912.2116071120972,0
MCH-1772,66.88675319132774,1.6736133809618439,105.79061572694671,1901.6452718546923,0
MCH-1773,70.97303727618622,3.2477332582246996,104.67090943993574,1926.4809932662142,0
MCH-1774,66.28764707150975,3.354687380924021,113.0292842194581,2068.0769101424057,0
MCH-1775,63.399887443896475,6.233099117048791,93.34968109696075,2000.8103299742027,0
MCH-1776,66.94115454547358,6.308229658526082,85.68885857228744,2025.06245434036,0
MCH-1777,85.7183348434204,9.429108849421407,99.29970223191955,2026.8243863560665,1
MCH-1778,67.8534888774137,6.236154345283559,96.52499700294089,2002.809195919616,0
MCH-1779,66.53789510063072,4.753775880917339,91.57704283229931,1996.2609351674346,0
MCH-1780,77.22836408470573,8.990338361491045,99.20150846512205,2052.226321490907,0
MCH-1781,69.58447213685653,5.013182663948108,93.88394853795415,2007.299795715632,0
MCH-1782,62.47639812984499,5.086796071140134,81.63994716643168,2069.954873963171,0
MCH-1783,91.6175466493414,8.00949692877138,95.5882330920624,2031.0414972644933,1
MCH-1784,70.41219876467251,6.026675716454642,88.63624833296143,1969.1101863259487,0
MCH-1785,62.712242502675345,4.36820177508063,102.31648071610923,1975.1432988065033,0
MCH-1786,68.45395461475069,6.464647065797102,93.43965241759345,1963.626759677286,0
MCH-1787,66.23921797204709,3.30177628892599,111.11631474141052,2060.8774010975358,0
MCH-1788,71.5958725520959,3.3516256179077093,116.03866067267866,1979.7474523527223,0
MCH-1789,76.70225223011572,6.031140132689757,106.79381373011906,1960.0763601600183,0
MCH-1790,60.62413765177128,4.867183678125481,84.4897381801668,2015.988902056341,0
MCH-1791,70.57513039573709,4.319162875770307,115.0519599887904,1995.1416446813748,0
MCH-1792,81.42567036375885,11.269415345439187,115.75720450373765,2014.7284256287583,0
MCH-1793,73.35670038225233,4.089107878870873,100.18790511307941,2094.4906951946923,0
MCH-1794,71.06598314118844,4.6996981185494455,113.22926160335533,2045.653540296443,0
MCH-1795,66.2401533413059,7.098841925106739,94.48324861953321,2001.3505277150953,0
MCH-1796,68.4047303216669,7.308713518715976,81.3375406515041,1929.5788307896996,0
MCH-1797,66.01987071598255,7.358597315405491,92.39715561378407,1975.0018751395683,0
MCH-1798,75.38003569299299,4.5768113345991335,117.29300866044757,2035.552305127265,0
MCH-1799,70.10655824335971,6.846054357476705,85.08920076388526,1941.447948016909,0
MCH-1800,79.50595342876504,3.576570758346983,99.99521281931494,2107.0485148165176,0
MCH-1801,69.6966959309269,3.6396456879169086,100.34143893340212,2000.7208281317774,0
MCH-1802,66.45796616544769,1.4743162210634582,94.87025756032187,2002.4424196604743,0
MCH-1803,62.43142803693586,7.509302302847795,95.56478400162885,1966.6677403521012,0
MCH-1804,60.98430161872027,3.704030226385883,100.72249134236203,2024.836887838786,0
MCH-1805,62.07932028497255,4.81020113037941,94.37837658065273,1942.0999096738883,0
MCH-1806,71.33563325505742,3.634513487107574,85.77941502832068,2108.2446294550728,0
MCH-1807,72.54362511614967,6.042747872495211,102.15031942943456,2065.8675652326006,0
MCH-1808,62.094046489839336,4.4365495089239895,110.73366582444973,2049.214822259852,0
MCH-1809,74.47519157038057,3.042774664350576,108.69572518653422,1930.4785497105095,0
MCH-1810,67.58469474158281,5.662493846279091,91.90264532610189,2010.2706635228876,0
MCH-1811,70.73396505992774,2.849404962784657,87.48772084622324,2060.4543199007003,0
MCH-1812,78.06110314127713,3.743891412026763,97.15812117845222,2029.6552699678869,0
MCH-1813,74.48419657932766,1.8396663280608787,115.67791509795664,1949.8945447683113,0
MCH-1814,88.08028557834602,7.011485273126201,106.45598078959546,1967.4953122345673,0
MCH-1815,65.54403887292357,5.267793754580717,107.03964676794233,1977.4031930997005,0
MCH-1816,75.93182596968283,5.56075455892435,108.89856951785495,1969.8281082755695,0
MCH-1817,76.6259339218554,5.860889427804146,104.20766562518587,2076.4389417855155,0
MCH-1818,79.74278163276938,10.494496910337382,101.20608547613578,1903.9493430588373,0
MCH-1819,65.06410236424408,4.184589655860421,106.62306896647968,2032.7959569829418,0
MCH-1820,69.34371516453848,7.988054953938963,94.5383389578198,1935.3848312535774,0
MCH-1821,70.38425941479385,7.750844819036564,85.85536988633679,1951.9374256274466,0
MCH-1822,68.8757200909596,3.6981163058732696,107.22996934624324,1899.513331656564,0
MCH-1823,66.7499870958827,5.835706427605222,112.37738105749224,1972.5472784420567,0
MCH-1824,70.84327335983363,6.123923835319177,88.8176806064397,2075.536582576961,0
MCH-1825,72.20970324784705,4.103781712963395,108.219214824159,2013.241212123239,0
MCH-1826,64.54800461278577,2.756687695252694,116.8076571338819,1940.0819226500453,0
MCH-1827,77.05466189873135,4.981552326037914,99.97753798242879,2050.8573837189656,0
MCH-1828,69.50705933857869,4.740731487778834,91.81997815258254,2061.565213178434,0
MCH-1829,70.09424811472424,4.346353254544071,101.23018673526755,2005.2023240519543,0
MCH-1830,73.54107211628279,5.663475302246728,94.49466031799298,2101.7374579076295,0
MCH-1831,88.00632776306263,7.312348074717917,93.83269890043599,2041.0782062312308,0
MCH-1832,74.76568316956623,3.272003678631285,104.33184067271543,2034.1326253646293,0
MCH-1833,71.43562082600913,5.163624455524748,83.96270524970105,1959.8310646416855,0
MCH-1834,66.9378131267978,5.578955138853313,85.56071077507772,2031.3699242810671,0
MCH-1835,71.8075176260305,3.2350325841499203,100.19290880373943,2010.8395638802247,0
MCH-1836,64.28136896339669,6.392135916486621,99.77691461087569,2025.9914501335513,0
MCH-1837,70.54279852888261,2.344278293335883,103.43554577039936,1965.7707190429335,0
MCH-1838,69.8338500467777,4.132829811926535,118.75225388483389,2006.4049442179494,0
MCH-1839,68.9594157136373,4.612987195703586,101.04514036075821,1959.156924989252,0
MCH-1840,69.35731244280535,4.0456644310221055,105.98172150334794,1892.6433950016983,0
MCH-1841,60.5907547725118,4.152409289673211,90.24467064385368,2049.9152284289194,0
MCH-1842,79.32119664091313,11.250332658591761,107.67937663516537,1924.880550915524,0
MCH-1843,70.46422450570557,3.723673866441652,94.73609134889323,2005.3593232391208,0
MCH-1844,70.799281959987,8.66183258370787,100.71420832581093,2016.650106472452,0
MCH-1845,64.8616242953702,5.6556901695965776,98.91151374930838,2016.3281507931526,0
MCH-1846,90.25637621033381,9.782615393281034,110.3297423491403,1985.8460463200875,1
MCH-1847,65.66912575892749,5.714360530081499,86.90023445625,2013.5605737639987,0
MCH-1848,87.8461098306166,10.839828581156421,77.1676136538496,2023.548353489258,1
MCH-1849,72.13597180935842,3.509610494102828,97.86567302912076,2036.7482407875993,0
MCH-1850,66.76886345078098,3.319373121595416,104.68531256905123,2086.672066969213,0
MCH-1851,92.00613421177613,8.602164170467205,101.522693758075,2011.7097075749102,1
MCH-1852,64.0318158412176,5.0482147204468415,112.32204237413912,2003.202442250885,0
MCH-1853,88.74670605143322,6.402287049158159,104.37372674179669,1954.6635517324953,0
MCH-1854,75.0029115902149,5.033508858977912,94.3615166814014,2021.797316194967,0
MCH-1855,66.64689895461677,7.540320700120509,76.74579845860319,2033.3691551570284,0
MCH-1856,76.96232650032164,5.227111085937167,97.62687765804782,1990.3848407859186,0
MCH-1857,68.74976742700524,4.560971811537085,110.27959002257798,2027.230625209202,0
MCH-1858,71.44346814639928,4.072759326974559,96.07952217332885,1985.374190322533,0
MCH-1859,91.14579710287677,9.666800720914367,100.28320263677765,2033.5496326044463,1
MCH-1860,69.32845629264726,3.7612508401429285,104.21360254306708,2045.6301157014873,0
MCH-1861,74.05404136579891,7.7695938808988725,89.84707625750184,2044.9313933365243,0
MCH-1862,73.96744360276107,7.900039621571535,106.23235896638818,2005.892216307065,0
MCH-1863,61.257340133809095,5.385126197992681,116.37121790001706,1948.0015924191475,0
MCH-1864,76.52170121439076,4.982727367885032,98.27186648106594,1969.404347367909,0
MCH-1865,61.68754005982163,6.545989712362339,88.70935578167698,2029.7578661942364,0
MCH-1866,75.16273102170828,6.642197753340987,99.33398972978026,2122.4406152870115,0
MCH-1867,75.63352568413792,3.7910124034108765,77.75615891391132,1982.9639614233959,0
MCH-1868,64.54516784892401,4.210167300294947,103.36903263976616,2022.791883919407,0
MCH-1869,67.94592856022707,3.0164788479750566,104.52274377648578,1972.19737212603,0
MCH-1870,64.47147665757032,5.613597407501086,116.75636293845562,1951.3016477875449,0
MCH-1871,68.92539484855632,5.999941825185336,98.06005207433375,1966.184206821132,0
MCH-1872,68.4598285790713,2.9751115432080906,104.0848533814647,1895.8764011648664,0
MCH-1873,73.8983026613467,4.317201642775761,91.38711897614098,2067.6717531453874,0
MCH-1874,76.55154373059804,2.979119123627976,96.43572879474921,1888.4934873542693,0
MCH-1875,76.97841905394978,3.651800284634244,84.74814563337802,1986.8085884799684,0
MCH-1876,67.18915986710849,5.8265255903394495,98.05210378716764,1941.0936052324973,0
MCH-1877,68.95389063127736,3.899776899982581,96.94690846481436,1955.7809892318899,0
MCH-1878,61.58280903889525,4.548761065951552,102.99199766088896,2068.8261329869333,0
MCH-1879,65.97064966751906,2.5590324080790268,93.76403119667361,2010.0533495015695,0
MCH-1880,74.8242581654873,5.280485314586996,100.83345350975092,1951.730192040915,0
MCH-1881,78.07791411774116,4.9335900202330265,96.66619944392335,1970.5241433751744,0
MCH-1882,63.82825564060039,3.9065611249502568,96.68500611700486,1961.7259389778958,0
MCH-1883,67.03767870423553,4.716478553476289,100.8036232596303,1997.822716396056,0
MCH-1884,69.86797121520536,5.2704423207551665,100.4052294231701,2008.6445842393846,0
MCH-1885,71.40080579409803,3.777697776635984,107.61174039051639,2094.778738661428,0
MCH-1886,65.95198240039177,2.7856061839973307,98.79356965870166,1904.1849617001146,0
MCH-1887,91.96461017285169,11.702407271455378,96.50114650876996,1998.2593842621025,1
MCH-1888,67.63080326464542,4.050090942934591,98.19192554912775,1984.2216153732738,0
MCH-1889,69.9277386456086,4.854859845219666,92.85335883159007,2047.327426385839,0
MCH-1890,72.73142124001849,6.51625960253047,96.40088906433328,2017.7409059089196,0
MCH-1891,86.93486997846897,13.028935509069214,120.3115871307323,2029.5181104057474,1
MCH-1892,67.81807054736716,3.1332703251667016,90.87321239304133,2017.2543093007541,0
MCH-1893,69.45195098037084,5.674740820589765,97.21343666120691,1953.400443735823,0
MCH-1894,69.55818520397332,3.9386715720588406,96.1251133673031,2060.5632748246508,0
MCH-1895,68.14994485058936,4.191814543134933,97.528283877556,2039.9252452307835,0
MCH-1896,85.13577212761467,8.827024914550833,96.68760691121605,2045.7764895862372,0
MCH-1897,77.99323585252358,3.311517548299123,102.79240101221,2063.202508525358,0
MCH-1898,82.6159658476059,9.27507833592438,82.89824898608205,2020.883755032598,1
MCH-1899,68.5225984098542,2.7882459694276465,110.37171472532005,2074.049620205875,0
MCH-1900,73.48477202255368,6.420211349767806,106.32582799642198,2018.881978589332,0
MCH-1901,68.33090255121995,5.082504404050062,87.57128413936866,1989.0470705987696,0
MCH-1902,75.86562318793321,5.6336524593521595,77.30922727047599,1999.6698044758318,0
MCH-1903,71.84821096099047,4.3007170820806655,90.22927853858599,1998.8078115931942,0
MCH-1904,69.46348927997886,4.449194098682377,97.57333538572877,1974.030433895473,0
MCH-1905,72.23858462905139,5.431345857750992,125.80291898690774,2081.594442418511,0
MCH-1906,62.145619239657506,3.2539240513912615,105.43256964974273,2014.8147682751833,0
MCH-1907,64.36616265545098,4.463014348379996,81.92410350818542,2004.7369237916453,0
MCH-1908,64.03037496800472,3.710579729182319,93.10344495099056,2019.4137127463216,0
MCH-1909,70.71471547381853,3.6641467841134787,99.46787563727017,2148.9927258368575,0
MCH-1910,78.66257499742545,1.835242639061538,102.53683554298097,1943.413790570017,0
MCH-1911,81.15650073096316,7.00898988422,86.85251139689578,1957.7480744141862,0
MCH-1912,73.19025550720379,3.9701918702693466,98.65009772022938,1930.9714491276502,0
MCH-1913,72.50422237472229,6.745064082745325,92.82360862389459,1988.3700380782257,0
MCH-1914,69.96462846100165,11.873274629771533,88.96241437397683,2012.275922166368,0
MCH-1915,67.2866310013299,3.0710004402252595,102.59595646698953,1976.7338740829462,0
MCH-1916,84.4583505704255,8.614879870059005,107.73877173442823,1973.0136600924116,1
MCH-1917,66.89576200874441,8.840754439033525,108.41041276961619,2007.1202433314065,0
MCH-1918,69.15928090707605,7.626388912890715,105.74386351133876,1974.8946087585152,0
MCH-1919,67.63954711151436,4.9527222300078435,95.02630466859738,2015.508791359142,0
MCH-1920,60.10350094812106,5.386059659626024,107.14549761463506,2055.7117173371303,0
MCH-1921,73.73955128058768,4.053730395579217,103.09054438104287,2033.8515234900403,0
MCH-1922,64.63628487130097,5.64852907130051,101.33941882952013,2044.0506673582602,0
MCH-1923,71.19623432055575,3.9242271489162928,93.88306878298202,2054.295920575336,0
MCH-1924,80.37041334874986,1.9514693535524232,95.03123872658472,2014.141408005935,0
MCH-1925,65.40307704206788,3.0176663202334235,100.73886936124553,1992.067948697845,0
MCH-1926,57.348562386268355,5.031639121775881,124.398744669855,1961.3873464558403,0
MCH-1927,68.56997889059944,3.3033991467461186,103.0124248009139,1980.4410918182139,0
MCH-1928,75.50479817499286,4.899083802629698,93.88811497749714,1973.8157233661552,0
MCH-1929,91.08397075057539,7.031552654294803,91.67610555030558,2036.5836163310455,0
MCH-1930,63.85225202773792,3.8264691162470097,95.08233387343797,2017.3391277297098,0
MCH-1931,72.48349611618261,6.279747959619788,121.77293447549066,2034.8378931357151,0
MCH-1932,67.67344771609973,5.371220821460157,96.00743354054038,1941.9831571949924,0
MCH-1933,69.47025822847932,4.985503368029979,109.06870534610285,2071.587474212054,0
MCH-1934,83.22171673508518,6.3184459596059765,96.24071754528643,1978.650981424662,0
MCH-1935,62.48514835802423,5.720912890021021,102.61184541279628,1944.999167896267,0
MCH-1936,71.26869830747287,7.169844936877052,107.91745274008723,1978.0391117589093,0
MCH-1937,72.33846585882716,4.31021110652729,94.28097150190077,2124.1882996293753,0
MCH-1938,75.42893162469673,4.355547532208737,93.58888345847231,1980.6141566754216,0
MCH-1939,70.48991576735447,3.048336100412982,116.5886969445533,1983.7451764264538,0
MCH-1940,85.36153284440205,8.429370528577037,109.84592894895798,1990.3947659685161,1
MCH-1941,68.04175716289105,6.447154841453669,107.90672318690729,1992.5689808284271,0
MCH-1942,71.34563470622554,6.949981058393201,107.87276293122915,1960.9261967099374,0
MCH-1943,68.28403862251295,6.440457752130002,104.59575488311066,2007.1606541603064,0
MCH-1944,73.10785944928026,2.3087122001758456,120.17775813175065,2053.7797454099164,0
MCH-1945,68.15194831978182,6.624717818991101,100.43908301877157,2015.7144657739354,0
MCH-1946,71.88550196951093,2.242222065091894,105.77262367200919,1944.4417350550007,0
MCH-1947,69.85368593157511,6.347175986183521,85.49087071405987,1982.7827047533146,0
MCH-1948,75.63025125386085,4.448323210143418,91.75039313408759,1972.4236299949184,0
MCH-1949,69.74303138205757,6.0537999709007835,87.9918100016496,2002.64697341174,0
MCH-1950,61.134837658965594,3.001327478158151,112.7406358351615,2066.5225835781157,0
MCH-1951,76.30960750356996,6.7567514490592195,74.4745984797925,1992.5558601989558,0
MCH-1952,65.47133849568691,2.8025378808426664,95.97689977247278,1995.5922565564804,0
MCH-1953,66.7311683067559,3.9973176337202334,70.06293397339377,2088.8822409409713,0
MCH-1954,67.02169352978254,3.502858058346447,91.6871210451811,2043.810299583583,0
MCH-1955,76.87219046585409,2.3685727207662515,95.09051050268134,2028.7040641053268,0
MCH-1956,59.32162893010652,5.141791351382703,113.84871093794044,2097.9065807650886,0
MCH-1957,85.68874266829997,7.709133676755442,103.96627939221457,2024.4905627397006,1
MCH-1958,75.28028404533026,9.000357833480013,91.66858476671034,1900.673642901124,0
MCH-1959,71.1161945706458,5.145733680629371,110.65963719731826,2041.633287894018,0
MCH-1960,69.72552999691857,6.6750219126012835,100.17832254529758,1920.3995771440675,0
MCH-1961,71.42777037428829,5.348141956892806,100.37566858707252,2022.6002684291225,0
MCH-1962,90.40094393847207,10.21116737122209,87.97328492228007,1914.312821293538,1
MCH-1963,73.22607792975029,4.486777023309141,90.09986286096861,1976.657229480004,0
MCH-1964,72.77802233001724,5.292615388133903,91.74902700054476,1981.8107735195065,0
MCH-1965,70.44790340627624,5.806218056909643,100.46461273154189,1961.4940446384123,0
MCH-1966,82.77968746675091,6.810192465241763,100.77885726980675,1982.55740014044,0
MCH-1967,69.24363358173244,4.883758550160518,115.44092663524046,2051.6280860180277,0
MCH-1968,69.0254585982366,4.912354821503768,103.85055167937834,1964.3023543920224,0
MCH-1969,75.66885048433532,6.239604975995787,72.92434306327891,2027.257043975527,0
MCH-1970,72.96778361140431,3.400951742558479,102.6264198787169,1951.717518019635,0
MCH-1971,55.2980568266786,4.922686687088523,85.49983643832468,1990.5250211803937,0
MCH-1972,73.27950388264881,7.868008203579047,90.34029075388463,2016.1919633163725,0
MCH-1973,86.09700042583422,9.86710569815162,91.8783052827367,1950.1735791690721,1
MCH-1974,69.90645621777051,7.023768573333058,93.36661676487698,1934.4139783544656,0
MCH-1975,68.05740773455557,5.036647760267051,86.24850607959696,2024.5939075289443,0
MCH-1976,75.62056359993007,5.481496345529035,102.03482003452288,2056.154019967032,0
MCH-1977,90.81620179145526,8.07960693177641,85.89197714909041,1996.0467490256315,0
MCH-1978,66.13561166088195,7.340383294296396,103.56667607249847,1977.1343546721648,0
MCH-1979,72.03526143562267,2.07259563067567,122.3697107706163,2007.7837693844194,0
MCH-1980,65.14171632729357,3.0268380394252317,86.70640941065936,2002.773995938269,0
MCH-1981,63.101909176055344,6.964166152103972,97.15489695660779,2012.1451270355626,0
MCH-1982,66.86641387705018,4.584665966346795,74.7654263748753,1873.5877449843142,0
MCH-1983,74.31196736191379,3.9924188161128837,96.99064707029866,1946.5447854417018,0
MCH-1984,87.66044318709277,6.795501566457987,106.42717152631484,1957.7384947281573,0
MCH-1985,72.56542710048646,4.167474947683836,107.20639231357266,2007.5433814255782,0
MCH-1986,73.62547893423998,2.896446074864263,100.77363730284097,2009.2938941811133,0
MCH-1987,72.5808914355748,8.136641409098715,108.89263424758975,2031.8090244342018,0
MCH-1988,66.79259202388523,4.96634592202914,125.46054535942793,2012.8790874605218,0
MCH-1989,72.1596127233697,4.913074187355924,117.123046874376,1934.9632464806332,0
MCH-1990,74.0020476261384,5.882115012751748,94.77479070590363,2072.350230879253,0
MCH-1991,73.77145664906787,6.4435177538998545,85.48896013533262,2063.595915171118,0
MCH-1992,75.94456685737322,6.418832234831958,95.93848583426197,1937.0901354986538,0
MCH-1993,73.54151923600531,6.610432915861358,90.53017234382652,2016.635264718709,0
MCH-1994,71.75724103770791,4.053731673813715,104.51347547864633,1970.2287807378493,0
MCH-1995,75.35075119158213,4.553199792564708,88.18806460570502,2006.9431994600275,0
MCH-1996,69.8673937037547,6.153547483163413,99.27177567409657,2052.6655139820937,0
MCH-1997,65.5906267438614,4.2089164075405705,108.3801405453631,2106.505213316048,0
MCH-1998,69.18466518028119,4.992340051959163,98.99304127182823,2037.5638852571306,0
MCH-1999,66.27548677596775,5.598145646637222,90.53686177252203,2014.7467367555068,0
MCH-2000,66.62410862512809,6.177777623465564,111.74814057585692,1983.008941584585,0
MCH-2001,69.2774066464224,2.3334785564446983,81.21019055246173,2009.1067435505588,0
MCH-2002,66.0379003950002,6.072118474833418,96.72204944122537,2067.988594666416,0
MCH-2003,68.46019235180479,4.6494139132224115,99.58339976618666,1997.7645621620206,0
MCH-2004,60.53192666523107,6.061186566296572,100.15908658399631,1955.6943674326176,0
MCH-2005,71.06646853686469,6.165397538532243,101.80496056078081,1919.0155067241687,0
MCH-2006,70.00602737681112,7.411872591678736,106.10439819809493,2025.6523933705125,0
MCH-2007,65.91455684465905,7.030180471431805,99.6459256095465,2012.364406281387,0
MCH-2008,73.29622834216202,7.019857493915444,96.3194171785632,1967.7045913368852,0
MCH-2009,90.54236859169227,10.76552381874108,95.92410655340305,2051.300706285365,1
MCH-2010,76.37787675455539,8.775015255033193,93.88484197961645,1978.9111567806185,0
MCH-2011,66.18637610716893,5.048277630555259,107.87543324326865,1993.2677954087603,0
MCH-2012,82.96596728814833,12.518553979231568,93.53471520523486,1999.1667933351027,0
MCH-2013,65.30048449445567,6.098121427149533,108.46771109008245,1982.4523628930956,0
MCH-2014,85.98680634871064,8.403316216971923,100.18999082259872,2011.7932532874786,1
MCH-2015,69.03086930613598,5.607235113212402,94.78745193143871,2057.57575729665,0
MCH-2016,68.67742579344694,4.9473552998231085,106.18407215744135,1942.875905094079,0
MCH-2017,59.98068817796623,3.719100637309916,92.72546075276881,2024.4260069237005,0
MCH-2018,73.17709015104613,6.935691112064525,106.38184040728213,2008.6079334803221,0
MCH-2019,63.80370802573264,5.082798863795134,102.12726121191785,2007.6881914772353,0
MCH-2020,70.29966315133164,8.073062386548276,94.03675310908079,2043.5922284937046,0
MCH-2021,71.38688468979096,2.561761594700251,105.28634815334559,2002.464871260858,0
MCH-2022,93.68423797358376,7.429617462332416,105.4658972568864,2024.011463095285,0
MCH-2023,63.45589800440444,5.0489582550363075,111.57519605809958,2035.7932314785573,0
MCH-2024,54.90243922089587,6.706071646443371,109.66147012409296,1974.7817399809696,0
MCH-2025,70.91924772376848,5.599204058903277,104.91274020726283,2014.9591730406898,0
MCH-2026,79.00255590755427,5.465709131271127,88.72409048791236,1987.4606196394684,0
MCH-2027,76.19473176469718,3.3091043111687792,124.48586988174057,1993.3659110140052,0
MCH-2028,71.04829707637313,3.264587904155793,85.9638378892819,1983.8969301760835,0
MCH-2029,67.54181907183977,5.483756990434857,109.4926317428231,2023.5540202048444,0
MCH-2030,74.03561298318655,2.9538410092724625,104.31283816886298,2004.0822354509128,0
MCH-2031,65.13226900147765,4.202183374566007,88.25857627518886,2019.7272017158336,0
MCH-2032,72.38178884678109,5.751375993628786,98.756990611215,1999.1241318552127,0
MCH-2033,72.52735079583313,3.5265135915848362,99.21247113755359,1919.7939493764839,0
MCH-2034,75.30104953749439,7.40803394354271,113.05582715810523,2001.5684208049854,0
MCH-2035,83.7983001945554,6.835904516356836,92.86689099719788,2003.1768977578408,0
MCH-2036,71.96207983589383,2.6428700024925496,97.38054993575646,2012.129796857673,0
MCH-2037,67.4551818714625,3.6014431352270195,76.63930394978738,1970.313540315713,0
MCH-2038,69.87212843904003,1.571334133257575,117.34762793123576,1940.2265141667244,0
MCH-2039,61.15462047555441,3.8261129561778002,89.2953175697993,2031.230332244714,0
MCH-2040,66.52643434455472,6.1495827148585995,103.26910864239174,1986.3196721732916,0
MCH-2041,67.95358780943448,4.379157586587715,98.98592170278135,2008.5622023842498,0
MCH-2042,67.37955801032703,5.691195865423952,99.0199903321666,1985.9269960055851,0
MCH-2043,83.62021187928957,7.013851065404936,108.09861984870875,1999.6969087113202,0
MCH-2044,65.887900338089,6.196962881872858,116.71262460303635,1977.5357326032097,0
MCH-2045,75.60515333662235,4.167336158107475,102.51493669941992,1951.5958205423085,0
MCH-2046,70.00103532459099,5.018254523424358,106.55078017630525,2023.686583038433,0
MCH-2047,69.95349839430693,4.860688247910421,103.2889153672704,1969.843995588694,0
MCH-2048,68.36052641743541,3.0926772186615743,110.17531423930626,2008.1975740447406,0
MCH-2049,70.7759534192949,3.2703735023903264,95.37083620513673,2020.5230110951038,0
MCH-2050,74.12549132333817,6.451691703505139,110.75390554416414,1970.6593642198459,0
MCH-2051,65.6643489214455,5.598488236252543,111.10499865647384,1939.8057182813507,0
MCH-2052,66.70941755462371,6.5750735623301395,110.8253700868291,2121.304280692653,0
MCH-2053,68.48136985611667,5.486987353253777,93.39852132663523,1973.6114062027286,0
MCH-2054,63.27064538263392,5.214485952213825,98.31662365762809,2031.170857930058,0
MCH-2055,65.90371070139251,2.41098407199985,102.39466988780435,2096.9731774785064,0
MCH-2056,67.6188956322767,4.594449954858245,86.29157955170994,2039.4953873426946,0
MCH-2057,74.37194590356364,4.958923519394384,115.94920208086015,1984.9778595586224,0
MCH-2058,71.31280664500963,7.929660797408861,99.87723466497825,1996.6441806232444,0
MCH-2059,70.96794955683772,6.030434948148016,102.83927887604722,1958.3696390130576,0
MCH-2060,74.25448981083986,7.304091772564293,94.22995560272797,2044.084821347887,0
MCH-2061,83.17104878115315,9.823901411524195,86.73122440632977,2028.3135354029343,1
MCH-2062,71.95232424964445,3.933045159575781,93.9597011452523,1974.2787090869128,0
MCH-2063,69.48389123533752,5.175686324224777,102.19204187633588,1947.8912596450778,0
MCH-2064,71.32681174699815,5.354335469396349,106.73428812753693,1933.9383131168154,0
MCH-2065,67.08620671194208,3.5912666453439774,101.61791540602721,2049.3257001902102,0
MCH-2066,57.80591420861786,4.423418935110618,103.4672401624195,2006.018656447778,0
MCH-2067,69.32860418906849,4.691349509484242,96.62973625318624,2010.7492268166375,0
MCH-2068,77.1137406804997,7.408429748847677,104.96248566245428,1958.852568706882,0
MCH-2069,74.63107701120796,1.8788892119135325,114.82832866385907,1926.8248448347797,0
MCH-2070,74.82698742295585,6.808727631074065,107.04789442438987,2048.1306787355816,0
MCH-2071,76.18065360903108,3.5948071475609256,108.0954188825294,2002.1019518498615,0
MCH-2072,70.44328795480719,2.941881219095579,102.9401639930663,2045.361733002881,0
MCH-2073,70.98657853702798,6.769913195057696,84.96844930400398,1980.7033436742217,0
MCH-2074,80.06849408204462,9.928712143179606,89.55333469368756,1988.1591078481572,0
MCH-2075,85.01603174337274,11.029345348126679,104.54875800663844,2035.6649088310317,0
MCH-2076,73.0788557488557,6.201052921318365,99.89060948039914,2036.6174039825262,0
MCH-2077,76.01942218584408,8.089767502606103,104.39842886472827,2039.8782811342976,0
MCH-2078,69.302768621595,5.838085755416728,116.76423417844073,1985.2399373448652,0
MCH-2079,78.64823619999662,8.771005216914384,107.26035999229333,2030.7273618825434,0
MCH-2080,70.00263979428298,5.514389565982014,112.58886205742822,2055.454973273836,0
MCH-2081,73.00603374464558,6.8652036925189455,100.9468138947073,1994.7613994159233,0
MCH-2082,62.78072591933229,3.8309370121098247,91.9278432251556,1974.3255818112973,0
MCH-2083,58.51909523431381,4.022167126202929,99.4213384078566,2067.1373801658383,0
MCH-2084,67.24731575254208,4.5365599781031385,91.95248186280863,1967.2777133224347,0
MCH-2085,63.89643787042921,1.8431258018520014,115.58294956772448,2031.473824855724,0
MCH-2086,67.45929901176345,5.207117612626321,107.9039107653547,1997.0788844740068,0
MCH-2087,69.26109840591265,2.170806944073461,105.2051249662828,1907.921719175772,0
MCH-2088,67.73375795488494,5.0795889693989285,112.35943202228103,2056.429703373929,0
MCH-2089,88.68118132554754,11.968652930380456,79.79943585476775,1862.1073185226317,1
MCH-2090,87.12763941736083,8.758727265595905,105.8813795134266,1900.7935966621196,1
MCH-2091,71.50237179805414,7.515673805280306,86.89354215695627,2026.3665039740335,0
MCH-2092,73.111035720217,2.8092486508722683,99.92744301534339,2026.3535599339057,0
MCH-2093,64.30583441109616,6.786891022447749,96.88292407532785,1968.1210071061232,0
MCH-2094,75.19555893710134,6.012705584610381,106.61736612096948,2007.3911045151622,0
MCH-2095,69.6211785673227,2.4259501275339663,102.28187288960956,1873.4284977110997,0
MCH-2096,73.35240308620607,9.066191448560799,113.45117173611789,2035.3487732235299,0
MCH-2097,84.6293271304914,10.135294162626188,93.98102839067387,2012.4862743526799,1
MCH-2098,62.23120616991968,3.6837739667665526,107.09114389633284,1997.7178573333101,0
MCH-2099,74.08944829012515,2.8893692078239748,101.62223216898832,2001.0420741068885,0
MCH-2100,71.88204763048758,4.669972958510489,83.64709729928447,2024.6627088096516,0
MCH-2101,65.48974222821245,4.80888969141506,90.81383541476967,1998.554923825107,0
MCH-2102,65.65168459362653,5.1539682928094965,98.50121966477832,1906.297224863439,0
MCH-2103,75.62717392207385,4.55330576566406,111.12292449891727,2109.816611726126,0
MCH-2104,64.05294053566337,5.94983796517264,104.63723057557115,2060.0400409714225,0
MCH-2105,78.21336476627982,4.418555251005131,88.32499176119286,1935.7527669022586,0
MCH-2106,65.49689632676066,2.0975538241392933,98.59683771952841,1982.7431384761705,0
MCH-2107,73.19195962804191,4.775957756525538,120.1780644879303,1988.1982904921979,0
MCH-2108,68.35690762125508,1.4487835199400827,101.11223334840858,2053.942478325448,0
MCH-2109,73.01593715541172,5.530655946337085,96.72674424927604,1892.0365532340115,0
MCH-2110,67.27942998942903,3.531049654576047,104.91739640756221,1975.0495867785105,0
MCH-2111,84.5529630426023,9.955373619049178,107.6339307958197,1911.9681778331249,1
MCH-2112,82.89000377351462,8.94334454912192,95.43831652519941,1985.745224208583,1
MCH-2113,64.98906272109264,3.576876957098,105.02574774371438,1976.3749553457549,0
MCH-2114,73.70412172710063,6.591884387768177,96.71110503329191,2003.9847033691356,0
MCH-2115,67.43393216764207,4.34991564997077,107.19327601829438,1969.756280049541,0
MCH-2116,68.85700042329991,7.629792203098378,101.69693157971284,1962.448830430474,0
MCH-2117,65.02825312695744,4.45227108020268,104.81967827052893,2030.9828345881574,0
MCH-2118,57.18833170602345,3.739260521739963,92.40816453832495,2022.733637047129,0
MCH-2119,69.04486118699916,6.030857675592933,91.78713615927141,2027.5699171389122,0
MCH-2120,82.06307710806458,4.346315405564546,109.45497304659395,1991.1549954754578,0
MCH-2121,87.393670889477,7.486388976332993,99.20603618614506,1971.4130708887405,0
MCH-2122,69.90369810132803,4.283240223944313,102.85034742099361,1994.0573758989615,0
MCH-2123,68.68554585395866,4.933090201725498,96.9360457291348,2025.0581035034227,0
MCH-2124,90.76933581922616,9.176287035642137,108.98726774013645,1891.1610149514077,1
MCH-2125,72.73559557587605,2.098868381810634,93.92190019970343,2019.705596518543,0
MCH-2126,64.09593592345577,5.034620988425631,98.64398760099117,2015.4569093667399,0
MCH-2127,75.57160847334436,5.937355391981065,107.85992812703131,2003.1075453042863,0
MCH-2128,89.93534075712142,9.708537355665047,111.72967699164266,1992.5343289064162,0
MCH-2129,85.30787411913653,11.895280205073828,94.76240708973316,1871.6940307033792,1
MCH-2130,72.19237869404864,4.888482005362214,119.59683981955882,1978.0073368449798,0
MCH-2131,70.09808328846995,4.723172836721083,103.13241693693617,2089.4719355538687,0
MCH-2132,73.3643061798341,5.888494320520015,89.57071738191263,2000.6450647784152,0
MCH-2133,72.95907066870689,5.148970722427024,103.69052048589968,1984.635508066264,0
MCH-2134,68.22979644529488,4.4143868925792935,96.17000785516542,2000.8453097795057,0
MCH-2135,67.13199113551549,5.77421605937957,104.34068487183177,2017.7386434314005,0
MCH-2136,70.50928147630994,4.021207560175032,99.57143752339663,2032.9410122344732,0
MCH-2137,77.74510075747594,4.083234271971009,100.74273690190145,1988.555991842103,0
MCH-2138,63.804464621730496,4.20800896735158,90.88406623413854,2021.2459801196842,0
MCH-2139,62.6623736712378,7.029603740249611,109.9006123071636,2083.832540138068,0
MCH-2140,70.82380420618259,0.16847546602143026,88.43872632848968,2050.312539971636,0
MCH-2141,70.25443850928009,5.593398252144413,88.91235104595005,2117.015010792849,0
MCH-2142,70.86670832185204,5.051407721300333,103.67360349147486,1967.1614820824143,0
MCH-2143,71.2197659895425,2.4786943111428195,116.0284424717797,2083.8094753751006,0
MCH-2144,68.88398872682598,5.464590168704003,96.47406902935593,1960.4663180038704,0
MCH-2145,77.44931719301042,5.713627987747298,107.00972322703966,2017.6783073370232,0
MCH-2146,61.995480107617425,5.8844588470361,110.73340176863545,2036.623826461905,0
MCH-2147,82.30273797386165,5.098158928316945,108.14684437294069,1974.4611404047764,0
MCH-2148,69.48372619925476,7.049584117781658,96.88791710826318,2004.3982138737138,0
MCH-2149,61.784055944229166,3.893394942972739,89.08953282805925,2045.523055122592,0
MCH-2150,69.12072797783965,6.029851620129764,77.92452434328645,1964.4864550844045,0
MCH-2151,78.3073508286401,6.1116106710234295,97.37159500537607,2083.469172977382,0
MCH-2152,70.10443244147982,3.6849543715710604,111.78087368562174,1930.7701687636325,0
MCH-2153,71.15350452859342,5.990689928527326,88.75834015238065,2096.984572136419,0
MCH-2154,63.6991761741371,4.421760138631463,107.00209847518765,2050.0663067399796,0
MCH-2155,66.91819295980261,1.892934230992764,90.49847469948128,1995.513721183611,0
MCH-2156,86.47244113717312,10.361505404481987,101.06072576386838,1979.8665894381634,1
MCH-2157,68.41142451621883,3.8374325554756403,107.07791614155018,1974.6485868604489,0
MCH-2158,76.40821897501884,3.7182598058929184,93.40504563161572,1993.2102179871492,0
MCH-2159,72.78845530362562,4.395401197944917,101.70484680696914,1997.5752069225587,0
MCH-2160,64.44271021531483,5.408355087991082,95.84908663274672,2062.761312331729,0
MCH-2161,71.23252389216002,4.914094383766846,107.05148658938177,2098.432705019229,0
MCH-2162,72.49110874248393,5.822100387060756,102.35317168484637,2009.9689960327005,0
MCH-2163,75.70074519260633,2.9907659502070114,100.56507674429267,1957.7185756005297,0
MCH-2164,88.03982328448095,8.908071279411576,115.58349960141977,1972.7136979681902,1
MCH-2165,64.92452904086066,4.826004391517699,106.62306142368303,1990.8454607694357,0
MCH-2166,65.94571244394831,7.846830938988059,93.0964813387371,1948.4938947351611,0
MCH-2167,63.712110705426916,4.829281192379363,99.14136099202238,1941.052929894631,0
MCH-2168,82.7138978829198,9.207679593398876,99.2410121492034,2104.8563606186513,1
MCH-2169,72.33179187223168,5.057832753176476,100.80319572625211,2015.1306762973127,0
MCH-2170,74.9366725829455,4.2745120438436475,125.24509276607495,1958.3433433159826,0
MCH-2171,69.62024488178739,4.629913363828339,103.70851892710996,2040.8301785178855,0
MCH-2172,68.40076238372578,4.7473704319566785,79.64097429895224,1941.0826937596578,0
MCH-2173,70.7587899612437,5.905468608441108,94.57201028283035,1945.1993976064473,0
MCH-2174,65.82428549184988,7.061916901364832,80.67627912504192,1959.8478799467878,0
MCH-2175,80.44769360847387,5.539521271529481,96.7020174295416,2082.7256640432515,0
MCH-2176,61.96169486440971,6.780616518112633,80.12689770273572,1987.3559967110814,0
MCH-2177,70.92370289447862,3.5528153935554716,91.28409528931572,1877.9146506548757,0
MCH-2178,80.1180310961482,4.378054236778954,84.7927847036588,2060.5032966587796,0
MCH-2179,70.03399922279999,3.9135461986884996,103.84160177967478,1984.6809317918821,0
MCH-2180,69.04980482499253,5.471666886312279,100.0053936262888,1907.5295997060798,0
MCH-2181,68.21277288594787,4.461562422230879,103.02962307498731,1984.1658256018295,0
MCH-2182,82.69248180340782,9.300954826049054,98.95448611431473,2026.0501948302451,1
MCH-2183,76.86424237338265,3.603497432551338,86.05702249795583,2020.2024583266484,0
MCH-2184,58.940690443352466,5.064546459981922,105.13521369254735,2089.920748958241,0
MCH-2185,77.66716850648163,6.030286866518384,119.22224560269453,1957.3616068715035,0
MCH-2186,62.88021423774927,1.9020458374390845,104.09212578606547,2002.3360060132486,0
MCH-2187,68.66673835382792,8.182446960995305,95.74075400682435,1965.0215360710788,0
MCH-2188,85.68623447277594,7.31528388847721,85.71932823894555,1922.8903552906388,0
MCH-2189,72.9427663488536,1.9624401294857403,90.91933029240035,2044.2763686152978,0
MCH-2190,62.00937824058126,5.237140847865179,104.5303965657206,2023.163478457376,0
MCH-2191,72.31086333040972,5.050165201959726,110.73118026799375,2014.1839224849427,0
MCH-2192,80.12154811643427,4.87715843064126,102.60866174721976,2021.3395096629322,0
MCH-2193,63.18412997703595,6.48678666939,107.99887289705984,1965.726357365579,0
MCH-2194,70.94853083805198,6.121167457140584,107.07678244027242,1949.7152456340903,0
MCH-2195,66.69008911101696,5.446814286535767,105.06534391385918,2001.882368608468,0
MCH-2196,72.12943603096518,5.675233450919971,93.41526404738744,2058.060570120581,0
MCH-2197,70.09573888707877,4.843462325842871,101.73923511975153,2080.4038567726775,0
MCH-2198,66.79256545477845,7.663236273860072,91.51622196117862,2039.7716353403716,0
MCH-2199,86.20097989129849,6.483331849177187,100.17428952958102,2001.4587213384048,0
MCH-2200,79.02174054893372,5.209477511323845,103.30863531066912,2013.4891964699968,0
MCH-2201,69.0454810413635,5.09753694678317,116.78783807386856,2000.5796929662686,0
MCH-2202,73.5987897107409,6.2199206090968895,86.90268025632368,1948.7028330150285,0
MCH-2203,63.53363521064418,3.734219183862651,104.81507630991305,2001.2323689105272,0
MCH-2204,65.21781811590995,2.384491096405196,114.81236591623595,1933.2586591205754,0
MCH-2205,72.36203138940189,5.23523452414729,107.58847765838796,1993.796138694848,0
MCH-2206,89.17505525755946,9.002815504173215,108.32945442825041,2081.805255529816,1
MCH-2207,71.7780667439283,7.234399114171474,105.87694901867812,2041.1429611391675,0
MCH-2208,68.43470984738423,3.094456930512371,112.98334489775417,1953.8440407881735,0
MCH-2209,69.99645702711678,6.73204065007508,89.12521831887632,1996.3785465178858,0
MCH-2210,63.74796133015141,8.551121546040683,86.14073334029753,1958.2811844122632,0
MCH-2211,73.02257663177683,4.433352668716284,99.93665859534744,1996.8743115911395,0
MCH-2212,74.41166531161704,3.0635866707601638,78.38837896428291,2052.055390826228,0
MCH-2213,67.7395483358346,4.389538450439943,112.30645804178012,2032.650396915495,0
MCH-2214,67.6497892612025,5.021007451057071,112.20715195495441,2124.207204037267,0
MCH-2215,71.32939114826024,5.845681812510372,95.66649444915474,2059.6238701253787,0
MCH-2216,67.81640131979702,4.112907905242929,96.29229403339491,2010.2000190538845,0
MCH-2217,69.66933692687088,7.332797801221012,99.27652524849329,2033.8574987066647,0
MCH-2218,80.49860894583257,3.3282015274879075,100.5202065043962,1989.8778412908332,0
MCH-2219,68.76487149627002,2.3911922717408,101.27173919194286,1943.6247876456753,0
MCH-2220,68.20829923989389,6.660065636430976,105.58232106878303,2065.288828914376,0
MCH-2221,66.7622909718242,1.5880684531907008,98.27373646991522,2050.4495738465826,0
MCH-2222,73.72095985749968,4.693805346690926,109.43193303477794,1987.9472892703018,0
MCH-2223,92.6360006924445,14.079967983824368,104.45947777125303,2013.696786846567,1
MCH-2224,66.75313480839287,4.981934670560102,93.93036554127364,2062.0469593692405,0
MCH-2225,76.60652016136505,3.3188485239556256,113.35112667804097,2042.317571310301,0
MCH-2226,77.09801502256819,4.913903804319809,86.41743013877513,1926.844937437515,0
MCH-2227,66.99788217130647,4.9237988170707,99.07834189178523,2012.1810010744912,0
MCH-2228,74.36665872697074,9.059838147536992,109.66917401075467,1991.6184237255818,0
MCH-2229,75.0375684491846,5.993394473239429,92.76926895087855,2055.650034956934,0
MCH-2230,85.77985704054745,7.87670671471637,103.09555646767151,2051.552136939133,1
MCH-2231,73.95312799581384,7.531322082855191,105.43339596999049,2065.9303914089023,0
MCH-2232,60.14948091144082,5.3676714265589265,91.39476132018761,1944.1052830639896,0
MCH-2233,74.46298669149655,6.090191069602706,99.27522280405965,1960.7944232971881,0
MCH-2234,63.9441403535961,4.057775900366536,98.4349616979079,2055.704121806772,0
MCH-2235,73.65382059533262,6.9295732054933,94.48262148167707,1970.4177092328778,0
MCH-2236,70.07136533918217,4.614421386780403,123.01674852050775,1923.9283509542847,0
MCH-2237,65.23030290301678,5.416328770240297,92.36893646554525,2026.6298243807032,0
MCH-2238,67.9648184353661,3.600340884219336,110.04930294067883,1972.6390779867013,0
MCH-2239,73.4315922847835,3.5046025603968096,96.07198983118857,2089.48953851542,0
MCH-2240,70.52947226557617,6.032307959679324,89.13363811114718,2014.8092276994232,0
MCH-2241,72.92206490236242,4.334589754688921,101.02814243155069,2008.0129643320834,0
MCH-2242,79.88220292257742,3.7192653687434345,106.49093384387501,1981.5378054192122,0
MCH-2243,62.17879194144474,4.035224986959454,109.2050957506568,2079.5417666963485,0
MCH-2244,78.08606287484312,6.048429607576132,115.62265110655069,2017.927722994491,0
MCH-2245,70.52177968761606,4.056443208194583,129.452462899351,1979.5750240921898,0
MCH-2246,79.59501518935384,9.99612156133976,102.50514203755597,1960.2958146697276,0
MCH-2247,63.34843187130505,5.022541625430645,93.36907826174613,1996.326347271789,0
MCH-2248,69.05439804611483,2.1239766709845513,104.52874326794891,1951.1176581422596,0
MCH-2249,74.60825055962229,2.793310391939723,97.33787049593508,2051.443872083947,0
MCH-2250,69.36225439811233,5.5044168338713435,109.2596612985223,1909.5828972987883,0
MCH-2251,77.55577465123673,3.8944559582709544,87.02835703634278,1993.0242985833465,0
MCH-2252,62.744121549742204,6.585087366920628,123.68334542400437,2030.5066772543967,0
MCH-2253,69.93955526076972,6.450210656375816,108.56048094775512,2017.1059710054828,0
MCH-2254,63.73803277793441,6.0787529995331555,83.15995982203836,1964.1358513492166,0
MCH-2255,71.81815941312485,7.729657680968897,92.90971097685028,2033.0129353353275,0
MCH-2256,74.4344369504865,4.8753660083852255,108.16081044113939,1955.6980305807047,0
MCH-2257,67.89619103159474,5.973322888855758,111.76344056171455,1998.8807671751595,0
MCH-2258,56.978930716864326,4.123398535105953,87.27762372768036,2032.592078599018,0
MCH-2259,70.99474073398247,8.678554869303085,107.13025850432949,2023.1456389746556,0
MCH-2260,72.18369275866755,7.975450478654029,80.52660127338076,1966.2480494290267,0
MCH-2261,87.91847838345753,10.287969073743135,99.10664134528955,2059.8747258282183,1
MCH-2262,76.17891095911077,5.579879344857789,111.12046842103206,2004.3347285742766,0
MCH-2263,64.64473160175476,7.038946399047209,94.4848426989702,2037.1497705469576,0
MCH-2264,73.40108052725225,4.77929074277884,84.93077700861987,2076.4550503336623,0
MCH-2265,75.96253756238987,4.015063893800443,101.46214796377559,2055.8760274387305,0
MCH-2266,61.10706207996742,6.310984626510324,93.95281133364522,2056.006470316552,0
MCH-2267,71.59825912959488,5.117658869125505,106.29558366065835,2009.6339964924737,0
MCH-2268,67.47910084496164,5.274491674467891,91.1467356778194,2039.6967560455255,0
MCH-2269,69.59238663449177,3.7485929853980515,92.273631103469,2010.6798287282159,0
MCH-2270,71.73838241769168,2.4234917774549056,79.78997679123756,1939.5337766110792,0
MCH-2271,67.56385717943223,5.354213614818652,101.69944711051482,2015.1371896252522,0
MCH-2272,66.62145960419194,6.3574430622413,98.39095061723401,2012.8180491869232,0
MCH-2273,70.17076208744012,4.661289876385937,88.1161532925993,2029.186468076091,0
MCH-2274,81.21723823146067,12.243287822637111,101.93798713767092,1993.6001512393302,0
MCH-2275,64.57087435557408,3.9441255118766834,110.2707030064414,1961.9272221618075,0
MCH-2276,73.39686641478252,3.4179433175511202,97.8443205658105,2032.8253041587614,0
MCH-2277,64.25602982420672,4.899154539205803,102.68166949821973,1934.3363856373876,0
MCH-2278,89.60036580008166,10.376726524108083,102.73311249585164,2072.9409567928233,0
MCH-2279,72.31295646426976,6.154953097002834,87.95670172821039,1988.4290969397505,0
MCH-2280,61.37096635604702,3.8375557639040228,120.56585820707596,2012.2764086028085,0
MCH-2281,66.61217673832172,7.052141355222347,95.29150169877715,2027.9279076640787,0
MCH-2282,90.73507814210784,11.901498210242787,106.5611620186027,2029.5344022422096,0
MCH-2283,65.0941723443016,4.941283959547487,107.6921527722905,1929.5507850024132,0
MCH-2284,67.67797868845307,6.874565630276478,98.60404872884249,2041.2043290272131,0
MCH-2285,72.31030446625948,3.41525439406211,106.06795025059634,2015.1576914188136,0
MCH-2286,73.91695254641297,6.612832311772873,102.45819221816389,1968.2369307720696,0
MCH-2287,68.74230556977753,6.570914612839194,85.82360242772594,1962.5166524527044,0
MCH-2288,67.01244902654179,6.295155920284818,96.67727298749912,1983.2973458971578,0
MCH-2289,77.11184930849254,4.976655366694559,93.87449097645938,1935.0629156694754,0
MCH-2290,78.6944983189879,0.5686265881369534,95.38254958653873,2086.1133695493513,0
MCH-2291,74.89429025390898,4.0374092845218055,86.95996822163362,2074.3075662571673,0
MCH-2292,70.42659071282512,4.0611259734730965,111.2643371674603,2022.585010048797,0
MCH-2293,65.95867139179536,3.532617592909284,116.01992654613413,1988.8300791828954,0
MCH-2294,82.39037466230971,7.823236888412312,109.78002975998409,1990.1446006031301,1
MCH-2295,72.61257052632878,4.371554831718148,112.70529224147143,2037.9032853086983,0
MCH-2296,72.09199110444342,3.763081985352467,96.55365162991843,2087.8913449750976,0
MCH-2297,77.00799296473215,3.4117997776282705,93.63743165013963,1971.4801630201628,0
MCH-2298,73.25225046268069,3.926730521772157,92.21412953188289,1944.1206978688338,0
MCH-2299,62.48459849120091,6.682248817774893,106.44064922957223,2077.3820386797634,0
MCH-2300,75.2597380886146,4.008462418058759,102.2706305314415,1910.6430706207775,0
MCH-2301,65.00969686342793,4.2275919403500914,99.22778288401574,1949.5734595873678,0
MCH-2302,68.08014364023825,4.314953577465131,112.95148544195342,1987.6571053744574,0
MCH-2303,71.25100103125847,5.5084902707141294,104.04941353815343,1921.9783266097484,0
MCH-2304,93.77967828092957,10.74865010463727,91.61342362479415,2055.60745314033,1
MCH-2305,85.5495927800268,0.4330151911352571,93.19091170864306,2042.845263525255,0
MCH-2306,73.03361529568092,6.532452820741412,106.81993299254145,1971.260338639234,0
MCH-2307,69.08401690639806,7.154552051365631,110.41732852654597,2063.9807059588875,0
MCH-2308,72.67252824240275,3.424720193957496,105.5168023225597,2072.464621420191,0
MCH-2309,74.43827712936918,3.541552632897748,118.96888747872082,1994.3414675854967,0
MCH-2310,68.39666187221404,4.324619918332592,116.35007165731419,1977.4665911215995,0
MCH-2311,78.97605677956162,3.8659939708150928,104.41035834850763,2112.980101387124,0
MCH-2312,71.15035379595702,5.335890310919909,91.61419340518498,2036.0580911042077,0
MCH-2313,72.48871544545698,2.0802120704617035,86.90012488268232,2012.8162326484426,0
MCH-2314,86.34742180309671,7.99637963290504,96.12618254985286,2068.1772973319808,1
MCH-2315,72.10793305307227,7.308795800262361,107.53213446416157,2015.0965317501511,0
MCH-2316,74.19470250234806,3.6076700489779734,118.26647079311938,1974.7189707040407,0
MCH-2317,81.96818636574773,12.300790702573053,104.174470344108,2004.0079880243777,0
MCH-2318,67.20849123026984,5.5330072933852055,111.68722794231236,2051.9327143659866,0
MCH-2319,64.49922883514152,2.286098428117613,97.54692513812198,1900.3907216825394,0
MCH-2320,88.27165266967084,8.611271549467995,106.2276912522755,1985.5984630280389,0
MCH-2321,73.89468251756057,4.82349904671072,108.23356829477173,2069.15286992908,0
MCH-2322,72.28886433075942,4.31679941562539,80.20405724147471,1974.4065799453242,0
MCH-2323,78.37246216673769,5.367435639758006,95.8656119762349,2077.3054280215706,0
MCH-2324,96.03442031034967,9.89411118279481,109.4970038427787,2070.7371909679905,0
MCH-2325,88.79905298318265,8.771753225126652,102.74468335636566,1996.7235442255524,1
MCH-2326,64.54149561930343,6.767379271322003,88.03484951849067,1971.57303475555,0
MCH-2327,68.064501487628,5.612203869167534,75.69877624272644,1985.6320562925182,0
MCH-2328,73.47768878782888,2.9365488668204573,96.34219254697993,2133.230724600072,0
MCH-2329,74.24551055371572,4.289531813523213,99.28414307106121,2093.721222346662,0
MCH-2330,68.53016526167909,9.414572502902931,91.16077050171654,2006.2695485903369,0
MCH-2331,69.64200374070967,6.086736590572592,101.43084937027994,1969.5923224189796,0
MCH-2332,62.410631266595956,8.553930951217247,105.06386747232895,2005.8520517790632,0
MCH-2333,68.21485399596695,7.093151123298778,106.70687170726232,2012.1913463308383,0
MCH-2334,74.45191581759893,5.362703107333623,76.44081075067677,1937.8320631195322,0
MCH-2335,72.87602508053283,5.4521106046716765,86.8571490219188,2004.002063460763,0
MCH-2336,72.50332860690605,4.9451299401847315,96.95377351645264,2066.1202162405866,0
MCH-2337,70.2488684359048,2.393293076230251,105.72173131037464,1910.0321659391764,0
MCH-2338,70.03531579314088,5.027070878702337,104.89234013550036,2041.3291982568624,0
MCH-2339,66.69839430263276,6.816011828813296,104.71869947876675,2068.739898502739,0
MCH-2340,73.49414210101267,4.100540007768195,96.16582058031068,1971.9721327452817,0
MCH-2341,87.74997215835864,8.193949164771746,96.7236656269004,2084.708787909553,0
MCH-2342,72.460094239964,6.2773865688397965,92.7167073157826,1965.4831468775828,0
MCH-2343,67.3698257866621,3.635479341031287,107.68194128105849,2022.0541330930203,0
MCH-2344,59.23328540064378,4.323045703484503,90.79511212260422,1984.6613657668186,0
MCH-2345,75.48576355876848,3.4731327642842613,108.5003639518957,1984.65018214187,0
MCH-2346,67.60581271995798,3.7667515899658897,102.07853238137646,1969.1350465120977,0
MCH-2347,65.6861211797844,3.0685920745204083,99.54955521544846,2034.928774043101,0
MCH-2348,73.46739455956997,3.6493273079329596,93.43289600223534,2042.4402728865725,0
MCH-2349,68.03993680040435,7.129183521196759,86.44458138835874,1996.7788900211406,0
MCH-2350,75.29968192023311,3.626784456364561,93.52347243621955,1932.0015893163863,0
MCH-2351,73.08502974788348,5.189688828591035,96.69993131375114,2020.1585083317195,0
MCH-2352,87.85501918206955,7.228802355255965,76.3097568841875,2021.1007179705348,0
MCH-2353,63.17022144399733,6.768298905555408,98.02644844665336,1989.1642494306786,0
MCH-2354,76.059719926932,6.966743444905425,109.24357368026006,2093.3615643590406,0
MCH-2355,71.30625265616928,6.29610497320842,105.67217905433873,1921.8035367549674,0
MCH-2356,68.15361430376899,5.459201829654133,95.03794124258492,1889.1358144873216,0
MCH-2357,70.71694233671126,4.653410694738652,100.46936298415228,1963.4582550151165,0
MCH-2358,61.1188238355084,3.212187943713125,94.43835430578001,2035.5212267045724,0
MCH-2359,72.04326405740335,7.915293321683295,101.48760733335696,1947.2077681283079,0
MCH-2360,64.85314245908964,3.8604904733711702,115.40107823744032,1950.9514540736961,0
MCH-2361,63.23664857078233,5.995469520549262,109.68498802624876,2047.5510668089078,0
MCH-2362,62.38820406891055,6.589348358935096,105.20794305692753,2023.1273961398874,0
MCH-2363,75.56344187494963,4.167079254642006,95.07115087616282,2018.85304548142,0
MCH-2364,66.85368303153605,6.5570187909739435,107.49938392944838,2039.0714459732765,0
MCH-2365,77.6686385495825,6.146319805008283,83.13123048626947,1978.7403523363557,0
MCH-2366,67.32099268473851,7.591945753072648,97.4764651800911,1981.0507962970905,0
MCH-2367,61.463210212035264,4.2959803003599335,105.8371141982395,2040.4889636280714,0
MCH-2368,64.4173778002567,3.0712039740804276,107.40421214047751,1932.75566096094,0
MCH-2369,76.1790581000347,4.241765366833233,106.6988449021574,1892.8640076800727,0
MCH-2370,69.22050911031667,5.3132803138014975,102.94830689209695,1978.3357913186073,0
MCH-2371,67.25856351754699,5.0873190906275845,98.04275020916117,2046.5436644532847,0
MCH-2372,70.80009112926393,4.409843155588174,105.37975969826489,2012.7779849493402,0
MCH-2373,72.50891368083772,2.1362038115341355,90.471389594137,2042.8645752061507,0
MCH-2374,86.55129672321281,11.3221500516837,91.5532273670675,1899.1852844788418,0
MCH-2375,77.24249614946463,7.9585167186233,100.61734676460297,2015.7748404161746,0
MCH-2376,68.20115677105457,5.6963768571845055,101.73197642708747,2032.693225232119,0
MCH-2377,63.36976156958981,5.91370327858027,81.74384821435353,1932.4601288694657,0
MCH-2378,78.8928483137154,9.41824783165831,104.55146380949519,2043.1028795273273,0
MCH-2379,71.30140253291444,5.5955700048236,107.72728377919394,1994.4240551747102,0
MCH-2380,65.18120536894695,6.397498950302142,99.22714762533705,2153.5668350803003,0
MCH-2381,65.21424542552478,5.593060521778499,123.74466283283992,1891.1381965551632,0
MCH-2382,71.71893940774943,4.530984245520086,93.17064893684814,2068.4557183837373,0
MCH-2383,69.75673824214775,3.806016634986869,96.3891283661313,1980.2920951736962,0
MCH-2384,70.16398497705794,4.626539517078987,96.0493309387279,1919.142414277998,0
MCH-2385,66.20752332649965,5.471194244675999,99.23812388708983,1973.6522428217504,0
MCH-2386,81.96604146761203,9.621068657901068,96.71275187033709,2013.8739620668732,0
MCH-2387,65.37883427865847,5.471508024697146,85.93189455395128,2051.8733334782523,0
MCH-2388,74.45099205562393,5.658725200550626,94.53451703763524,2086.098214406609,0
MCH-2389,75.17624667361876,6.2497691469052725,99.02379304225924,2071.0946544352173,0
MCH-2390,60.76906068880953,6.92419245325847,112.28572082061997,1951.7308989647752,0
MCH-2391,65.35244569903794,5.117011127718286,122.02243273372913,2056.508234613306,0
MCH-2392,76.66108316168396,6.519378069635032,113.35473897850655,2019.5642478560437,0
MCH-2393,66.74988032796551,4.482343854771215,92.24620970327393,1967.2698489535505,0
MCH-2394,69.58281015104819,5.066093851109899,93.04190389373835,1989.4044703261259,0
MCH-2395,62.75177390150735,2.246346865734365,98.4067142249065,1964.5078670277637,0
MCH-2396,65.39070093437343,7.082996780153723,117.84558888853586,2001.8546170968227,0
MCH-2397,64.98021313959251,5.2135668687656995,98.34575947818107,1963.517105885294,0
MCH-2398,87.93063692261632,10.320620550120992,86.72492509462569,1948.6002963391281,1
MCH-2399,70.34672168518125,7.048289693789399,94.98822863046965,2023.9559563891387,0
MCH-2400,66.39131223331373,4.054785754786479,107.57056001819417,2031.4365274129818,0
MCH-2401,70.884104360697,5.861062896326045,106.89940276896087,1990.6201499954193,0
MCH-2402,67.26659957706367,4.835203815347096,97.99783333508344,2068.3825651967986,0
MCH-2403,68.64172444836973,4.723869699476121,106.83414673560031,1986.9784706752444,0
MCH-2404,95.6410295535264,8.011467847830303,77.26827797453169,1984.861272743723,1
MCH-2405,76.70230525895174,7.498404820529791,101.03829235032698,2033.0244491172848,0
MCH-2406,63.50209381536201,4.436749939886644,108.6068542136863,1993.3787207528333,0
MCH-2407,74.14866208939587,6.049196370343553,91.67136724845464,2004.2398864513073,0
MCH-2408,74.05698277245796,2.1874889187920954,91.63661463503712,1873.9780764690468,0
MCH-2409,64.2586835562369,6.7699827945346795,81.33551847236525,2000.8353692368987,0
MCH-2410,74.09388821877431,6.578316733935588,115.89895594810694,1908.640203126437,0
MCH-2411,92.560539795353,8.53956914632689,92.79846022978434,1938.9524714500565,1
MCH-2412,64.38727596877793,4.659586300793113,102.41043277862111,1933.2338730622248,0
MCH-2413,65.41248589492868,5.600000008420349,106.03917041483375,1947.8708423233088,0
MCH-2414,75.08830733421752,8.433185991320434,115.12067949141453,1972.5573070183873,0
MCH-2415,90.07953504955827,4.334762681346525,98.46102226014365,1975.6753692227257,0
MCH-2416,85.590380504647,10.614095194176837,94.60570206221581,2033.2137602128562,0
MCH-2417,71.70294608200248,3.632574046769146,101.73067648570553,2011.1193907067347,0
MCH-2418,71.95347960464072,4.970122405550403,112.84080276542286,1904.9462785591006,0
MCH-2419,63.367639358444585,4.628179821382005,98.29827468599217,2004.1647318773405,0
MCH-2420,75.23658853310724,4.357522613303367,90.45130918415924,2015.9127623291713,0
MCH-2421,75.84794996213887,4.984302306420906,84.59242191684638,1983.571674187352,0
MCH-2422,68.85304627965986,3.298743282083314,87.78702615394775,1996.955701154665,0
MCH-2423,69.78261525093069,6.543770654191951,108.64391497406665,2009.5155062698527,0
MCH-2424,62.34446248722139,2.308784733202099,96.79375523693189,2038.229979881779,0
MCH-2425,88.86371599218141,8.333968021052355,93.9247909007929,1921.2560006268632,1
MCH-2426,72.86028720857072,4.510196221198143,92.84032776816058,1987.7841480680177,0
MCH-2427,69.68904491500345,3.2436126592888197,100.85045860200182,2075.4168049028863,0
MCH-2428,90.05343846677398,9.03341494928587,97.60544906234416,2070.8330654148976,1
MCH-2429,68.3296138451003,2.664573369940283,97.26867856280748,2042.546846388789,0
MCH-2430,72.823029629468,5.059570732579452,113.4932392781074,2026.8412341977837,0
MCH-2431,64.90167830653942,2.8656846382826684,115.38016281861633,2082.7317374201043,0
MCH-2432,69.88223924562881,5.691908126476747,83.89978327091004,2095.892400080333,0
MCH-2433,69.12822871048581,3.613463999554437,103.27592731142957,1993.5460005976574,0
MCH-2434,71.1265396102047,4.323508974456036,92.23137901378608,1951.528377835584,0
MCH-2435,68.15236535583321,5.440924081914743,97.51748886138907,1986.4853841187753,0
MCH-2436,69.34263702164166,3.8411868322366463,103.09278385126694,2154.834775688603,0
MCH-2437,74.13023585720754,4.913054000497546,97.8728008306908,1921.5321828637402,0
MCH-2438,67.81617881380892,2.7292542481327198,102.30459880627633,1976.473043023529,0
MCH-2439,61.96711449630661,5.946313405394234,106.72970206031917,1929.3654423753685,0
MCH-2440,78.7479195210271,7.647370708326157,102.9457680054032,2006.2381931438692,0
MCH-2441,76.90727039345244,9.188313301864941,93.53163695832376,1939.8654485552565,0
MCH-2442,63.538686524471906,5.136752219999659,93.70800393029677,1994.5624488583192,0
MCH-2443,73.44853902622597,6.18230621119578,85.60294703381965,1902.495241999062,0
MCH-2444,78.33578759377758,5.764181443914013,91.46079702479281,2030.8810332542325,0
MCH-2445,71.3174360766553,7.254101489458382,119.62068361898528,2061.117262823399,0
MCH-2446,71.47112064506747,6.164342757086159,92.07996425904756,1980.8028188968271,0
MCH-2447,68.82796099841839,4.2740998325731505,88.0662118755618,1993.2434996462148,0
MCH-2448,66.08117167206802,6.855771200433514,103.19927861844774,1991.8296384634343,0
MCH-2449,66.5472947384187,4.6182858850319874,98.8963524070814,2009.0455337612514,0
MCH-2450,65.41904042259378,4.312962225478165,98.04406763150774,1998.0915206516786,0
MCH-2451,65.84088895884777,5.713002388141237,114.0904596641209,2038.4058476215348,0
MCH-2452,69.66410854975322,3.404968250254522,105.49126675558365,2061.6519566725474,0
MCH-2453,66.42120005444625,6.532437146599922,94.70007068296525,1959.2964388753908,0
MCH-2454,73.4102603285631,3.416015282109735,95.7552408240822,1984.533575361285,0
MCH-2455,77.43623077667964,3.4249178152652204,94.97413486094315,2045.0809724462372,0
MCH-2456,67.09973379314978,3.6354653173874985,108.74739621580257,1928.9165475970483,0
MCH-2457,71.19702250267689,6.139250056274183,96.91852370546863,1901.4639359077214,0
MCH-2458,72.49842555151467,4.074836957720438,82.0684649754585,2011.315797644924,0
MCH-2459,72.36001135459637,2.9780063234492467,99.51680321265655,2024.8173205535245,0
MCH-2460,70.37977633958043,4.091480000096303,84.62973998872071,1963.8849906023204,0
MCH-2461,73.71341209179862,4.95193644397927,121.84230601754902,1971.0674472939772,0
MCH-2462,72.41124476340329,3.2285412745034217,90.34332086152769,1961.9903839129552,0
MCH-2463,79.68005273494092,8.205379997558076,98.38135234642269,1956.6537380327782,0
MCH-2464,74.34578032194636,8.166944501149377,102.58202734701138,2034.67479103023,0
MCH-2465,74.4364541863337,3.7091518942791697,97.1134183932077,1940.975075650118,0
MCH-2466,66.18356947910709,4.51543644684049,97.09969598533807,1986.7238569283325,0
MCH-2467,70.18968917723801,4.449144498801071,104.21827286160877,1954.7331916242574,0
MCH-2468,73.41664496405535,4.367964788344337,115.26215958796278,1927.2355512049392,0
MCH-2469,68.9534309021032,5.932020109953653,107.67509081817298,2043.5089087373385,0
MCH-2470,75.36489023883006,6.422214425708074,114.78513878573543,1974.008738891323,0
MCH-2471,81.8193624730968,4.541068352702612,89.53380891906498,2009.4220040210378,0
MCH-2472,66.07006983682508,3.1452825701114766,103.17362633255361,1924.5962060099496,0
MCH-2473,63.094776984231125,6.911660341773355,101.5524605205828,1962.9030273121762,0
MCH-2474,87.83628595558258,9.380203855137763,103.51091291676735,2037.8043940347502,0
MCH-2475,90.31777924102636,11.264743135798655,113.76231970635573,2129.3635727922656,0
MCH-2476,68.84566813077616,1.6316211536522558,97.79210850207946,1901.1891967804845,0
MCH-2477,77.26630331660517,5.29310483192498,95.94496633445912,1989.9446102355287,0
MCH-2478,63.30697100138376,7.877909500814312,105.33980797418664,2020.614029907175,0
MCH-2479,73.46459311515805,4.470103796842762,82.21797272434152,1969.1949923380357,0
MCH-2480,66.97069589620553,4.661759864998046,97.63147950877821,2042.4760993497061,0
MCH-2481,78.59688953103648,5.443267537385508,98.65802310714547,1956.6633664669844,0
MCH-2482,79.9625767658406,4.161806271672564,90.79641383693075,2007.6923830108321,0
MCH-2483,66.16671706108326,4.531892101920901,110.57059011356577,1973.896404775082,0
MCH-2484,67.2522143204571,4.493277358712896,89.37759682656716,2060.9715541477385,0
MCH-2485,74.297939434899,4.058868898360441,98.64126951636204,1966.1817748482197,0
MCH-2486,68.06434675105243,6.84328482530084,102.93157225322969,1982.406310185674,0
MCH-2487,69.77294391033881,5.691617048444653,113.53451561476119,2047.2844518748577,0
MCH-2488,70.12694210271205,5.375942348154953,99.89443565119147,1948.5980670453569,0
MCH-2489,60.40163421901172,6.212856510335175,109.3615359412821,2003.4375028381787,0
MCH-2490,69.93081126952882,4.6034662501948,107.00595397277128,1908.8732828156699,0
MCH-2491,66.55136112967914,3.838694272470649,101.23457556169143,1945.6033270685462,0
MCH-2492,84.10306551628831,8.898077145808134,89.10486591726544,2019.10656379454,1
MCH-2493,77.21816001734408,5.002674561656914,85.65419139095651,1950.4651245231885,0
MCH-2494,63.71746552860372,3.411182437440647,101.06505401419186,1972.7713534088105,0
MCH-2495,74.06602593373988,4.249608475119986,94.57303126097386,2024.654320102397,0
MCH-2496,68.60518534834095,4.225825037192848,109.19261091681292,1971.0406929426535,0
MCH-2497,68.60119915752082,8.18683434474352,107.45856518098577,2041.1421036608178,0
MCH-2498,73.95185948025856,0.8392775900991252,98.1538900556295,2010.7831393743031,0
MCH-2499,71.70025647284446,4.73057041789155,88.4228707605873,2021.7841555962252,0
MCH-2500,72.85306498609765,7.588540689222156,105.10735549607273,2062.0482799369265,0
MCH-2501,74.84092330266431,5.182766696198681,89.82050553864849,2015.9911531307032,0
MCH-2502,68.34345808408338,6.130126210131639,92.41536077069135,2076.9423645234674,0
MCH-2503,66.93881632746125,5.149739472649652,90.20584261784846,2045.563114151891,0
MCH-2504,64.57424736721102,3.9989999281752793,98.61498978060047,1973.8273785082772,0
MCH-2505,65.87294735010522,1.6371260982366307,111.70192334070562,2064.6574037510636,0
MCH-2506,84.74547212654363,5.308183530554454,99.94959129776471,2013.1933010451473,0
MCH-2507,76.22339790368393,3.8365900930964134,95.56781307572304,1980.2660145669747,0
MCH-2508,63.24462816895989,3.799496890752044,84.74385069954755,2013.919284766044,0
MCH-2509,63.38771021628215,4.251519116031332,105.52124584729843,2055.6163412195133,0
MCH-2510,72.40933030859246,7.61729210993524,92.19595394071372,2022.7522547121112,0
MCH-2511,93.27603893777302,11.304438699127772,101.17517619158096,2091.1196416275698,0
MCH-2512,72.74441917658682,5.325811906292602,96.4578138408336,2054.326527894941,0
MCH-2513,68.72522103223152,4.302849164132408,108.38177219599437,2026.1580016701082,0
MCH-2514,69.3727286999855,3.2341603738231846,98.42763607971447,1948.696595862942,0
MCH-2515,71.63939762079679,5.702810242319104,99.41073645476948,1991.013374299494,0
MCH-2516,70.42946503146665,7.6743584000977165,104.8574714745546,2003.5832069875426,0
MCH-2517,58.90349813626233,4.628989419462265,121.06940182263186,2034.8315750608874,0
MCH-2518,68.85100184712402,1.4315059388701634,108.88446930358555,2031.8666520636095,0
MCH-2519,65.74296782869843,6.005074507723286,99.1139389365139,2008.4770205109144,0
MCH-2520,70.87605709454256,6.478099567175074,100.03197990615288,2006.0174957688585,0
MCH-2521,84.92629501301705,2.621231539421229,94.75140539675566,2036.0228447538034,0
MCH-2522,71.83740832737152,5.2647262754944295,90.50004296480304,1957.0706887185006,0
MCH-2523,68.432351569138,5.676839024204148,94.47249212933679,2084.775790962493,0
MCH-2524,74.60900750988625,4.890339046986592,92.27851036288058,1897.6416557418265,0
MCH-2525,72.41343943604606,3.8138436213719693,106.53368383795885,2072.7704741086013,0
MCH-2526,72.10047245225921,6.523905835345334,89.28805142131014,1997.7407235787418,0
MCH-2527,92.86570717204796,9.208620348087704,113.33210561380044,2050.1289907135797,1
MCH-2528,80.28271782414771,2.772220755950102,107.5204638361883,2018.1920217146305,0
MCH-2529,64.34555782337043,1.9257882714954784,100.20501729367669,2017.30172054554,0
MCH-2530,72.36816038405728,6.891274279998965,100.00318611465069,2027.712723801326,0
MCH-2531,78.02812537905582,9.506117392412849,94.42718690385446,2040.452714454389,0
MCH-2532,72.77756323171124,5.131960320693754,102.70084411347764,1983.558458670638,0
MCH-2533,65.40656744256952,4.3395880447237944,110.8809246320859,2051.7399565263117,0
MCH-2534,67.91316593197458,4.206502378695309,92.96843537744186,1945.776468821061,0
MCH-2535,68.52455042881047,3.386395027337583,84.66607911081269,1999.7334713336938,0
MCH-2536,92.26236366447608,6.389824625507451,107.03218254856743,2041.7984962136138,0
MCH-2537,74.59227221971207,1.8198691773197382,103.243659742438,2049.7508789807944,0
MCH-2538,79.41065430568274,7.808280973542997,88.7980119855882,2023.03944241307,0
MCH-2539,70.27467055499925,4.533593725473359,92.66608629085881,1980.3303781022132,0
MCH-2540,66.45210072625413,5.914820070785629,91.40895725949859,2044.8353889184352,0
MCH-2541,63.70747544662333,4.940110304939954,92.75467730965751,1966.5316880440623,0
MCH-2542,68.91491474787814,6.192384670813339,96.76317245958812,2087.5704536874455,0
MCH-2543,68.4575860577209,7.023702657670144,97.33452695719252,1995.7664551250168,0
MCH-2544,82.13358243172762,6.587255140736152,93.4920634493154,1923.018715289702,0
MCH-2545,72.16479912680349,5.705764771067836,92.41836180500071,1940.2658265991724,0
MCH-2546,63.11191249622881,5.017794018771176,97.71215656080618,2002.1821818439794,0
MCH-2547,67.17612997914529,3.5288179873796612,101.67691534859561,2006.9912635663027,0
MCH-2548,87.84046629653625,10.053254534655736,96.83703463635155,2098.482834247555,1
MCH-2549,80.44221386434963,7.519621073332294,111.58667023341302,1948.0750331192887,0
MCH-2550,62.07008343881021,5.513159059475627,105.08087714420786,2001.9731099651965,0
MCH-2551,60.60037807430477,7.875888722639185,84.09154143141305,1947.0289296458973,0
MCH-2552,93.4606444947163,6.6571983469603495,105.23727765413854,1975.3672573393299,0
MCH-2553,71.94807088685452,3.268754922830688,106.05543982585583,2084.1986015034668,0
MCH-2554,65.65853634061817,6.282802261622393,95.65265031875809,1943.1831888422005,0
MCH-2555,90.75060403051788,10.634231819041487,85.04802412696844,2029.3521212033918,1
MCH-2556,56.82126130491561,6.970673264857711,100.08066759411136,2019.6453679507197,0
MCH-2557,70.0168775329858,4.976792538909891,99.92291348517756,1998.7914286820896,0
MCH-2558,83.46492071234387,7.1540970992359085,88.78353763466805,2025.9718311595868,0
MCH-2559,74.62135069768915,4.679610136692436,85.48780783740065,1941.9989809028357,0
MCH-2560,64.93052023853731,2.7009740436143987,99.1244645354656,2082.816125390178,0
MCH-2561,70.4284358070168,3.3071139903544484,97.66922807949177,2096.242274756176,0
MCH-2562,65.37287686970207,6.4586659968770155,95.82734634677607,2002.3552348879657,0
MCH-2563,71.27691877837158,6.309181121704415,99.16589265253438,2121.1553065306775,0
MCH-2564,65.52326838818487,5.544506427209115,88.97223626179681,1980.048603422504,0
MCH-2565,89.21988921750463,5.632875531767682,95.65179387133885,2020.021599692814,0
MCH-2566,65.02092302604885,4.462394636730667,105.33325030614347,2071.5944531887258,0
MCH-2567,73.25568120911828,3.162500167009924,96.5002991964871,1977.0497769888545,0
MCH-2568,74.29225558328332,6.7647998806816485,83.28027528207448,1930.9225470560282,0
MCH-2569,68.82689715021293,4.124416799656098,95.27307722276429,1919.4141467190573,0
MCH-2570,70.19118997480014,3.371378433827676,89.2984153649314,2103.041328195133,0
MCH-2571,62.75704292683228,5.044694247682137,102.6713629646173,1973.5487674680612,0
MCH-2572,68.50161675996607,4.039768314748082,103.18837403380425,1990.713161829075,0
MCH-2573,69.74897691479127,7.22561586530556,83.4122537491397,1944.3617960839472,0
MCH-2574,83.10396545514988,3.897783653698714,107.5901297058219,2047.4169639664594,0
MCH-2575,64.44016487112918,2.901157611163053,88.87813698721442,1960.9220070387707,0
MCH-2576,77.32088619376219,1.7706297263637265,115.59182290482352,1975.436848616934,0
MCH-2577,86.75760877554544,10.266580905385918,99.51223735499383,2014.9760209708081,1
MCH-2578,71.40318202245068,4.157104829213111,87.53606501460838,1946.7977036377213,0
MCH-2579,78.79310242097567,2.85664309023241,88.58013929307319,1991.0708865242887,0
MCH-2580,71.86052736303431,6.783839691883678,103.48095291787345,2070.1104794751636,0
MCH-2581,71.94579597833965,6.000867721143862,96.08700110101623,2021.412719875843,0
MCH-2582,69.73439673491227,4.9576731815941555,99.0334609038186,2006.527114621418,0
MCH-2583,76.11784441209313,7.046489366256299,116.1278023269704,2010.7432354731932,0
MCH-2584,75.48234616905442,5.9938040500979195,93.00755935770925,1980.5432452011719,0
MCH-2585,66.87161356251895,3.7657161477223515,100.59962857695706,2099.8076159877464,0
MCH-2586,63.40376402700616,3.441169754013851,114.19844487373054,1959.3921434732965,0
MCH-2587,68.98509681302171,6.226972316680792,102.705134754664,2010.5463080981965,0
MCH-2588,65.99980717801176,5.594550434701026,83.93397264641995,2005.7512783171403,0
MCH-2589,69.68237712692323,5.2546216519559925,105.05389011732137,2050.4381253566567,0
MCH-2590,76.1871906734207,3.730253295696639,88.36997142216556,2055.158696939682,0
MCH-2591,82.19471197556183,9.680599022816809,114.06807528732965,1998.3990597756465,1
MCH-2592,69.78588309344212,3.866751675299076,91.77132395002022,2014.5333246556525,0
MCH-2593,70.29011367404198,4.847020018109483,129.69509507745664,2016.4267376956975,0
MCH-2594,74.24215441102642,7.17041621958047,114.67375988327679,1886.3929172214696,0
MCH-2595,58.765553330076976,4.008748646284781,92.03387430372021,1920.5505198761111,0
MCH-2596,66.96649852617351,2.6405161143907083,100.20013805001611,1969.7468154639014,0
MCH-2597,71.05641846139736,3.4211792121948346,107.53644281633464,1971.9200661811565,0
MCH-2598,89.3827061717656,10.997726711519022,107.83660474226707,1940.0358789017935,1
MCH-2599,67.54048776246897,5.382096706070314,104.42336259976197,2037.4791285686815,0
MCH-2600,60.617236469790626,4.8066839319668695,112.5215903696611,2000.1059210508736,0
MCH-2601,73.09855722983067,4.236359292032645,98.7703105336563,1989.265272630658,0
MCH-2602,66.82318805587185,5.728039861329785,96.33282331423968,1937.1922362746307,0
MCH-2603,64.0516667045482,3.726342723514665,96.53136012075389,1997.7727567877605,0
MCH-2604,66.87827305143388,5.458498352963894,108.58373231972128,1868.6657622000694,0
MCH-2605,69.07737321172075,3.9031181467805647,103.65181040302646,1991.852184459708,0
MCH-2606,66.97627667730893,3.653510922087419,102.91283665690257,2003.1591834403878,0
MCH-2607,58.97216971450465,4.0437688477624825,107.95234249257182,2012.0957492160749,0
MCH-2608,74.48533098443566,4.436888830274057,79.48947592146145,1921.794911826036,0
MCH-2609,94.92006456470942,9.142287225893527,103.1006882387515,2011.2408368345737,1
MCH-2610,73.25760995669754,5.353183692666671,102.18568888873716,1947.9284365067729,0
MCH-2611,64.31157164787592,-0.5325479371426667,116.68808081300705,1959.3765083853832,0
MCH-2612,68.99254233026241,3.7885241633798525,84.71412017736333,2035.8965692911333,0
MCH-2613,69.96739342385271,4.412645033965941,115.57186632376758,2100.705686167987,0
MCH-2614,72.99397194780956,7.257593057912495,100.75409128924666,2002.567937940134,0
MCH-2615,73.3417024435904,3.379996087426802,104.88989530660045,1959.1452270679883,0
MCH-2616,66.32913100610752,5.244194927149869,116.75918787609376,2009.4335223755,0
MCH-2617,70.4099777820678,7.242545464603756,105.60761268005572,2046.9514578749572,0
MCH-2618,89.50556948253849,4.850766013114839,104.00368289462561,2031.0498782936368,0
MCH-2619,89.62787958535284,9.180886000180692,102.42291185802318,2137.155643623187,1
MCH-2620,87.12062976847781,6.8645924715681375,95.16521865005623,1964.2331215452666,0
MCH-2621,73.94528343687759,4.243049386566148,99.71510875489606,2012.6115739959648,0
MCH-2622,70.4191331396468,3.7953337490700285,92.84487233877252,2077.44589767091,0
MCH-2623,94.19873102136663,7.7793279953992585,99.55433100574518,2074.3079618509264,0
MCH-2624,72.04881397979749,9.082868221859739,76.64069302944904,1902.496103673781,0
MCH-2625,76.6074803474757,10.308670933308584,104.29039567567548,1999.8321189980009,0
MCH-2626,77.01684985062596,6.652606792679314,98.78262746216375,2074.226038292435,0
MCH-2627,73.48951636269514,5.737990230254744,96.63796263333236,2144.532149519957,0
MCH-2628,67.78477989435758,2.590614817397063,102.19758083940143,2035.1897941875409,0
MCH-2629,85.78656827826228,9.793661886505923,85.6643607703456,1981.6068353151759,1
MCH-2630,71.48287772570382,6.60939442176102,119.29269996621282,1949.5398423781305,0
MCH-2631,72.31592397633793,3.7199007889413327,98.97232538512401,2110.9371678765424,0
MCH-2632,70.98646132815603,6.44799000074169,98.5415556702781,2036.437079323288,0
MCH-2633,71.55654336721443,6.056504314781119,90.34603789867077,1957.5966536557291,0
MCH-2634,78.4997868728819,7.778060067220505,100.23946382449262,1989.8421816833109,0
MCH-2635,75.35771576117443,4.373325481229572,113.8695989027328,2015.5093258414352,0
MCH-2636,70.95317795632512,3.35358352658641,110.35916209432034,2027.190332694406,0
MCH-2637,74.70655290383742,4.457557835941182,108.54437751140556,1955.0190671227106,0
MCH-2638,64.8373804823623,7.153356489745435,105.46398951667271,1969.2904790937255,0
MCH-2639,71.98963524973405,2.2573911787370555,96.4145747243739,1917.353271881352,0
MCH-2640,79.04653174866556,1.8974364268534516,85.49836832963298,2051.988114480239,0
MCH-2641,68.90977052303813,5.13409291839742,97.98961228133365,1982.9190766614843,0
MCH-2642,65.76183035690458,4.336116060838766,97.64128535466322,2023.3160824591646,0
MCH-2643,66.73955555703469,5.011591839763527,110.48794439671241,2071.112925428816,0
MCH-2644,64.55183481328805,6.417967656853798,103.09390442459821,2010.9935071186974,0
MCH-2645,66.07619045936148,4.171145980821722,116.12311527903549,1994.3514762025466,0
MCH-2646,68.14745950704986,2.190491253604069,111.97488540038174,2009.6960738441967,0
MCH-2647,79.7887036648143,11.908306101131698,95.43504390495904,2003.1596801925114,0
MCH-2648,70.07809166974802,3.504157568841836,82.04870803380132,2062.308249893897,0
MCH-2649,74.51138586893323,3.4114443169818536,113.8557523394148,2015.5419198769396,0
MCH-2650,65.46121909926539,6.655580020583894,113.59385223230744,1972.7799490210543,0
MCH-2651,77.59641961820884,4.423266318437723,86.33788409097774,2052.3924528444877,0
MCH-2652,88.00800314517718,9.058505478292538,115.092400198275,2061.524217817918,1
MCH-2653,75.15290292812028,5.724185186090477,103.82117170592518,1933.083468658977,0
MCH-2654,66.71082723073931,6.625374654664993,101.60685498125653,2076.6391942384053,0
MCH-2655,74.27262613533308,4.499808960227342,116.14783254247328,2018.2355886604244,0
MCH-2656,64.54033049802344,7.279928008871449,113.44685173230614,2014.16349750733,0
MCH-2657,92.35890590176102,6.2550630228719655,106.51330951995203,2050.3312315798257,0
MCH-2658,70.85919669896765,6.139680855429615,104.73217065811983,1971.6511804497861,0
MCH-2659,72.76625609992392,3.740708662973514,106.16394290530359,2047.7082257095462,0
MCH-2660,85.71853808665959,11.40176232329829,95.99942566117474,1981.1612265131073,1
MCH-2661,65.52465078861698,5.213066718245818,99.44898550267679,1926.2524660144832,0
MCH-2662,72.98614109126693,3.9906420019858975,90.97682845405457,1950.1121860446533,0
MCH-2663,65.258259978879,5.994261639532449,96.66960224261081,2028.3510916451614,0
MCH-2664,72.31603146049561,6.339782520810878,96.33366121331068,1952.726583000267,0
MCH-2665,63.16431096769877,5.962841184287957,93.64694630378335,2080.5038061594823,0
MCH-2666,74.24087106333334,3.4554556405504093,101.36746502648464,2059.464172671982,0
MCH-2667,78.58185514934445,7.4107615551057915,96.76019149299422,2066.6719583016484,0
MCH-2668,88.6468793469935,9.581708308775557,105.02234720351974,2006.2389289838707,1
MCH-2669,73.12815466823001,4.938110521024909,83.77679386706234,2012.893080864748,0
MCH-2670,66.51614090785212,6.124618213157522,98.86645205892701,1940.314407287786,0
MCH-2671,72.91013283542364,1.9776481512400874,101.31551640177496,2049.7891755078745,0
MCH-2672,71.30221131666778,5.5014905818302555,96.89370760163119,2018.9916727518544,0
MCH-2673,67.30579071903631,4.56502796834504,98.27607300190769,2028.365281264613,0
MCH-2674,64.95722657961896,3.7422490754240716,84.14753989270143,2084.4155905726443,0
MCH-2675,60.1868715416371,3.8862698333456005,103.56477104669491,1969.7018508026244,0
MCH-2676,71.74825023649846,4.678193503223055,106.4760598256707,1993.692922506134,0
MCH-2677,62.175986143189725,-0.4016276566892767,104.93537294203767,2016.3335460771084,0
MCH-2678,70.47672099720654,3.948065643812675,110.38727059442184,1953.2282297270647,0
MCH-2679,68.68275891958875,3.68627776303056,102.01529605782503,1990.620058936158,0
MCH-2680,73.39571387719097,5.799174813983936,104.78681180650938,2024.6474905233486,0
MCH-2681,68.48977250255068,3.7917099762342192,101.56090738456852,1983.7289364313585,0
MCH-2682,68.35276106826454,4.677329299744265,106.87550719592494,2065.4494704864555,0
MCH-2683,73.65935352144147,7.313414941491953,84.22770363867878,1924.4537719091504,0
MCH-2684,71.67529014542059,6.491527279723135,91.0641903202199,2056.138562011667,0
MCH-2685,71.58077978591389,6.353407099915179,115.8689965703309,2033.0592737408003,0
MCH-2686,84.0240628122405,8.354196777532291,75.39564177903794,1971.5585706221705,0
MCH-2687,62.32213938396447,5.8145484189344785,98.59822070174656,1953.7795715885002,0
MCH-2688,73.78394339993491,4.649153299319609,111.72274959608069,1895.9858691378774,0
MCH-2689,73.06234397006801,4.705860183984593,99.06739334458236,1960.2412493793083,0
MCH-2690,64.91658435711751,5.6145280156198245,95.94988928549303,2052.3588327501498,0
MCH-2691,68.77959763162899,4.104509617368601,101.294216768153,1997.1957136860663,0
MCH-2692,69.80346356186185,7.239504656664805,96.46879819997554,2058.149044019592,0
MCH-2693,69.32751607799133,4.759804790603094,100.3084949275694,1969.0064464687723,0
MCH-2694,71.66929983284267,5.927540849389498,93.1661896347987,2035.3553080053282,0
MCH-2695,77.15683390915592,7.183400718885947,111.08674419955724,1964.125069895779,0
MCH-2696,75.40883363836414,6.547480661862762,114.2326492106566,1951.721249689508,0
MCH-2697,63.43890403284297,2.886621345964213,98.66609677888377,1994.643639141466,0
MCH-2698,86.05844499919208,8.711411221609715,86.13510579308758,1966.7516744340003,1
MCH-2699,76.64466659767704,6.276079091690971,94.76156829686605,1922.8588925481395,0
MCH-2700,71.93404260344602,6.337794533241123,98.16011339897035,1990.8842649641504,0
MCH-2701,75.45490212592983,3.3300577488280534,105.05538876903208,2005.3217708215645,0
MCH-2702,80.06135222850382,4.014447144474014,89.91986776829322,2063.4179305748034,0
MCH-2703,75.11854773053491,6.491837353612432,92.30837681357849,2046.840283856653,0
MCH-2704,71.24654297820864,3.8573594439760317,105.10676137858808,2060.9971599616415,0
MCH-2705,75.22544237042376,4.550455915003528,109.38908832039557,2036.0178749196755,0
MCH-2706,70.72443916548445,7.363813714252954,93.78405954829316,2016.6306379474988,0
MCH-2707,70.11951521642477,4.928301124422815,86.66782946049004,1938.5527546764054,0
MCH-2708,68.24292882143133,3.9098387932492353,132.84118201287885,2007.4936098967637,0
MCH-2709,77.81706679416054,3.6835739647056425,107.83304237088714,2029.8396888665407,0
MCH-2710,79.22598201716438,9.39624748805849,97.32996238232968,2072.8718974685216,0
MCH-2711,77.66183862339058,3.0002779872841865,108.6903127553084,2034.3144270865907,0
MCH-2712,72.49932061870186,4.6289960541553725,98.75543370285578,2062.019171730271,0
MCH-2713,63.00346912599029,5.499845802485033,108.67156889100187,1948.400105431738,0
MCH-2714,71.83824646495711,6.948724730821501,101.59393197776222,1983.6791186925952,0
MCH-2715,59.49986746174188,6.001322120554994,100.91271898167574,2021.4675356830635,0
MCH-2716,73.12754008415519,3.928902323026732,98.86418131769211,2058.047634537128,0
MCH-2717,74.42615741494495,6.767628976345581,85.5261866653691,1992.738567708054,0
MCH-2718,67.03822022173973,4.550727443678784,119.3809489939314,1995.8777020425423,0
MCH-2719,70.61773847977791,3.1464454669258863,90.58466079732257,2034.357015300149,0
MCH-2720,79.77078716875143,4.741937961101791,86.39976423689406,1943.7064586427439,0
MCH-2721,67.47126647869031,7.157253801718553,97.87140117243632,2080.3702274911716,0
MCH-2722,64.705462064717,5.247860075097388,90.38528186489494,1956.0431953446157,0
MCH-2723,77.40831701231299,5.01878279649468,99.4828720943973,1904.070528822035,0
MCH-2724,79.81293595265397,7.455817467054279,106.87763848561768,2000.503350426129,0
MCH-2725,70.01847835923924,2.8529677294183595,109.95302900529222,2084.9229351187782,0
MCH-2726,75.05731517704179,3.0716013289208415,108.14730721621682,2029.3226565166806,0
MCH-2727,76.70737957765441,2.576230293549752,96.9436794521432,2037.5545271501817,0
MCH-2728,77.77377420683223,9.812696782824275,100.49591827661585,2002.0692881153557,0
MCH-2729,67.57347082316066,5.249739690672687,104.0787905089749,1992.3811251364411,0
MCH-2730,76.15437256577367,7.314104550919664,82.42212576057928,1922.7545315203442,0
MCH-2731,78.42507139354255,5.365212615705155,105.70584700119859,1887.0306871047908,0
MCH-2732,72.81440430087177,4.393764260781046,85.42700712416169,2009.8136169220431,0
MCH-2733,65.60092823248974,5.002692309317161,120.4034659890649,2065.6274597170113,0
MCH-2734,79.9353055584972,5.176561127691437,95.95484915358304,2017.2066852414032,0
MCH-2735,67.34514551094017,2.4923580900077495,98.15124822805409,2031.1799763526008,0
MCH-2736,68.32431109414274,9.06549746650234,92.30292900762144,2079.185877281977,0
MCH-2737,71.7116891724481,5.779806527152867,93.7002996814431,2016.438342572053,0
MCH-2738,88.14672913853943,10.290485417705018,122.7409356914324,1993.867244984619,0
MCH-2739,74.26987988276112,5.92274597641787,109.40369688623298,1959.0737597174968,0
MCH-2740,72.07432750180955,6.064116470879908,84.50797554852161,2101.1106281486045,0
MCH-2741,89.46903419979256,7.796900058618357,115.04212900685229,2026.327388957684,1
MCH-2742,70.21757334321732,4.0531382956389495,111.93242275141432,1952.8199142040335,0
MCH-2743,72.79069757259253,5.899176029482556,97.18787537711711,1941.4416166099381,0
MCH-2744,57.352199611528484,5.578566260797179,103.06696942029838,2062.6531863464456,0
MCH-2745,68.51696270465101,3.785164851365888,99.85055920578925,1948.1279151795836,0
MCH-2746,71.2066096745839,7.128553417050896,119.72579904446933,2092.691707875111,0
MCH-2747,64.24492958190247,5.4400280544844755,92.0370981100791,1862.1768601454644,0
MCH-2748,71.9316165890578,6.094729043401446,101.46010609775728,2071.129759889499,0
MCH-2749,68.97764389506939,7.0878813315198785,95.71854669007195,2024.3447405580982,0
MCH-2750,78.77737849157745,5.032833231747253,85.66959595382146,2005.9297211528437,0
MCH-2751,77.86509862607429,5.475428010476173,121.91638255054987,1991.2270782479118,0
MCH-2752,67.67097215440918,6.215040857759175,88.18433420897588,2094.5364924297014,0
MCH-2753,69.24581144216653,3.9127083742999216,102.20129187487775,2035.3529429200603,0
MCH-2754,69.63026217195804,5.081077494269001,82.59299393619665,1954.8398195552275,0
MCH-2755,67.74170261920189,5.188322879976722,96.00929460756906,1914.0545021985558,0
MCH-2756,70.97512492014063,3.565912172474908,104.21968821433458,2008.8648606573654,0
MCH-2757,66.20858965556205,8.476455183010817,91.75266020497637,1999.9464433231292,0
MCH-2758,64.34692332531237,2.8890598347613965,105.86801850735655,1924.0065981312246,0
MCH-2759,73.11355611950134,3.0528441444692636,97.30958908111917,1997.2303237258832,0
MCH-2760,73.14764792110905,6.971339863555369,111.60082512398613,1971.30326834629,0
MCH-2761,65.97842120170004,6.0698993761948135,113.61760913340223,2000.4645034153348,0
MCH-2762,74.476777153813,3.4610527737788335,94.13255239269988,2036.29618058242,0
MCH-2763,85.42014393739782,10.325378972984725,100.76732859392956,2074.6304973732017,1
MCH-2764,71.26582619018991,7.201775667495965,101.83454226472233,2045.4444518184644,0
MCH-2765,74.10172006306227,4.954605413604521,106.19349295434698,1963.9279625084898,0
MCH-2766,69.83193717648143,8.898234350111874,100.14381996244266,2018.4457564414597,0
MCH-2767,72.27370456070567,2.413907283697947,101.90210959342842,2003.1553560746013,0
MCH-2768,67.41785178056215,6.040735180788653,97.5659352520488,1933.3935522684549,0
MCH-2769,84.17139761781858,10.59920416492287,101.15239866972018,2019.9116392346136,1
MCH-2770,68.9707028455983,6.33701585240787,112.97940193535132,2092.833616895886,0
MCH-2771,66.26710826729881,4.693466410031528,106.46083241211855,2001.6213302093502,0
MCH-2772,69.11612918442108,4.564337776983276,107.01255639443369,1920.29086601373,0
MCH-2773,62.25690850568127,5.666217756630886,107.23070324135578,2001.513433555431,0
MCH-2774,67.54423126428948,6.223631729978104,98.46191222118965,1939.3143900513376,0
MCH-2775,68.57562253315164,5.903710154423544,103.1882704357953,2043.1802753443144,0
MCH-2776,68.7191012375231,6.560086836190084,89.14826321664256,2026.2432495862565,0
MCH-2777,68.79251277064611,3.4716950643998974,112.68807656316957,1991.4544973262628,0
MCH-2778,69.69117900069935,4.658343531314548,72.1703956765678,1983.4417867072088,0
MCH-2779,72.39720759043033,3.5899761018143685,99.12851607664575,1989.3882849192228,0
MCH-2780,74.37258537066262,4.420830835870787,111.40895977150274,2000.413724717116,0
MCH-2781,81.8831369406605,8.981975548772287,86.36132066370658,1961.3882489329228,0
MCH-2782,63.98399572305428,5.1619758810878436,103.99779917616851,1930.612345949928,0
MCH-2783,64.78977793878448,8.910288744724655,93.19233553420973,2056.9349473347324,0
MCH-2784,67.56398539402537,5.2901095507845755,96.31196734811131,1980.729951175152,0
MCH-2785,68.24039341091745,5.089537820869604,109.45940960639437,2008.3521552084571,0
MCH-2786,66.1500196690127,5.159274379160324,101.9805692588515,2014.2640975583747,0
MCH-2787,63.51941667875053,4.0432869607100965,79.65644132115636,2016.1010239827606,0
MCH-2788,67.71939586262906,4.913245081433609,90.23574460268401,1941.309100145079,0
MCH-2789,70.90713310056985,6.691682040667469,109.75335734888759,1916.2079917724077,0
MCH-2790,72.97514732917783,5.170956002191659,104.48942718192998,1970.5653737654004,0
MCH-2791,67.2128847344584,3.809810405174793,117.48135572524285,2019.7855766208477,0
MCH-2792,67.93501088928284,3.6123730692820475,116.82647594013298,1963.6025066262844,0
MCH-2793,65.36650845576345,4.324697162501235,96.57754869853208,1982.2539323150384,0
MCH-2794,79.96179837978147,10.373421003965369,125.03237805069489,2106.3648706874783,0
MCH-2795,65.75785682904592,6.7903798032143925,100.24479669851911,1907.7288057597732,0
MCH-2796,72.865639066206,2.989267037950345,90.37331465590975,1962.248300204475,0
MCH-2797,82.37585780330551,8.787941029006179,93.66360134089423,2094.830203428696,1
MCH-2798,68.20185163773769,5.2164650291526184,77.43274894710581,1997.7700664002389,0
MCH-2799,71.50553669595871,2.249441348555848,116.07019008249281,1964.7007417250545,0
MCH-2800,70.91917258161253,3.7496025755503903,115.94761989043863,2058.438445850556,0
MCH-2801,83.46516831990249,3.9801671903957203,89.84492561186678,2002.7615218240555,0
MCH-2802,71.74900012283953,3.8060444392242525,97.72115711618095,1982.5845802477997,0
MCH-2803,64.97972701578995,5.287834317532472,100.95607544112578,2009.6184463518755,0
MCH-2804,81.99784403089075,9.971767639038791,90.39646947857887,1967.0945595308617,0
MCH-2805,76.88237123577858,7.51683775986916,82.44897968728839,1949.125446855596,0
MCH-2806,69.5970012535162,5.641943939828953,97.89642396223088,1994.3201536182626,0
MCH-2807,65.83471971499621,7.584612076469375,96.78920570540753,1949.4501519961996,0
MCH-2808,74.57695137780081,7.458884775112628,96.11588759011225,2000.534665589824,0
MCH-2809,67.25229862702233,2.115842341906496,102.22716062600965,2017.720328373717,0
MCH-2810,69.41617042102376,5.8656082757527095,114.29519658525992,2042.6530228025806,0
MCH-2811,66.82221079297798,4.732965064904242,96.96907280308274,2056.3962492758415,0
MCH-2812,78.69425675926665,5.232733014298034,101.70442998721363,1979.7131749183875,0
MCH-2813,87.18387842426321,9.209994632068605,107.26870523744935,2024.9707303969535,1
MCH-2814,79.162785217396,5.176382944830803,105.54142926512749,2024.6261723103178,0
MCH-2815,74.07075881059133,5.227111094108028,93.85576475552158,2016.3909357907992,0
MCH-2816,87.14333202685151,7.5736801040729596,100.96377123114036,1976.027029452477,0
MCH-2817,71.8436657365876,3.655448678262229,105.47539820169054,1948.5966093767945,0
MCH-2818,89.1828332143366,6.952863978979187,88.71648662489223,2025.100094453328,0
MCH-2819,60.361637103271946,5.351388896685148,112.63539010796508,1914.6568718903475,0
MCH-2820,68.60558302924622,5.898494512526396,114.31588905214112,1986.6080283715844,0
MCH-2821,74.2257898559216,6.28002346601022,92.77219744555507,1872.31844921757,0
MCH-2822,69.75551408262947,4.258714965399631,101.93670018348169,1933.1798788320868,0
MCH-2823,62.97405076598213,5.425766850954105,106.42278256671031,1956.1433030776288,0
MCH-2824,69.73797774711265,6.443753887929947,94.54385843671247,2054.8362103814643,0
MCH-2825,97.25770281408646,11.722791698017513,104.81613845688095,2034.4054012202134,1
MCH-2826,90.42976877165424,11.91048482430518,101.63255626292165,1972.3032658078878,1
MCH-2827,69.68997995316984,4.668602412590581,85.320818223612,2036.4684897564875,0
MCH-2828,74.75724638529043,5.2866863507545885,104.59161315978558,2044.3811481690198,0
MCH-2829,80.8373286255815,6.205529647487683,88.99857583728965,1991.966757581264,0
MCH-2830,61.480642065866405,4.709585733446738,109.39202851662047,1930.7810927893156,0
MCH-2831,65.37767005935223,6.116879597709695,93.28788924866112,1989.6043844966944,0
MCH-2832,77.81444384254098,5.962920694165552,98.38714566338855,1995.105379741393,0
MCH-2833,68.63003459085348,4.594598593454166,113.72278913446576,1938.3772804584887,0
MCH-2834,68.78308010312492,5.32657730163075,104.96381646528845,2018.3523396464984,0
MCH-2835,68.5008090186256,3.7630244895639686,89.20526080425455,2013.9905927151178,0
MCH-2836,79.52068294786504,6.055238222337537,89.85083429200917,2022.2521349947094,0
MCH-2837,78.12979457681031,4.883267845795291,94.00697211376274,2013.9461548583722,0
MCH-2838,81.09390116724067,4.586072822455793,103.94644083356665,2036.492151755749,0
MCH-2839,69.20477394799974,4.45741424585992,103.58299814932768,1991.0335986063485,0
MCH-2840,86.55821767084305,9.309268412279291,91.5689769533713,2010.0892553685476,1
MCH-2841,62.41678725289604,4.328183532602062,88.32790514385641,1980.1129857877233,0
MCH-2842,91.30683502573022,8.26498599329065,102.81583405085834,1970.7750392189025,0
MCH-2843,64.16110224366032,4.407074677975729,98.18139934209839,2066.9124815381037,0
MCH-2844,71.08387781881315,7.389446144041072,121.57215887447737,1897.8115649236752,0
MCH-2845,64.51348736183579,7.197815755222072,100.3660365656308,2043.8379994577133,0
MCH-2846,67.05566586630653,3.662684765218243,118.14252827700275,1968.972956227717,0
MCH-2847,65.8136878447515,5.104556404143921,88.2961640189566,1962.4980911178438,0
MCH-2848,66.96062369662091,4.024015067995707,84.26787060438292,2013.0788742032703,0
MCH-2849,67.3043864842551,4.5100286552170825,88.79914867474466,1925.5195193824497,0
MCH-2850,67.25865602537462,8.003641201467197,111.89129781453467,1959.19884640269,0
MCH-2851,74.16666955890153,4.538642874326301,117.56101589693534,1957.5430176743505,0
MCH-2852,64.4756860346874,5.540339055616143,92.17820546047366,1988.9300870907452,0
MCH-2853,86.82667674496751,8.253752092444547,95.39433970240442,1959.7931155919655,1
MCH-2854,90.78727171889408,6.898899446266311,88.310190897875,2080.0559342819633,0
MCH-2855,67.43401817743302,3.7173567883861924,81.88360152881613,2089.8508258248976,0
MCH-2856,66.41040554626198,3.190966442887822,107.1841169777663,1898.900323862597,0
MCH-2857,68.84737687409874,3.6710438991533345,102.23020302962163,2027.2161352382868,0
MCH-2858,88.51777654284342,5.042213417303208,100.10487982673875,2042.9331719538786,0
MCH-2859,70.97053815476679,5.8168736011904425,85.9994346283662,2027.1492601195553,0
MCH-2860,67.343928526962,8.081290761884105,116.3995668182866,1967.0943253454152,0
MCH-2861,72.4193832559402,5.22173110855479,94.96643261950527,1987.795221892073,0
MCH-2862,64.48853925081788,2.8755967109890888,105.33626424816475,1962.5862672611152,0
MCH-2863,73.40679755221474,4.035835425650078,85.45438594755275,1978.9867984420587,0
MCH-2864,72.04303653850884,4.3116847324625045,98.09474810379963,1939.5017485666413,0
MCH-2865,68.46095764430558,3.4736228341799364,102.91374456238584,1994.2605589182724,0
MCH-2866,65.80707100776385,6.290273957592735,103.27075218053308,1924.8599144347465,0
MCH-2867,80.44207560637243,9.946692643530174,101.54648543236625,1989.993272288593,0
MCH-2868,72.67408668172955,3.2668223092735107,104.94522492048773,1937.5709155450118,0
MCH-2869,76.14490251244531,6.087621566671261,88.69479543967039,2010.3408180895701,0
MCH-2870,66.81346126485603,7.290218995365898,101.97372605439661,1966.0290219528554,0
MCH-2871,72.29193351775743,7.85383730784434,101.13757683480277,2014.529017393727,0
MCH-2872,59.564864906989655,9.297818034628943,102.31672684195061,2054.079036418239,0
MCH-2873,67.076911346714,3.6470110258352038,100.72345217319182,2079.4723468052352,0
MCH-2874,81.60394765091125,14.651075977561025,87.26787226086603,1873.5997705489756,0
MCH-2875,65.45158291509082,4.468690417236818,86.82200247891026,1958.2902953063108,0
MCH-2876,65.31746812605202,4.111301816929228,77.85731814115448,1984.8456961443992,0
MCH-2877,66.66110221765557,5.490608562316768,108.17534509845298,2023.0163909190742,0
MCH-2878,71.46096364163186,4.1269079988604815,108.27657509735198,1917.4822747922735,0
MCH-2879,69.06335490796813,5.598566210969789,108.43550291222121,1950.8953796599892,0
MCH-2880,58.808843833375136,3.0198842183940475,103.06789962461451,2006.5178601328555,0
MCH-2881,59.39649923682467,4.641871096904849,78.66880782281889,2004.2444120763334,0
MCH-2882,66.96567411071412,6.928373351542519,89.73289508214734,2018.8809203210046,0
MCH-2883,72.28843293026776,4.9144080628532665,101.70415417593112,2022.183786344406,0
MCH-2884,56.26247578637383,5.212393680109824,101.35518002791795,2016.9297216557932,0
MCH-2885,67.50134911924185,5.7128879070759675,97.77251786847978,2009.6827658315747,0
MCH-2886,67.3687607174129,6.75599244397649,103.68917202908247,2002.7869886663184,0
MCH-2887,76.94168889104223,2.5171629317158506,100.11651707685246,2033.238154486218,0
MCH-2888,68.07489094143568,5.876786077756152,101.20770465551362,1888.0338666717887,0
MCH-2889,71.91494492370464,4.597791291137355,93.60934667167984,2077.216674348562,0
MCH-2890,70.70628570043732,5.249956842967758,109.8201098612159,1889.7758974559838,0
MCH-2891,59.347167600964,6.589925254643564,95.69228391319616,1946.0419091547753,0
MCH-2892,73.84103608315868,3.2087200228822335,86.69350916979374,1988.6619601674927,0
MCH-2893,71.07698252728144,3.481033337835366,92.29000987181271,2033.6306445544922,0
MCH-2894,72.54134319837294,2.0968550604292906,96.5153380863802,1850.2366554600192,0
MCH-2895,89.63118853218162,4.176261587354335,109.94002788368847,1998.5937838029083,0
MCH-2896,59.57943530250706,6.995648516568225,99.57732001565206,2039.6197519707866,0
MCH-2897,78.62348324880554,4.819119217289796,98.13851781034352,2049.725905801424,0
MCH-2898,68.56276240299822,2.989812656517821,87.51336575237373,1965.133517075127,0
MCH-2899,71.43664452201504,4.2714818831374295,107.85482589829576,1984.9582356522483,0
MCH-2900,69.77243877349379,2.7682074447640654,93.48047845976615,1969.1925935553686,0
MCH-2901,67.87881833300978,3.3122208474032573,98.99972141058664,1980.3662673236959,0
MCH-2902,78.1884551479477,11.521418836172609,114.80183076881865,1948.4086724635783,0
MCH-2903,71.64754367786504,3.239190010540957,105.08763331049305,1955.5373918764542,0
MCH-2904,62.4141315166416,6.668951457804953,83.71745952284826,2021.7188461014184,0
MCH-2905,73.75289583760883,4.893319563754496,82.30489763647527,2006.5807686636372,0
MCH-2906,67.91902797557373,5.128392055916788,99.35689549880755,2024.5793253795237,0
MCH-2907,64.34965330479821,4.582440548588159,87.87259385125195,2010.7007194850419,0
MCH-2908,67.74993571002094,6.159271757815585,106.48546747632997,2035.2169300573798,0
MCH-2909,76.28574608431286,6.174739831665516,100.42263064964979,2043.9106999077496,0
MCH-2910,67.32332456491889,5.502581527868257,101.65384769023863,1912.9141690066947,0
MCH-2911,71.7922680910481,5.847183658861472,92.93256818357646,1957.284517479282,0
MCH-2912,66.34521862142263,4.681865495119362,117.41383655286705,1988.431202125498,0
MCH-2913,73.7896092496181,5.813304510363572,128.4259372801046,1998.8661237256329,0
MCH-2914,73.42753869395102,4.49318333678929,97.21415276243285,1966.4954713090983,0
MCH-2915,79.24304416648206,5.003347433243603,103.53039248415001,2045.6011835494153,0
MCH-2916,69.12218027250393,4.588034375950554,100.97417343064312,2098.99741841453,0
MCH-2917,73.34327402378953,4.314172191021206,97.40313136558932,2009.3080977790867,0
MCH-2918,70.49033769769473,3.966332303417315,91.67929532267203,2004.2170516099106,0
MCH-2919,76.47935890931507,5.701535155788328,89.15032012519524,2042.4728127552166,0
MCH-2920,66.40583806195635,6.965908869220195,88.64402734474476,1906.7080122398281,0
MCH-2921,92.3663434002789,11.299100804225635,104.05240025549145,2001.4234470219205,0
MCH-2922,84.30864189239968,7.683204152393827,94.80325521796365,2048.951791273376,1
MCH-2923,69.67905911445752,6.93380457711031,74.21707149859469,1967.8423001399444,0
MCH-2924,70.45876242224186,4.522762247573107,104.44858220598323,1938.6719710049017,0
MCH-2925,90.73706680710053,11.721084387197484,99.61738717535845,1990.709719495011,1
MCH-2926,81.85656413487193,8.326336012630751,113.46673001401146,1996.965728339904,0
MCH-2927,71.07356591585263,5.212969870811008,103.7312239709101,1954.5673859042272,0
MCH-2928,94.9883946961991,9.557642328559286,85.21326403689703,2104.8080638025476,1
MCH-2929,74.9272484280761,2.7730928121205207,77.70323359270019,1976.0651809496028,0
MCH-2930,74.34577296248449,5.912400749516284,92.80527615662062,1942.3170324286716,0
MCH-2931,67.72230236988065,7.018902511757473,93.74892579306348,1995.3189340464694,0
MCH-2932,65.55379585885838,4.738028081477558,109.43159201000167,2045.3930318852244,0
MCH-2933,74.77650279118876,7.040252196242019,99.91129067710426,2000.8707124499115,0
MCH-2934,74.38023396264897,4.715459759821389,111.33688498098509,2024.2796960022001,0
MCH-2935,77.36335337875491,6.274376796569926,86.75166944297365,1956.424470283342,0
MCH-2936,66.98009687015386,1.6721450510733504,109.65264384380448,2074.384422320176,0
MCH-2937,68.85225672319827,8.628166668970195,107.2098915343092,2028.0855513959223,0
MCH-2938,61.80257918737283,7.243187367864436,79.81765888568803,2052.3850784438805,0
MCH-2939,68.03764446969564,4.573061743619482,113.22617841260772,2018.2580316237584,0
MCH-2940,74.98285255289724,2.041866460034273,100.93458491766353,2041.2442018864392,0
MCH-2941,78.5577081902781,8.526814721516411,103.92044503868506,1956.3473720161387,0
MCH-2942,73.20239897600412,2.834111679389365,91.35103887571577,1975.4294791655218,0
MCH-2943,69.04748447001094,5.667280306336232,112.75247012921972,2067.3240297778016,0
MCH-2944,71.6202851411078,5.617348578746423,88.1414767076113,2077.9870973641982,0
MCH-2945,64.26154305092166,3.587895246496963,108.32092018373946,1942.6467200140462,0
MCH-2946,70.42604724816951,6.6814505354215665,108.20607475908672,2012.4868033931907,0
MCH-2947,55.044320145496386,6.20836205420926,90.25832571827777,1978.4528099757385,0
MCH-2948,69.06551920919007,6.463735005932845,119.83373599422575,1965.148426531757,0
MCH-2949,61.8476337814243,5.013286555503343,102.3152848021752,2014.2419847677725,0
MCH-2950,94.92446203706578,6.69367941463575,106.53892610271023,2057.0481466182705,0
MCH-2951,73.88703676382255,6.466808408316706,84.72879204664244,2022.5831236642098,0
MCH-2952,72.3333549098304,4.594442901296313,121.17730003008565,1984.0243775040483,0
MCH-2953,77.6050311357969,2.9153297852109965,87.7544305977491,2025.743058996758,0
MCH-2954,65.25541739587581,7.028059048961489,110.2488643276593,1982.001191320955,0
MCH-2955,78.73681598957779,8.149111280753765,90.05228282068305,2020.60571503653,0
MCH-2956,74.66095782130192,4.938127806531195,93.81011197152317,2069.823285022787,0
MCH-2957,68.81722356390527,8.238681731904938,107.88754043885447,1896.1420170349586,0
MCH-2958,86.40290041048175,7.766834350157131,110.27552713675158,2039.8626149270017,0
MCH-2959,64.46853243794183,4.429316143750473,87.28715750885898,1923.0472539214766,0
MCH-2960,65.87742919236163,4.0543123187217835,110.90472169056994,2061.416385527223,0
MCH-2961,87.8490490917668,12.567476980785738,110.44980495133194,1968.1487195063569,1
MCH-2962,67.35511145967992,3.8297841779183424,90.62046591155108,1939.1164311196758,0
MCH-2963,77.68934395326933,10.24074582784381,115.9864759359111,2034.7634613544374,0
MCH-2964,76.11541533547663,4.161254247411188,85.43142371751962,2018.2085031571205,0
MCH-2965,87.96168101746929,6.608068417427251,93.75227417222385,1950.040654851917,0
MCH-2966,71.7625248417844,6.5453745409543505,104.79002624091989,1937.3500121415802,0
MCH-2967,67.1482431679316,4.429944730565969,91.46433715297394,1990.625925625436,0
MCH-2968,72.6964039722705,7.297943438502708,102.63819085679341,1939.7956524914403,0
MCH-2969,71.35028679195712,6.699207045762211,102.41076078803295,1946.9263513538185,0
MCH-2970,78.25034393464617,10.971184529749593,98.12925730077279,2005.7810395210718,0
MCH-2971,82.03794998706982,9.610608006698556,108.3240053859056,1951.7064182872452,0
MCH-2972,63.15842480583595,4.0178453365640765,97.7163920734236,2021.3269645013272,0
MCH-2973,79.93637999615405,4.234087251053631,102.31541068813806,2074.5071797941737,0
MCH-2974,74.5568136108736,5.119872895610056,111.46471877487903,1992.5722292549708,0
MCH-2975,70.5287689563574,5.481395092888486,107.90686210025841,2006.5075530992792,0
MCH-2976,76.31853338827334,3.518201134790342,107.86017290814209,2100.904836641774,0
MCH-2977,65.76842011267132,6.0845569093697955,88.5082039778322,1940.6199441311326,0
MCH-2978,86.94554597732899,10.192503808843309,105.24792575501321,2059.561759759037,1
MCH-2979,70.99905216859356,2.426437522042806,91.21501209030495,2053.542879895624,0
MCH-2980,71.32010040666835,3.6066102763089045,87.18585020221974,2042.715866958689,0
MCH-2981,76.36176750053384,4.243806989522504,99.28293653715032,2064.5873925366313,0
MCH-2982,73.662460513899,4.890713466738418,90.95704813348411,2014.0287482979309,0
MCH-2983,71.44361831412512,7.833918193255994,107.90617718839977,1970.8535252200365,0
MCH-2984,61.72556281885852,5.357256959209442,108.14535459695324,2054.7286645610284,0
MCH-2985,65.19976852360269,3.7388421651520627,80.97373763568558,2056.642110585645,0
MCH-2986,69.38645533202138,5.3309462064607445,91.7169746042311,2055.2656950746646,0
MCH-2987,70.46686187138326,4.471868378819178,85.40213328082001,2002.2251041159618,0
MCH-2988,64.34898137663038,5.487137359300313,95.37370723407109,1964.1902743193336,0
MCH-2989,82.05838337789211,5.870851530553422,104.55175669868824,2009.5681127055805,0
MCH-2990,77.58197027626787,6.8138459708359065,97.57711901821612,2047.1115008783918,0
MCH-2991,73.01059160196242,4.963570256494961,94.10240759332865,2051.2175894929983,0
MCH-2992,70.36018430641873,7.45844079139975,113.0017652681314,1978.5161936462703,0
MCH-2993,68.93895515049424,6.362033993804287,76.95142827403711,2015.7686448063696,0
MCH-2994,65.24040769988882,3.938840682781718,112.36871893518224,1934.5610847757023,0
MCH-2995,70.38740259259431,8.314783498622695,94.55711706844514,2049.2475051502925,0
MCH-2996,71.28876270071375,5.490491769905146,99.2189098988721,1960.8345621637468,0
MCH-2997,63.79119712259188,3.7473132440416475,94.72636662279892,2039.2627679785774,0
MCH-2998,71.67088208622448,7.479369576845633,115.42888105539119,1942.534771130492,0
MCH-2999,69.22370475587626,8.116666377797667,87.6902150319474,2051.5707953217,0
MCH-3000,76.32643174341179,9.709601303340769,100.11736369721936,2016.0917595011385,0
MCH-3001,65.6980749461025,4.244524609436605,105.27438651859997,1960.9321152191526,0
MCH-3002,67.93197233289177,4.741437563819507,83.88997232114832,2034.5678190540264,0
MCH-3003,79.43843828670096,6.07209759127655,90.80101829553847,1970.4819154097336,0
MCH-3004,85.49850871903652,10.43827960222185,98.51821466501771,2037.4777518722565,1
MCH-3005,63.32259215450054,5.85573099629536,91.13334965315624,1986.2944262309638,0
MCH-3006,72.43018144708819,5.152584812707655,91.8440822878085,1913.947643718517,0
MCH-3007,80.58090196554656,10.965873929442107,96.50137336923562,1950.879187975953,0
MCH-3008,75.41345526943536,4.530745290422717,106.49581331646174,1978.4792645656357,0
MCH-3009,67.6443767409106,6.54637900755036,96.57282223121855,2068.409451187429,0
MCH-3010,69.53181905630414,4.567905802473082,110.78426194472947,2045.0571815264611,0
MCH-3011,76.62898323771095,5.6465344370163395,90.02242217340645,2081.193070616107,0
MCH-3012,63.56418215707875,4.829656152814323,87.48077739526548,2082.681760801493,0
MCH-3013,82.7807047441245,7.653146075494863,119.26345405721133,1973.2624597704541,1
MCH-3014,67.08200336826998,4.433920223806685,93.42041872334488,1990.5756570120586,0
MCH-3015,75.19189425509659,7.017281046771042,86.8908799292784,1979.436003783473,0
MCH-3016,62.40326962261579,3.900610942837197,82.5794605822817,1966.4244697349461,0
MCH-3017,68.86745993877712,9.260163180461412,110.75103453808939,1907.9252645331771,0
MCH-3018,67.744205707955,8.181490348767664,96.5869548533994,1999.2626140991579,0
MCH-3019,72.7587039995546,6.466771346981497,97.46290264933602,1935.7217203144444,0
MCH-3020,76.00130874869414,1.4223294519604455,98.4079828841336,1998.2914059232837,0
MCH-3021,67.68419318957301,4.152111891184394,110.1294288466978,2105.788540478149,0
MCH-3022,67.94286696441999,2.282015993656919,98.2047016602408,1974.5327451834646,0
MCH-3023,75.76950367127874,3.5739639598771173,123.44053778832625,2009.7387002814035,0
MCH-3024,60.6512915015229,0.29222800064894017,101.33760574054229,2045.3324192904643,0
MCH-3025,68.05739612408496,4.794515633459087,110.61784766958321,2014.0145645982952,0
MCH-3026,85.29325392743047,7.945074101033006,108.05239857904407,2014.6242093971148,1
MCH-3027,89.44124903401158,8.560227772492954,99.63552679741963,1981.879878315596,1
MCH-3028,67.45096653404559,2.5623181116762126,94.13029013979536,1988.4061012469383,0
MCH-3029,70.1722050585292,5.12436777975806,103.31963928566553,1951.9994738906087,0
MCH-3030,57.55836323293505,4.377625582819509,105.10098731207273,2042.3022504444705,0
MCH-3031,66.70875793833076,7.252929447782893,94.27413951873473,1912.925417169295,0
MCH-3032,72.26754356277233,7.1170352926184375,101.66338865950655,2048.5544169191103,0
MCH-3033,65.0885298287266,6.1780184045154245,112.36204978259596,1929.8150807627378,0
MCH-3034,70.29492110794799,4.510079329008181,120.69947739069679,2048.1303637038327,0
MCH-3035,72.23436250401349,7.97807059289044,108.54369320349421,1982.3091236893908,0
MCH-3036,68.28725399571117,2.670447083240269,118.62759686380282,1938.406565593346,0
MCH-3037,70.85231885498285,2.894662055654506,93.70625788793544,2028.9649322539817,0
MCH-3038,65.18633717357694,4.874325350166403,107.01882252059293,2046.4383767537888,0
MCH-3039,68.96694360151977,8.38105716338168,113.38519508581273,1978.0960675948231,0
MCH-3040,93.49510119108447,8.783721532114289,91.03666667028004,2036.0305274339466,1
MCH-3041,70.78486480484217,4.725132135186077,95.14409887954992,1885.7457752665325,0
MCH-3042,67.06734365218033,2.8371344658322863,117.3790476183525,1933.97018551267,0
MCH-3043,71.12108202145396,6.418894377905568,90.24901144213061,2064.6204465234364,0
MCH-3044,73.57304895318309,6.429764381494031,86.58869967344289,1988.8165362901043,0
MCH-3045,59.75029360711261,6.183612802099865,115.27981573639511,1906.8893336775577,0
MCH-3046,75.79537032477948,4.056168990728956,111.96763224980438,1965.0566909779004,0
MCH-3047,68.31872630659464,3.9399398474404914,104.32120243983769,1953.829976373746,0
MCH-3048,83.51418896862306,8.947595186598228,99.54289245354173,1991.7019134263537,1
MCH-3049,75.98623461822613,5.125808752641401,95.61475494395017,1981.4624508096176,0
MCH-3050,63.14163151384767,3.3793890060822473,102.81948873809051,2008.946586446908,0
MCH-3051,66.45279498786226,3.233875242126067,115.7980695740155,1996.5266974193712,0
MCH-3052,89.93827013730046,8.494550860895725,102.38566126142076,2067.986962751851,1
MCH-3053,66.08123239437786,4.266265737223676,121.66959267246966,2021.2274299859835,0
MCH-3054,78.67468287918405,4.193032206767067,91.0205801435977,2022.8835805596793,0
MCH-3055,65.71613953086603,5.699666895260392,99.80319245671731,2058.257856194726,0
MCH-3056,67.22226610256567,5.1185717032254185,96.26941332336085,1980.561562478521,0
MCH-3057,71.02194515801489,4.567765954233323,89.14858456837668,1936.9061278320758,0
MCH-3058,79.84772302131819,8.248647870868272,98.46916266990344,2060.3485162316124,0
MCH-3059,68.02159644121868,3.5127094383430517,104.17329301660439,2006.7920874054057,0
MCH-3060,71.58726630625088,5.157917935864517,105.2423017995203,2006.9675603949465,0
MCH-3061,68.33569797808744,5.2259037392669505,121.70452178944556,1968.3335039234883,0
MCH-3062,69.53306570550026,2.745429710963779,104.6446746972356,1969.1572333448212,0
MCH-3063,67.35333943775815,6.493540631555543,111.50136803679617,2042.336116938542,0
MCH-3064,79.14231816721245,8.292894044135533,100.66094246298977,2049.2327899068805,0
MCH-3065,71.6079660566962,5.135464698809653,116.78055600452595,2039.1911702873329,0
MCH-3066,78.7746653582362,6.746617610802906,123.98449285588069,2039.6480802722738,0
MCH-3067,70.09200815391719,6.388515136570804,105.3108513097595,2028.4514768629879,0
MCH-3068,82.32382983850923,7.767236672901079,90.07340984548419,2006.5761365039077,0
MCH-3069,73.46361377558429,4.456251495676897,94.51194977222832,1991.231015783951,0
MCH-3070,63.6533475172665,6.421267862863351,102.81934303205162,2060.5161924970776,0
MCH-3071,78.51257329064802,6.01204246671293,104.56498035250645,1981.3139564754783,0
MCH-3072,71.01164398211401,4.072452469933805,106.98425134384372,2018.4989606940374,0
MCH-3073,78.15928449544555,3.8076595294974647,104.6019768123004,1959.7993501022877,0
MCH-3074,66.33483502238005,1.891467227456003,100.0698491625594,1967.0350481574774,0
MCH-3075,79.09030961278913,5.231047762525381,93.63801558797871,1988.1922716071388,0
MCH-3076,73.87577747017392,4.875953382472402,104.0113826126423,1959.8030811636418,0
MCH-3077,72.7652004292618,6.7042870619638135,118.54987357480657,2039.892591273915,0
MCH-3078,71.17012227176573,5.53858264022055,110.19928605427755,1932.5982874227486,0
MCH-3079,83.06829975502563,11.829410775842582,105.34703949636199,2004.9614811690537,0
MCH-3080,76.00265829236936,3.9539536581257435,110.2956692382275,2006.625404842109,0
MCH-3081,70.70179934924023,6.707225496451428,96.28935971099148,1909.460021084016,0
MCH-3082,79.39191498271396,8.664024069179227,94.9173485391668,1977.9488089738195,0
MCH-3083,64.414067691465,6.166394092688408,92.52214895634017,2012.7849769024072,0
MCH-3084,81.82320165471958,5.945704044677888,98.74713377230562,2021.4363996647035,0
MCH-3085,71.54999491582778,5.352702949049283,95.77994103290919,1989.7846395699917,0
MCH-3086,90.59380742774755,5.530353054225314,112.08274740652139,2033.8444102240358,0
MCH-3087,76.09485394896832,4.599293771087368,95.24676582317811,1994.534187138198,0
MCH-3088,77.40133941083494,11.572344580710219,91.97278283775084,2000.682645603753,0
MCH-3089,70.7179396825258,4.218547173153357,119.42577178830632,2012.5826934493277,0
MCH-3090,60.91010387306423,3.4243435568660487,95.48624768918657,2046.3499814367085,0
MCH-3091,73.79856147742085,6.2691777039439005,101.53528457250351,1966.2140998792233,0
MCH-3092,69.52770642778998,4.8448058152296145,104.51322824743411,1975.658906374085,0
MCH-3093,72.0980498601206,4.265644029453993,88.63306881079185,1966.5551754135392,0
MCH-3094,65.68058519705117,5.062843881731415,112.3548376950307,1983.3901141929034,0
MCH-3095,76.39732465828875,8.955003712918383,106.37119040411227,2071.3117129039883,0
MCH-3096,75.20862332029425,6.7302542746723155,115.58384011880781,2028.636265966491,0
MCH-3097,91.38697482955175,9.993766844793456,93.20778062781899,1943.4455127415579,1
MCH-3098,69.3524137656828,5.653319478488546,100.9912579247616,1969.9776517205662,0
MCH-3099,72.89928642647565,5.2497279088657205,100.39355754994196,2018.6383612138202,0
MCH-3100,81.52766321111946,4.337149613298049,102.63888494350022,1954.6746109533615,0
MCH-3101,74.27777829510356,3.981529480305302,85.45385251422839,1963.732997959262,0
MCH-3102,78.2474044716196,4.279138380196288,101.10836378692223,2067.2479833087073,0
MCH-3103,75.35305279989593,2.1876619039287,85.73536088576255,1969.3312185763407,0
MCH-3104,66.35198765096295,3.2638763146768497,103.58334071196921,2047.7333408014692,0
MCH-3105,71.80708658636551,2.028745293616049,78.7135087548148,2062.766159476547,0
MCH-3106,63.53429228120676,4.942514246453941,81.48413165709414,1963.3268954415519,0
MCH-3107,91.00967117175364,9.41313651342816,108.18548716439999,1955.5018721721428,1
MCH-3108,87.3816738619859,10.69193400387281,94.53161544805218,1986.1933956759417,1
MCH-3109,60.65091830233918,5.6221766931188615,90.1214192636776,1945.5686139663187,0
MCH-3110,64.19108078043818,3.5549054882021465,112.70845621075549,2006.0516939251372,0
MCH-3111,68.58430551628116,2.1019022622200607,103.27626217328415,1989.7174044073306,0
MCH-3112,68.49570126429587,2.364696950897747,108.72090195533784,2018.0290007943152,0
MCH-3113,63.95261532290597,3.0965261341182524,98.3375792767917,2069.847172811641,0
MCH-3114,71.94489364676092,3.666710452946488,126.79628693900003,2040.874249038516,0
MCH-3115,71.25736804470256,4.76037725301262,93.95486139440204,2024.4619887706178,0
MCH-3116,79.88760927890559,7.063739871012977,117.44495549359888,1901.6975793516042,0
MCH-3117,78.97301814785337,10.784395826363117,99.38633959900088,2022.1687991051188,0
MCH-3118,75.24353563208282,4.65158974580079,83.45489605087255,2086.1313830352274,0
MCH-3119,78.27703556544148,5.0158185676115385,104.82848745748109,1849.4738741843241,0
MCH-3120,67.58219258076731,6.710375829006807,103.14762561455164,2034.4691271487814,0
MCH-3121,66.9391654142259,3.2296523986994448,89.4867818576077,1992.0320712621767,0
MCH-3122,72.45603832705999,5.628056867438552,90.77780722865285,1957.5102498488527,0
MCH-3123,79.70330972524039,9.928975575376406,99.75302356915007,2040.0564291955977,0
MCH-3124,69.30301399668383,4.499770578545457,103.49747815247981,2085.4852950303666,0
MCH-3125,73.69826575862336,6.32788448129894,75.293367171206,2038.7615364418878,0
MCH-3126,60.45321956246354,6.318521231835511,110.53121452523803,1981.4404024369237,0
MCH-3127,76.59151162426335,3.5802638060173577,95.05502026185023,1952.8265087795921,0
MCH-3128,70.36340262164671,4.726759124213114,86.68252515601824,2007.231381689477,0
MCH-3129,67.9425342771891,5.421817523876098,109.41066551451931,2043.6584646190795,0
MCH-3130,69.55382922889275,4.590489877966124,99.76382020581543,1980.6473486883135,0
MCH-3131,69.81214677510259,5.877531998431698,112.16165776782255,1985.4808504174603,0
MCH-3132,74.42065620014202,7.927117806671184,104.37952262979755,2141.10001249192,0
MCH-3133,77.47469113726618,7.748841860534019,99.98485497051954,2053.9325972979864,0
MCH-3134,70.2066281613531,2.7045812961053186,98.47270055019844,2057.5064339196815,0
MCH-3135,72.21501065223687,4.816346015378904,104.82712760556137,1926.9857046970594,0
MCH-3136,74.75774885287021,3.637246232731713,95.8646874119067,1964.640566035327,0
MCH-3137,82.12207769394087,11.001986019142741,91.474274112535,2003.734081972712,1
MCH-3138,72.36735949517615,2.5742421649316833,106.09909122654643,1949.9431221057425,0
MCH-3139,68.66179454550603,5.51946906533733,98.55512158555571,2080.0198649444646,0
MCH-3140,74.23385387608246,4.054927352977488,100.33567648069005,2070.5156153295325,0
MCH-3141,59.36386289824252,3.898757200818479,110.89379836154608,1973.3227331307974,0
MCH-3142,69.50452849879366,2.8302526946889692,98.8612339226426,2089.1959303303743,0
MCH-3143,66.9858967210802,4.302386080698491,100.1503392554179,1999.7873951640029,0
MCH-3144,72.16131475317077,6.626750795436388,94.00350488549068,2129.4694858694525,0
MCH-3145,72.35022093684101,4.962216974705781,104.3073993398185,2007.2343065262519,0
MCH-3146,66.46187052588986,5.941520626811712,103.49827912680088,2028.8096375164212,0
MCH-3147,66.43913067911978,7.496962732949413,109.00775131790559,2069.9951720584777,0
MCH-3148,69.44667315721335,5.395633377233864,94.20871162993124,2063.8816674903906,0
MCH-3149,65.51678886342395,4.161800641906489,95.42183030409814,2025.5366033067946,0
MCH-3150,74.20991847726063,5.700878322774185,107.92137399145469,1992.9429840278083,0
MCH-3151,68.15396399776277,4.183555780528562,102.52213003362863,2025.706634999656,0
MCH-3152,55.46505890339179,4.243365975054246,90.93781873807305,1959.1907914061942,0
MCH-3153,68.12588971689097,2.7201608005715228,113.06554067734501,2007.6066859432058,0
MCH-3154,64.80728089578014,6.3893862366265886,83.01549431599749,1944.5346233751002,0
MCH-3155,61.84362092269527,4.420996136525841,107.84284753263752,1910.955917995985,0
MCH-3156,63.81286680888714,5.273147368723793,87.34787964001804,2002.5213382069721,0
MCH-3157,70.54704235916485,3.4460571070900405,118.85788516485528,2063.113894533584,0
MCH-3158,76.64320414124116,5.653921444573209,84.55400273094376,2046.290232079803,0
MCH-3159,71.5659223693249,3.8570881427973744,111.52250651872748,1995.9043852137195,0
MCH-3160,77.72703624953786,9.464017337586004,99.18365639988755,2087.3494849087747,0
MCH-3161,72.27952097585352,6.316739046858689,96.33397430161256,1971.5469304576714,0
MCH-3162,67.70454844890504,6.186138968348794,101.85396656467762,1904.1083669100988,0
MCH-3163,66.52699815418427,4.9669548912245896,106.31900339157814,1890.894935289952,0
MCH-3164,64.22818665883509,2.3478034509399226,90.9559949766913,1940.9404529702142,0
MCH-3165,61.240855966241405,9.489215855090961,91.84212274831428,2040.8312371631114,0
MCH-3166,68.05038146720277,7.618788455409704,106.49604865112886,1968.2598658266306,0
MCH-3167,87.79615672399844,10.780805197828519,82.92657046350399,2023.047932092865,1
MCH-3168,69.51688164992555,3.870194327613544,94.15770906807914,2082.314169179199,0
MCH-3169,67.92016536026321,4.829611757447053,130.4068695415944,1944.9951518711098,0
MCH-3170,80.88750778817209,8.145048779220124,90.3198703541072,2023.9249865897946,0
MCH-3171,73.04123095842485,6.8957839086445825,111.47802791759753,2026.9481536327862,0
MCH-3172,63.41434040026708,5.393754336277751,94.14049231286188,1956.963100576345,0
MCH-3173,73.88013956921738,3.823754212460251,105.09045144797145,2067.710546262254,0
MCH-3174,64.98891490536637,4.293867351312827,106.54355690596218,1985.6146472225262,0
MCH-3175,66.23782381323483,6.6817822138548575,111.28956735182948,1980.8123509543495,0
MCH-3176,62.666074046921615,7.400146770230718,97.99746173187225,2105.5806609208985,0
MCH-3177,77.08478237551738,13.629909148306398,119.88884638754854,2026.1383371183358,0
MCH-3178,74.87656229238989,6.135548097580966,94.1066343541482,2046.2645274842748,0
MCH-3179,72.57814044221978,4.621062696796045,102.3422041359956,2067.744646576092,0
MCH-3180,74.89211056014018,0.13772926200631908,102.45276932217608,1967.476300027039,0
MCH-3181,72.61071272966969,5.4457400357123324,88.78031880050585,2062.491054852684,0
MCH-3182,64.48165085734816,4.99725686173385,97.14127745020879,1974.9052942501164,0
MCH-3183,68.34605387836221,5.2099731444820305,101.61513499238407,1972.768830533085,0
MCH-3184,86.63881357065584,10.0528980334737,95.67878956870581,1986.4000013845932,1
MCH-3185,76.6528745201952,3.0106067570762645,124.40923965456534,1968.8967582527523,0
MCH-3186,64.01605676786845,5.836112835276778,91.61376326400469,2041.107821632858,0
MCH-3187,74.46848844694556,5.948324471047775,111.79424468140428,2013.3605327572527,0
MCH-3188,74.46476935054385,6.023508173089489,108.56459813148787,1975.4387792691443,0
MCH-3189,79.14810100858044,6.41986550536008,99.86137865495729,2033.7252516577412,0
MCH-3190,67.95156703685251,5.906077467382435,91.34790946147753,1986.2408781306826,0
MCH-3191,73.56161079790081,4.384955882691633,92.3174467960823,1983.5964814817662,0
MCH-3192,81.40825918269421,4.893744728125864,94.8203270078349,2002.4341942450772,0
MCH-3193,66.91179161533152,5.136687300880065,82.14258718053736,2023.1730177833108,0
MCH-3194,62.324798762338204,5.161549173659928,89.96534574200709,2019.492382468871,0
MCH-3195,60.599949830461185,6.497326483957595,85.17523484636358,1981.8375408873585,0
MCH-3196,73.56356014430666,5.965503129533737,113.45875003177717,2042.3555603719701,0
MCH-3197,60.58424895970708,8.11601515935493,106.18462392388219,1988.8802924460172,0
MCH-3198,68.13840473531039,8.309703469827008,107.85974098865461,1967.250775569564,0
MCH-3199,72.1865659351948,5.1194743739208874,105.88831951541948,1926.5989175616323,0
MCH-3200,70.92587768414957,-0.7549833226890543,101.66967623334163,2049.158924049951,0
MCH-3201,72.12722432092086,6.8552486991909,114.60680332129137,2000.6195038097003,0
MCH-3202,71.11144927900428,4.1894354915194185,93.89237344268263,2010.5436179255257,0
MCH-3203,76.39432906656697,3.79777411725349,101.06669655367045,2052.2901457849757,0
MCH-3204,65.23841809630602,4.4023320875159495,107.47058827824124,1976.1296884201092,0
MCH-3205,79.41029385580856,8.879562104207734,86.78790768143871,1931.2800375762936,0
MCH-3206,66.13670277364588,5.918404715158089,130.9658889614255,2003.4890351107608,0
MCH-3207,91.16650998083864,6.5652421847451565,100.28565762777586,2015.3980776040148,0
MCH-3208,74.50199294197532,3.383418881312598,101.41989450575593,1986.8575466919813,0
MCH-3209,87.90623256992116,10.089460772371385,112.56878031674921,2073.6868789038085,0
MCH-3210,75.91746833444964,5.934416045619962,109.14955333010224,1875.6916716139322,0
MCH-3211,78.77176615891369,10.101119846142758,100.3807801939646,2056.002831894989,0
MCH-3212,78.33612055775569,3.8194455816000517,101.30129438098042,2039.5576825182113,0
MCH-3213,77.61619310856129,3.53260152610064,84.95851469052022,2022.838538885023,0
MCH-3214,73.67810998622873,4.240047749318121,94.43534222150024,1833.2049225265453,0
MCH-3215,78.9089945438553,5.359809128427088,105.1721021615896,2064.1944391635134,0
MCH-3216,61.71688396161113,7.228216053908824,104.43892839042887,1948.6782944682056,0
MCH-3217,80.1679265181642,5.8868503701152735,112.21165750004087,1974.6154010808307,0
MCH-3218,66.32348269659023,4.66890686456245,98.79498941776676,1991.4703667604965,0
MCH-3219,73.60739661878672,3.0009823384621943,86.12713486569133,2020.3709017325987,0
MCH-3220,64.74929630198928,2.5216359839697655,110.56730430775679,2031.9714021096274,0
MCH-3221,73.78747574668743,6.450434968017225,114.36089346182015,2044.6420277159648,0
MCH-3222,76.85268071998357,5.816936861749008,108.9824457285623,2040.7926755039257,0
MCH-3223,73.47601450041999,5.674150273920893,98.36366329142508,2012.6463602106562,0
MCH-3224,88.11920591449368,9.132303240023857,110.44386051876579,2020.7961329528796,0
MCH-3225,65.06063329549626,4.280421654850796,134.28910478008214,1945.4623142088876,0
MCH-3226,65.76574516937318,4.351043725499707,101.15152314440476,1962.4486596590489,0
MCH-3227,76.24809452648333,8.278595925083861,86.88263307754875,2044.7730111837416,0
MCH-3228,73.89674501952666,4.630143418610638,94.13714950447849,2041.860474336434,0
MCH-3229,69.80490240311228,6.102698169581137,106.2547600030405,2036.189970822221,0
MCH-3230,67.91045227117054,5.009572311444972,83.95195689101936,1974.2791619171737,0
MCH-3231,74.35681261162209,5.98655327105039,101.6940307491207,2045.5246065971849,0
MCH-3232,64.6457379065778,1.9330564942980977,103.80336650315883,1941.937777375982,0
MCH-3233,79.55709543569861,4.131523670090143,115.35121739812652,2053.8679904931137,0
MCH-3234,63.597722144987664,6.584151877504984,113.10194856054301,1986.9564599377054,0
MCH-3235,82.24418213282017,8.609002645963493,108.64584791751771,2084.208520317032,0
MCH-3236,75.037219865976,6.37111574633605,78.37320989485471,1923.9278953967257,0
MCH-3237,63.72538665998854,3.519430731595527,109.21053128047924,2088.170202295926,0
MCH-3238,70.92355237390542,7.423808735183471,107.05513386060247,1981.9267835418268,0
MCH-3239,74.68957768755328,3.5526600497204237,102.55944377078346,1981.0260371994127,0
MCH-3240,70.06249660953625,5.319236598004953,82.69777873854514,2009.7419409492798,0
MCH-3241,97.28124503195578,9.4595895184768,92.23226090812939,1965.146054359965,1
MCH-3242,61.65700370560902,4.73918926952812,88.33177230465934,1996.3835499348847,0
MCH-3243,75.2936426494194,7.00788820744341,79.8499156049291,1963.1186867364572,0
MCH-3244,69.13599131301768,3.942334219751059,99.97084848585206,1964.9468234510407,0
MCH-3245,73.85960077418338,2.975592116432108,92.02177878557221,2024.3442975150285,0
MCH-3246,72.20653575849623,5.029993229309629,126.25305580268912,1954.9217252348242,0
MCH-3247,66.33421901445001,4.40025989857021,98.3122806056209,1961.590288249726,0
MCH-3248,71.1449819622967,10.06607437862397,112.9375315586596,1931.3604375126795,0
MCH-3249,60.710492743008565,6.014761214659963,84.30900975306776,1974.803466001933,0
MCH-3250,73.01623750285697,4.385989137172063,94.6991041399513,2065.5801014861963,0
MCH-3251,82.02515841285677,6.808423398543235,100.96897876034315,1957.7033179948517,0
MCH-3252,73.19330084321551,2.179567384146823,90.91846051392329,1963.4183367406379,0
MCH-3253,75.29059162543575,3.4621713713938504,95.77799315195256,2009.6960973240768,0
MCH-3254,88.14093368303217,7.783310677719555,97.82049093756461,1981.4601783100236,1
MCH-3255,70.74044709899138,7.140992977392154,97.66092014555106,2111.4077216674823,0
MCH-3256,65.59465831669354,6.682533713581878,118.55118573035347,1991.8736017661872,0
MCH-3257,66.43889618175474,5.343642247469569,103.7822628543151,2016.7609173108685,0
MCH-3258,75.93367310088665,4.515248501446273,104.79510562941303,2047.188439239966,0
MCH-3259,77.18167702852989,5.403218534618231,105.39654774345071,2046.2288932931426,0
MCH-3260,87.22700675849205,7.774821874309286,106.12626377337112,2011.664379077869,0
MCH-3261,70.23001373626637,7.577545993645813,99.17113016125134,1991.9436256657,0
MCH-3262,65.47692812503116,4.71621472808738,96.79253628521154,2101.201426818963,0
MCH-3263,75.86378422633723,4.87049321262991,101.66816059518277,1995.0119862342867,0
MCH-3264,82.59969080739863,3.94810944579047,111.56803948913472,1977.915494778576,0
MCH-3265,79.70608718231874,4.706847730215854,111.26238188436383,1967.707550585299,0
MCH-3266,65.60838461410131,6.254726206947412,97.59601524311589,1913.6598398646622,0
MCH-3267,68.10996050490891,3.398416134442182,107.67843694668112,2041.080787611858,0
MCH-3268,71.15722961262786,3.873919498260781,98.05415336960333,1882.5965801449586,0
MCH-3269,73.23244768862885,6.189066526600497,100.33870549435244,1999.713857954754,0
MCH-3270,68.92166181226183,2.78501416472292,95.26476618445803,1989.7569682864307,0
MCH-3271,65.6351945477315,6.586701511312878,98.18354861093766,2111.9982596115724,0
MCH-3272,74.40703764461786,4.201784164740347,113.4133006954968,1908.4174385643187,0
MCH-3273,73.6056768127279,4.417147669263196,100.92421147339236,1954.9448356507821,0
MCH-3274,80.77935200015327,7.273071660147579,101.35282508552318,1993.1951770659175,0
MCH-3275,76.77721400552748,5.567069390641825,85.52782220742041,1990.1235331265416,0
MCH-3276,75.85099354598302,8.68980797754407,96.9075609236727,1972.5227704594977,0
MCH-3277,70.67148248623896,6.172245859190948,97.58685096255272,1995.9506045298917,0
MCH-3278,70.39798931188018,3.7035721070891965,91.70856514556596,1937.021863556513,0
MCH-3279,72.77028885557954,6.703430878237214,100.21665411703563,2017.859643949747,0
MCH-3280,65.69148464871871,4.524980681098626,95.70817709772345,1883.9257328961212,0
MCH-3281,70.15015739582041,7.061727472141339,100.79995855243583,1998.7115322061372,0
MCH-3282,59.2380822769541,6.210014603246544,101.21503009818935,1969.9821652868213,0
MCH-3283,74.38227822751467,0.5852876517924006,90.44245642177356,2050.8143971378317,0
MCH-3284,62.1925338877907,3.493880550567459,96.0129821751681,2087.7655535316653,0
MCH-3285,77.517099142145,6.416577834253085,100.77374282760833,1983.4473915624822,0
MCH-3286,68.34939953016774,5.227485908217527,111.84299431156725,2069.5362964570713,0
MCH-3287,85.15577742832544,7.529189977193664,102.56719172795741,1984.1941859684794,0
MCH-3288,66.86133046957747,4.049615726759281,93.38064820082572,1951.6936738435454,0
MCH-3289,68.55980563038962,2.140645069865929,103.99004759243853,2087.295181609281,0
MCH-3290,77.09265672574018,4.867440068710406,117.07548889321761,2026.0388222367003,0
MCH-3291,57.5609567173246,8.316034589023646,109.16706472589019,2000.2219261304908,0
MCH-3292,76.38482693044094,6.207400086098488,105.4752653043562,2034.3588737549323,0
MCH-3293,71.69011740550854,8.285625501782635,107.25590175482321,2013.7107517565084,0
MCH-3294,63.964891760713925,6.32359563468497,114.3995404142863,1996.539029602924,0
MCH-3295,64.6234380347538,6.5412190150290375,110.7562679401766,1933.6782586346003,0
MCH-3296,78.38196513604102,7.961118031617536,105.66760381117658,1986.4731631419368,0
MCH-3297,65.27246560028634,5.5658948890133395,110.68642219590085,2031.1627711729236,0
MCH-3298,64.2332474470202,4.719159017739679,89.1834890373594,1993.8614287156595,0
MCH-3299,75.68657271182364,6.548986274933018,84.97734747659719,2045.1162880565194,0
MCH-3300,71.69276438142957,7.1807603556828274,101.5709865064383,2019.1827511933395,0
MCH-3301,65.31037211731801,4.280053035931687,100.68680709650539,1956.0931840957296,0
MCH-3302,89.27499241216064,7.502690497357143,94.56089946486742,1934.0414021083939,1
MCH-3303,64.87123658179861,5.208284048646321,108.2585266982771,1992.1410750034916,0
MCH-3304,75.50410699211302,6.247248300397493,81.37136413548764,1973.7885775947707,0
MCH-3305,75.30685482436567,6.197136572992342,94.65227743942197,2016.8160904810843,0
MCH-3306,72.66003099410972,2.863748599718601,95.15044455122386,1964.0931170618635,0
MCH-3307,71.80830530623508,7.867409100594982,83.6369821490054,1969.230383712256,0
MCH-3308,78.80594062433687,4.038252605904725,114.94731007269304,2052.6534858797454,0
MCH-3309,83.91142826211653,10.146353109428276,86.40798731336677,2007.4101484313949,1
MCH-3310,64.09062937289599,3.6460184600182703,94.11659942692314,1964.8636467286353,0
MCH-3311,72.24736956416153,9.047493253905632,109.07979757805134,2000.882090436751,0
MCH-3312,80.43023524768557,5.363106005431951,106.46045343428732,2068.9455621500842,0
MCH-3313,81.82129757433496,6.995372478839355,88.91825303515253,2014.689334413736,0
MCH-3314,68.19268616653007,6.295885324943669,106.82489209260636,2029.6475404712564,0
MCH-3315,72.08223019050726,6.15370366896505,102.89784478658221,1962.3882731736278,0
MCH-3316,69.73047575497131,4.718409464630174,123.33035562111468,2051.32096885673,0
MCH-3317,80.75081279853637,10.681537675229123,104.03940416068305,2115.90511302319,0
MCH-3318,75.60928928115236,3.7620620587537035,98.58758178931468,1960.4266178743574,0
MCH-3319,92.72342633418205,9.336190525576118,91.43498042880577,1940.9053012814006,0
MCH-3320,70.98065729511954,1.9846750181509059,92.55756633044429,2008.7771121917574,0
MCH-3321,65.47965855132,3.014073373670656,91.74230904531842,2043.7752524922205,0
MCH-3322,62.255197374732624,7.711446208506029,113.71098813911922,1995.4305163974868,0
MCH-3323,71.28987990610591,7.462142941583472,100.17969915016471,1947.3396801978668,0
MCH-3324,75.5193867165813,5.098682972973444,105.6524712397473,1994.5707919109805,0
MCH-3325,72.37583873247691,7.494397170784756,115.14247599980887,2029.9046136388727,0
MCH-3326,69.98798079540573,4.759888270087543,76.41535857792535,1979.648408652697,0
MCH-3327,67.05364174105347,4.634884546148138,112.78873764700376,2030.3627508877462,0
MCH-3328,64.53918183640955,5.084765972698334,100.55396911783335,2058.2355392619957,0
MCH-3329,74.17375663162441,4.812617607014652,104.35048371640444,2012.0115312885223,0
MCH-3330,74.56885810692793,4.677205514659729,91.71596778251748,1998.6026114360855,0
MCH-3331,62.27135106654633,6.715097160724329,92.44875601551482,2041.467196261314,0
MCH-3332,77.94919489090341,5.225203480934304,104.88845889812988,1957.1949586281385,0
MCH-3333,72.87035610447,6.0687226466507065,123.8459780033147,1952.2645083153539,0
MCH-3334,76.99797322572897,6.547070787915996,110.03313312814902,1986.6713857535508,0
MCH-3335,63.28936125757443,5.5822786934821,112.6552292141854,1975.4060272592767,0
MCH-3336,63.17087922292281,3.544593011137642,98.0799872973858,1959.8329012354761,0
MCH-3337,69.25515345116352,2.970701166553942,93.99795775414371,2091.5234237499385,0
MCH-3338,72.51392213447598,5.223170952210958,92.19195048421007,2108.5996604747147,0
MCH-3339,78.98180411463481,4.743115542762598,95.11726275303312,1982.3147478872208,0
MCH-3340,73.53039456907565,5.131087143380182,79.47217566829474,2004.5859474874183,0
MCH-3341,68.78659361593984,4.97591894112712,92.75080657108398,1990.6078589968104,0
MCH-3342,81.5543759804055,13.543599098489311,94.39646843940157,2055.374962005908,0
MCH-3343,76.15000286359574,3.004660616537993,98.24641825605158,2065.2822780920023,0
MCH-3344,65.17647287124643,2.015080595268313,101.31750109747291,1911.1368100655177,0
MCH-3345,78.14234277386161,5.498565250279414,103.6245086862561,2023.8005400032812,0
MCH-3346,68.57807675196746,4.435366168117707,99.8507462755704,1934.6589329419426,0
MCH-3347,77.95291036308925,5.474101804594927,94.18556913657243,2087.913607893764,0
MCH-3348,89.97629990234174,9.63345120530193,80.3664135673448,2022.0124015105198,1
MCH-3349,87.6666110458131,10.914413890746781,94.24691391598206,1958.8325230818682,1
MCH-3350,67.40301814086936,2.7391612694240925,90.27549362312995,1987.9339306031072,0
MCH-3351,68.2954606132696,4.164923153214255,104.66066748278604,1985.551137086692,0
MCH-3352,72.1415834618762,5.6431418883211455,109.09287396693693,2026.2556471442908,0
MCH-3353,70.38578248108858,6.15569539353084,109.3857106705994,2052.095630208874,0
MCH-3354,67.03094295965647,8.290174325432579,107.5695273612782,1942.5896354014144,0
MCH-3355,69.17184294841184,6.4335559566708005,98.66474264547512,2091.9377250456055,0
MCH-3356,70.39288514859575,4.9148171061705845,94.78044434524104,2080.2845053910423,0
MCH-3357,59.356329527925936,3.6643463705860073,92.52897246332934,1956.2338216204478,0
MCH-3358,72.2908405739435,4.153565220921471,84.9250108339825,2003.6400897181154,0
MCH-3359,65.10139387641597,4.11094576556434,109.91853700507858,2085.540427205716,0
MCH-3360,64.23333798397127,5.982850442770641,98.25288962070026,2061.645929333874,0
MCH-3361,61.56327826444645,5.3854961683787455,87.53659706379126,1983.1628484976052,0
MCH-3362,61.03053751066055,3.0145256437367314,91.73508624289765,2040.7169907283937,0
MCH-3363,63.222762484438555,4.346147796364351,91.33026543567448,2149.859914585957,0
MCH-3364,66.45489521184754,6.316321330177131,100.43024485015127,2005.2579990925606,0
MCH-3365,79.76629568763283,5.527493532461088,110.67467851070685,1968.367587427999,0
MCH-3366,67.37060162052398,5.852966924019156,96.52010450404417,2008.62099260457,0
MCH-3367,70.88875053134015,5.5743825650858945,77.4746648521635,2012.327604774866,0
MCH-3368,72.00240693253164,7.439646101913289,98.1081966484108,1973.773163049995,0
MCH-3369,70.65532593107925,5.354064595736555,98.43806099902804,2022.0812533907108,0
MCH-3370,85.34837396691555,7.266638303831681,97.75079769064479,1937.279947013625,0
MCH-3371,77.37556959115402,8.552129888756635,93.72538833524298,1966.723306649566,0
MCH-3372,92.23443530410896,10.080770949709855,102.17439080725842,2037.9122388077399,1
MCH-3373,79.03598321818943,1.3389439778373742,100.66141115149001,1912.2564574228875,0
MCH-3374,61.586706529386575,4.723566497250932,99.75169685873352,2045.1583795997387,0
MCH-3375,64.8798570455681,4.691240210117984,104.12641361442965,1899.400931714715,0
MCH-3376,68.60094828811496,2.9532937195740785,95.70167176852146,1913.4337710561842,0
MCH-3377,65.17731102544904,3.607601242016006,95.13414330299346,1975.0510628472057,0
MCH-3378,72.52982776727933,6.214486295222362,113.801232895854,2014.3431921409676,0
MCH-3379,66.35863898796694,5.346067623612444,105.59355409715437,2066.2631801563693,0
MCH-3380,80.82528033903301,5.152682500560991,108.269460609428,2002.8811381579799,0
MCH-3381,75.95274297171798,5.459521300898034,112.26104585334069,1987.6723196212006,0
MCH-3382,71.06287015316107,5.138941381923385,105.259441806248,2028.9790623992403,0
MCH-3383,75.13493131659867,6.864293844287472,109.28388679136171,1956.4550589766034,0
MCH-3384,75.52950212178655,5.185143772555473,84.2065483792974,2006.9707579673204,0
MCH-3385,67.18026255970878,2.8126803292718745,102.04153871996027,1940.027687102232,0
MCH-3386,65.91891377729017,7.445194947311616,98.17281538185672,2004.1295258437706,0
MCH-3387,70.39071531484824,5.555510400993269,116.7768409089981,1993.5081837075297,0
MCH-3388,74.30818062248972,4.1161194038073985,109.276455318033,1959.786603927529,0
MCH-3389,70.6953019932671,3.119897422557472,93.69554809206821,2008.2520318268869,0
MCH-3390,62.11501758904501,5.593871331437068,103.72794158529206,2007.9274826579822,0
MCH-3391,65.98587778024579,4.824241992538437,101.6768133344924,2058.7727006169566,0
MCH-3392,87.93588917395226,11.876332133480393,104.54331433152228,1919.7183298468606,1
MCH-3393,69.62167197837086,4.4811390789997585,89.81157530625347,1996.197554615148,0
MCH-3394,95.474363099228,7.8798231796631715,103.60016465238225,1961.986880014826,1
MCH-3395,80.91866009167495,10.655631952894522,97.71848650711766,2043.4881029088147,0
MCH-3396,72.52794620917938,6.387922839075247,102.824497640556,2037.6956032596067,0
MCH-3397,77.44556554164144,5.252977051415293,92.7561483487783,2025.393992253431,0
MCH-3398,81.35724872711398,6.014535571512362,94.149368286034,1964.8083370965269,0
MCH-3399,67.97801288408019,4.943469318886643,111.73842020366703,2044.2735291470049,0
MCH-3400,72.457147263601,5.35079765151387,89.48452441659839,1923.4934535628333,0
MCH-3401,72.84880178599323,6.747486323845885,90.22245598957952,1913.2344648203614,0
MCH-3402,70.97740865776646,5.937977501032255,99.48418742784422,1936.206450004904,0
MCH-3403,69.50577399380347,4.7460883425010625,92.28109624814046,1998.3262594836547,0
MCH-3404,72.17987694750023,7.028543818889226,91.149713677372,2033.7582200494146,0
MCH-3405,57.33876957390157,1.4527169408127314,101.05075971208295,1851.1983762995237,0
MCH-3406,73.41034745031315,8.078109967132903,84.94934143096296,2066.1371415939893,0
MCH-3407,70.63088951830984,2.441061357663897,89.92037765086363,2006.5556098089216,0
MCH-3408,68.88762551610867,4.059360762841556,120.54095582923644,1921.6113826205112,0
MCH-3409,80.23431097859779,4.9386236972073965,104.5947505896901,2005.0473485144792,0
MCH-3410,66.62532990604724,4.780278993907758,92.53436647730089,2054.626270733921,0
MCH-3411,67.98462005467485,6.509616560039833,104.18215078266198,2029.972050765313,0
MCH-3412,79.95776651102366,3.4132450720846483,105.67330476986629,2054.953653127698,0
MCH-3413,65.83969347575072,5.391150226224595,109.94414420090239,1931.6876685301445,0
MCH-3414,67.2494235853173,4.132681852670369,98.72843970543269,1979.2997382430797,0
MCH-3415,69.26487288284575,5.442711469006125,109.76497702772889,1953.7653884738234,0
MCH-3416,74.20367241064774,4.902841610303185,79.61553475117827,2085.8790102522157,0
MCH-3417,71.03901253676656,5.139403479024467,89.43691869524247,2031.9681421743314,0
MCH-3418,63.536873264238686,4.175112751303482,101.63871401736456,2142.350479447882,0
MCH-3419,86.2134295421373,8.39388175589529,103.29633532807792,1976.6195233291387,1
MCH-3420,66.96322783393894,5.430908771041141,90.88217712331358,1963.7662894158848,0
MCH-3421,69.61389477388477,6.415573258634066,102.5941999126316,1992.8586680702424,0
MCH-3422,72.12921829314915,4.102580998703228,93.7615975131274,2068.9178610711274,0
MCH-3423,72.09102877943987,3.6968486831406353,97.23040905772834,1981.6940155312327,0
MCH-3424,61.11994122975799,5.9201902485077555,110.24773800665011,2006.2218798953472,0
MCH-3425,75.31970493780427,4.951244160413466,109.08937496888599,2004.834535144341,0
MCH-3426,88.89285583578405,9.879139106226026,90.02939672636738,2001.9748380601095,1
MCH-3427,89.6000494046429,7.172619468288998,89.42748537979897,1967.3800769768761,0
MCH-3428,72.22099163645336,2.330841611864854,95.88826604446683,1993.1354466044816,0
MCH-3429,75.50661478867882,4.200493877260499,99.73253698827075,1990.994869932432,0
MCH-3430,72.33272655725064,3.850471086102476,93.4210151142526,1999.6217670162675,0
MCH-3431,76.73112878101374,4.88181739987955,110.40642442799668,2047.1758409076353,0
MCH-3432,72.6112531800889,4.0447321785944155,103.47389841708555,2088.031401731225,0
MCH-3433,88.39471406202227,12.02328322831457,104.0608510987443,1957.9782618665147,1
MCH-3434,81.3621736022344,4.567774606366226,87.33461171055028,1980.4003187606143,0
MCH-3435,88.95109746902568,8.118511950301853,111.6729071738378,1958.7494050796906,1
MCH-3436,72.86872210502207,5.2364518376614155,71.79831177759309,2009.3550768611137,0
MCH-3437,63.61847791730832,5.292432638618281,108.34055451849369,1973.0825271244512,0
MCH-3438,63.55846191268231,4.96380633431754,109.34311737670771,2011.9898416870994,0
MCH-3439,71.46357741070926,5.76590103561547,95.67598812722038,2055.1813455222396,0
MCH-3440,70.7276059888412,3.8065172992612886,112.72910217247424,1873.7084157097695,0
MCH-3441,77.07576863769494,11.131666991268071,99.36902447045654,2024.5889944800344,0
MCH-3442,70.70491349806031,4.645193924947197,100.62431703327442,1976.990647555106,0
MCH-3443,77.94313464021798,3.0326762931519777,103.39528787404217,2023.0211133992195,0
MCH-3444,89.35259631179545,9.226335697807846,131.86574911811056,1955.17652811249,1
MCH-3445,64.29495745123631,3.723229276328772,113.44433908083005,2059.813049415344,0
MCH-3446,69.44245586428528,5.998001801763312,107.01131200712918,2045.6640309020142,0
MCH-3447,65.97516759573719,8.314408364063567,90.87195513398805,2028.4176074271322,0
MCH-3448,68.06150041795719,3.820141862663225,101.43589825479492,2039.6612858905048,0
MCH-3449,67.93192167185178,5.498558499835977,91.86875906153614,1962.7189766413912,0
MCH-3450,67.61177208697997,2.3667416169430586,108.22110847282813,1969.0188122655354,0
MCH-3451,63.72432314013302,5.680857844162021,101.40466975734857,2037.621810040874,0
MCH-3452,69.36172659240906,3.671429300300465,88.75478320386105,1961.6135428615694,0
MCH-3453,67.19696181576344,4.062748072348277,100.81124583418503,2072.2817523329045,0
MCH-3454,55.35275654998866,3.348070265240258,91.50582530283694,1983.8204464359485,0
MCH-3455,80.26486012250831,6.098226839082104,101.51216221337548,2025.094719493031,0
MCH-3456,75.44384827108335,6.510956536209894,91.40922683634743,2104.9624759627545,0
MCH-3457,68.11849637537502,5.035077821987762,100.27487633360813,1964.6888322965963,0
MCH-3458,70.094095248703,3.7033599419964203,107.50469861935095,2003.4380875422391,0
MCH-3459,64.14172826341219,7.384284554155793,99.46948008074894,2052.7091582318653,0
MCH-3460,78.47861438905433,3.8743848083680157,96.09111732827611,2047.5638694438267,0
MCH-3461,98.14121724172475,5.383947824847768,102.03276221057463,1983.6092344880321,0
MCH-3462,70.78346864123262,5.687583514935603,106.97182620792853,1974.1634781239072,0
MCH-3463,75.11765322092673,3.342837989537725,88.9281673011824,1988.3432033727474,0
MCH-3464,70.87643389466962,6.4829131902487624,102.60656154705202,2072.3928883075682,0
MCH-3465,63.31637280562035,4.428293454989872,113.175408190174,1986.0447071820026,0
MCH-3466,67.94088315518171,5.9055698608162945,105.73656963276716,2003.9057846241733,0
MCH-3467,70.65963983385979,7.102250519828237,100.57754146667227,1978.6606764538287,0
MCH-3468,67.72726140628278,3.186711703068917,106.39737506698894,2035.2774282397993,0
MCH-3469,68.90673361282482,4.151094303661392,104.52496456102682,2007.7762518791828,0
MCH-3470,69.54300221245443,4.886493391014405,107.53601109159814,1949.8283094620886,0
MCH-3471,80.41666265764712,10.664625948128998,79.76068389017055,1951.5587942982502,0
MCH-3472,70.26129245248741,4.0124259230893315,84.46543866336735,1900.0697216722247,0
MCH-3473,64.69697466801699,4.1082444560764895,110.04829149483237,1958.4339295437192,0
MCH-3474,66.41491925436031,5.717210863333713,84.9472082383856,2039.6972901816087,0
MCH-3475,63.57707867150015,4.134156911434143,104.01538635719206,2066.1880269006133,0
MCH-3476,74.889077748431,5.228788824346425,96.47950343967709,2034.2779181608591,0
MCH-3477,59.47176529079837,2.67269386854781,90.03810754404003,2027.731610032034,0
MCH-3478,75.76795171658463,8.321494913834895,103.49649757147473,1993.6736975235676,0
MCH-3479,76.93174698631421,2.978436154535895,102.0103350371657,2038.7457277456992,0
MCH-3480,68.4890970650869,4.517370944014687,121.10342652096378,2014.3139111540943,0
MCH-3481,72.9278557922716,9.102951632038263,93.7518879546411,2090.222448599356,0
MCH-3482,68.19344719016355,7.869032201535194,114.40110120069174,1995.0777342911626,0
MCH-3483,69.6790791935559,3.01273132860089,103.52422914384314,2067.1504041868066,0
MCH-3484,64.94700890035543,7.975556203218127,93.38978118457288,2043.705704090893,0
MCH-3485,80.97893567779506,9.320484902261912,107.99246457517245,2036.772164310208,0
MCH-3486,77.65097599431675,5.625642986634869,105.65738504453951,1899.425433726909,0
MCH-3487,73.3246358115087,3.523049469473067,100.35843294858049,2046.4594780773855,0
MCH-3488,65.3771794281095,5.856711863057111,102.66295356440624,1993.6246010545424,0
MCH-3489,62.01200415202284,3.9147700663703002,94.03012968954468,1977.8036752782555,0
MCH-3490,68.36491341195115,6.899991879797618,91.74212874745493,1925.8543479411044,0
MCH-3491,68.93271610324781,3.5434069563384005,107.59442173822583,1999.7206433015908,0
MCH-3492,72.48099593681658,4.830262258315874,97.76060575686726,2001.6775798409121,0
MCH-3493,67.32341643716171,4.167090367980243,99.19917001750908,1934.8499039092599,0
MCH-3494,72.55749787680931,3.518715556359508,102.79821595944277,1926.3359913553154,0
MCH-3495,79.67577020030114,6.111979725361872,102.65288344783808,2024.3309740064055,0
MCH-3496,74.07750511222132,5.8031881211144505,85.70673529025936,2043.5852565530688,0
MCH-3497,87.11469853208457,10.922469015622301,112.86252086454859,2009.514145496121,1
MCH-3498,69.08424764473352,2.330187337687749,101.21182151900678,2057.5417324842183,0
MCH-3499,68.21663432910064,6.596256053511565,97.97346737177851,1995.680750782425,0
MCH-3500,75.90320456226073,8.758173358035341,104.30846005169747,1997.28243627999,0
MCH-3501,66.86343277024349,4.322538366234579,102.36542193614864,1954.1485985629604,0
MCH-3502,70.22611354499992,7.842722918163455,107.67062689489703,1921.987901122314,0
MCH-3503,70.25598950940542,4.60525809191026,105.3798367215094,2092.733106692979,0
MCH-3504,67.49107903594233,2.94138539365804,107.17846228996267,2056.5649525124873,0
MCH-3505,63.13767226057949,4.541551336389807,113.50993905727516,1930.374371643076,0
MCH-3506,71.61487251808835,6.572305951512914,108.83624548970973,2007.787595391564,0
MCH-3507,69.69498014072309,3.742735276502703,98.39513779671438,1994.9976844448167,0
MCH-3508,84.82043797248761,7.883285093706943,88.77098843923167,1986.3003763418478,1
MCH-3509,67.33199846780417,5.890309148439786,116.67797933004515,1979.549107609253,0
MCH-3510,76.10410649406523,5.004590175107859,97.62276626652887,2019.063457348399,0
MCH-3511,65.61613109394078,5.876934428730111,95.26892586639478,2040.9087762735737,0
MCH-3512,78.56020142008947,5.356744311137504,82.63273182235561,2020.1195584514103,0
MCH-3513,61.26181745085869,5.71943797932736,103.38473105312111,1993.9740812810403,0
MCH-3514,72.17385032278446,4.351548221285689,101.4888660395377,1992.138664155444,0
MCH-3515,72.37715341263312,5.347596413045589,84.8488506375052,2046.8407158461334,0
MCH-3516,66.02221466029559,3.6089404914560994,104.53274042133175,2023.1722469058031,0
MCH-3517,72.12196968930506,6.932650433755082,95.01808079298561,2003.6344731517718,0
MCH-3518,76.3975933488008,4.048587924774029,126.90315007288694,1998.2049351199946,0
MCH-3519,58.91590580322968,6.6932712313240845,94.30638807909132,2017.2635254806144,0
MCH-3520,72.51372403745407,4.649589558525702,95.64806667802206,1976.5825655720275,0
MCH-3521,57.53364589834961,5.302998516135982,91.25223775745633,2041.0769408654105,0
MCH-3522,72.99249069224246,10.36852112611272,112.77876521041972,1946.2070719081066,0
MCH-3523,78.14583182450473,3.4760068532479567,96.27224205535246,1979.427174511676,0
MCH-3524,67.09108983303973,2.382859418592048,92.75085846234504,2030.5553047723013,0
MCH-3525,64.13060017795513,3.417013762111311,107.06955009920543,1943.3558593322864,0
MCH-3526,69.0103113550766,4.514136720176118,86.19647064586815,1921.349572867525,0
MCH-3527,80.33953169081776,5.317818768243326,106.25110546248948,2003.153883771462,0
MCH-3528,60.84158876396987,6.515568969924895,117.81399716600858,1915.1770922776764,0
MCH-3529,64.74345044180328,4.331363810304727,105.66607832835089,1935.059822297407,0
MCH-3530,89.60208357082058,6.966273354997774,106.37898316259925,2037.8297059253216,0
MCH-3531,79.28851171768866,2.835927820995931,108.70060216907484,1989.7607371197132,0
MCH-3532,69.48284387854858,5.720095426856156,117.09708028675519,2064.274347485449,0
MCH-3533,80.93627874873238,11.374203711011502,112.09893960019104,1939.7592829531272,0
MCH-3534,80.4792175090458,6.899495401934433,104.39669722273024,1995.3023817183857,0
MCH-3535,77.97221195874599,6.064899122220856,109.03891400636002,2019.979227660388,0
MCH-3536,73.39473493881117,5.957814975901399,91.14065074534889,1941.4742534935544,0
MCH-3537,65.9379882553129,7.546435669564012,107.76293590747322,2051.5880952249813,0
MCH-3538,69.75485329580981,5.498122192125216,89.94444028816253,2025.533944158302,0
MCH-3539,69.19819959477584,5.969194514036257,96.32977581368374,1919.5356456656282,0
MCH-3540,71.65425652307789,4.518824207222002,69.17437824856762,1998.11291018957,0
MCH-3541,92.87197118844584,7.49516425554828,104.01429659367462,2019.2978368129316,0
MCH-3542,74.39708520568702,3.9742266492506357,93.56127988891647,1970.4971663235972,0
MCH-3543,64.61311961507622,4.986261442198017,111.11145215204462,1926.0067547245594,0
MCH-3544,93.43868555772715,7.6967047024786375,103.90192610605403,2013.9229394723704,1
MCH-3545,71.56566070006578,7.8894287822830895,111.24095894701625,2110.562147514128,0
MCH-3546,73.43532897929458,5.121915751386603,89.16403455327462,1980.6507950421155,0
MCH-3547,77.33270429639302,6.768265166038466,110.38386037159633,2078.4620590642353,0
MCH-3548,82.86966721094467,8.880904130777923,121.05856344363326,1962.3855589119266,1
MCH-3549,69.82087210646769,4.532486171352149,107.64158299931894,2010.7772817504977,0
MCH-3550,81.46036043282784,6.794794954593931,107.90349008692289,2038.576126543806,0
MCH-3551,62.160702873172724,3.8865079806851424,101.69597676394935,1999.5793167014317,0
MCH-3552,71.7335498880246,5.79047208704563,94.75331219434636,1985.1132175559385,0
MCH-3553,82.55778275792211,5.0113402705912,107.61192372701508,2036.3063760675186,0
MCH-3554,77.75396078551091,11.373338618415305,84.93917089597932,2094.572755763461,0
MCH-3555,69.83859694475265,5.271880922517576,95.82244875079184,2015.0293462319567,0
MCH-3556,73.20271467537387,4.471319402543387,82.28943197662818,1974.1969911734827,0
MCH-3557,70.61539100828091,8.222445295680439,92.96343622684917,1990.5124221370158,0
MCH-3558,69.4343597374213,4.859144646930429,106.42045091893561,2125.985382282269,0
MCH-3559,63.50391818277088,6.744501454557956,105.05393376220464,2006.7453558169063,0
MCH-3560,85.4856821248696,8.712039521616521,100.50913695535473,1970.2793150711013,1
MCH-3561,66.21618011492036,6.06439921907535,101.70400994062011,1942.746604175873,0
MCH-3562,59.05039147510723,6.3920234887275305,81.14135382135791,1908.7049452943697,0
MCH-3563,75.97296110256866,5.312737955863371,96.27437719429085,2018.1792136923095,0
MCH-3564,74.79192909921021,1.468275615955097,93.1864839356479,2032.7320996412252,0
MCH-3565,70.2583048842554,5.027378691284169,93.4094030948546,1980.1651910017397,0
MCH-3566,71.14537344102851,6.845690071639963,105.99578627813753,1999.2514790984524,0
MCH-3567,75.37159006357781,5.791221249541596,91.39492673494689,1941.4769145355688,0
MCH-3568,83.31139248187172,11.366767997730124,93.95319149872589,2006.646423241375,0
MCH-3569,74.52008777380657,2.4166145990637213,79.12930754290484,2024.0747660283562,0
MCH-3570,68.51258899563075,3.919317393987412,97.0587681962383,1973.241786641618,0
MCH-3571,76.55991869286973,5.617036446727159,89.1216245228638,2084.522633479292,0
MCH-3572,71.60392862966341,5.615574915180338,100.79202928689644,1958.1446836626544,0
MCH-3573,80.65438060532725,10.296339852955501,90.48891953257535,2014.1738302009492,0
MCH-3574,63.64969455643984,4.782699867280859,101.04542245549216,2042.4158609852302,0
MCH-3575,71.43477927150855,5.608736130010722,98.55314239257658,1996.135524992531,0
MCH-3576,82.40801687171783,10.618308956940972,116.72041773042321,1990.5761590552754,0
MCH-3577,66.80858636735753,3.5195858952476646,104.97217980453193,1928.556692477517,0
MCH-3578,65.92312185841939,1.6163130033578788,81.60362127437696,2067.867074785814,0
MCH-3579,64.66882534050387,5.646514538195115,87.35111155897292,1991.5053399166202,0
MCH-3580,80.62385701508481,5.260920812619217,100.55208008992334,2026.8682712467412,0
MCH-3581,76.65669530994202,4.072737436849747,90.70152051607349,2033.6360243930071,0
MCH-3582,79.60183751072131,2.5712404152262027,70.31631569764147,1968.5850753991124,0
MCH-3583,63.88552490222218,5.944609271613107,113.49546313833743,1990.1235697854393,0
MCH-3584,79.563544147994,9.088056446106599,107.20224016905408,2066.724117537175,0
MCH-3585,63.53246187397952,5.8353120835522185,105.20976873491772,1944.1401167129777,0
MCH-3586,66.52152561401468,7.796072795617638,93.92676954529085,2106.3959037378627,0
MCH-3587,65.40936508291712,1.7878536795204427,104.27676771009929,1962.7563607361863,0
MCH-3588,76.1979200322078,3.950598786946454,92.95639675779118,1941.0241271679745,0
MCH-3589,79.1906335635795,8.692052647040573,102.04857300217691,2006.6154510344268,0
MCH-3590,75.34189666847008,7.182239261219976,90.79416774163522,2110.4174132169937,0
MCH-3591,73.02060444794259,2.5453954711902727,115.16288450556014,1904.4517032203898,0
MCH-3592,81.51819376052394,7.903791538520907,84.29763345918155,1992.9492140755153,0
MCH-3593,77.28195580017729,10.486355841579012,112.32283829510831,2023.8132508628278,0
MCH-3594,76.29616619893399,4.8559990073992125,100.3891582801733,2001.6824979267765,0
MCH-3595,75.73220435200363,4.702910355171641,95.1053300465801,2019.0960835001504,0
MCH-3596,65.13310580986483,4.3456054517299565,101.67002921695739,1964.0983458913863,0
MCH-3597,75.0356666823658,6.572175138903733,107.3334800717818,1970.013907703431,0
MCH-3598,71.68072481513114,3.3972188688763416,113.66746736694397,1992.57886764204,0
MCH-3599,68.86261870023296,5.51812127246578,103.13143023133532,1943.5055956048625,0
MCH-3600,65.88032256514,4.4237275014395365,91.09303914737723,1997.7656799279905,0
MCH-3601,66.40445274275407,3.856799827228853,100.55630123765789,1980.562735316425,0
MCH-3602,80.24906047892964,8.878962763525845,118.16793236662373,1976.4977407422566,0
MCH-3603,70.00341409478742,5.62857610213019,113.47678085512624,2016.025320629932,0
MCH-3604,73.9106500076573,5.919898316991715,109.0876347812436,1908.9670253400348,0
MCH-3605,66.04550309166224,6.706665171002993,107.95687020122386,1988.5454948308422,0
MCH-3606,66.10073526889181,2.867975082022179,106.99450090606541,2115.867688280743,0
MCH-3607,75.40992404624971,7.628437863683048,111.5875483450987,1945.6945156837187,0
MCH-3608,63.25211894224234,1.2365642322573862,95.43371214278095,2064.2750248242205,0
MCH-3609,85.80951965242691,6.3611948854501215,86.44913934224994,2002.732806045635,0
MCH-3610,70.17013705536117,4.311452490231649,100.69003500737061,1969.852109555929,0
MCH-3611,70.55686300920026,5.872585047455759,91.8241841322231,1933.9679170235097,0
MCH-3612,69.10453357491922,5.328077399212232,89.44979244622816,2006.9840982642615,0
MCH-3613,71.97909890547962,4.74977788895241,92.79721423412069,2072.6698552907337,0
MCH-3614,73.46427877908906,4.982003983058414,124.85313924533686,1980.5394427401618,0
MCH-3615,73.67318772729665,3.5329654647161477,101.36124634075844,1995.9519287631613,0
MCH-3616,65.07098095666086,2.7541514082737404,103.61907836360989,2050.5185425095165,0
MCH-3617,68.57922451035601,6.0897674335040906,87.77637192995746,2017.043539567314,0
MCH-3618,90.76108998814242,9.236016554110195,81.56247041207371,1921.3862110137711,1
MCH-3619,74.47323593786936,7.376741562735588,91.80947356881194,2004.9443607927592,0
MCH-3620,63.13570274259468,3.814974354777188,114.38195585208749,2075.61174553328,0
MCH-3621,71.75739950176101,6.039222815451383,103.34275466076521,1998.1529406766251,0
MCH-3622,60.10887375312595,4.574439907452902,105.98595091444392,1862.925528526131,0
MCH-3623,70.23467451030184,6.785712477790224,107.38566039202061,2019.4107495795536,0
MCH-3624,79.48883508372988,6.532944165017213,94.08650620201722,1990.0771780227983,0
MCH-3625,65.26053641365507,5.316814098836685,113.87965583973367,1908.5452793039392,0
MCH-3626,65.8283847725421,4.49070476500102,93.67192400777817,1916.0395954973108,0
MCH-3627,73.8201489078643,6.441398267912392,114.06232359262553,2048.7553571644403,0
MCH-3628,62.28599242395177,5.9703567848848484,104.42302156135341,1963.3808627202461,0
MCH-3629,66.83622485057481,3.973339396870726,82.10954845753677,1954.6251809632004,0
MCH-3630,94.18947252298187,6.236804665257192,92.51990513399465,1998.2180719534165,0
MCH-3631,66.82857076155298,4.567200648977305,82.15061467127896,1967.789850084003,0
MCH-3632,86.41987093541509,11.600462236649363,111.63282132794208,2005.0024313888873,1
MCH-3633,73.72092855157517,6.719730738099558,99.752645791976,1989.8639985281666,0
MCH-3634,72.1077304176828,3.3315087954941287,77.7165756005022,1940.000220995318,0
MCH-3635,71.33409198147702,3.248363876150118,103.75746881719658,1974.4401100719308,0
MCH-3636,83.9406677361781,10.894165073544311,94.6283573761168,2022.1376660654553,1
MCH-3637,71.85030557634478,3.2965461428632565,85.16194144966677,2002.0959020119312,0
MCH-3638,69.38133659950121,5.763942985463012,116.77965836968697,1995.9028758804084,0
MCH-3639,72.28902804962893,4.075893176995514,101.07285866096579,2096.8692120589694,0
MCH-3640,67.5153398744101,7.425567386782523,97.06568597686687,2036.5518762692768,0
MCH-3641,69.0871551281023,3.8443628012931814,96.00575219013983,2042.622063241067,0
MCH-3642,65.05021103723993,6.715042295308742,84.86720530842229,1991.7015796102537,0
MCH-3643,69.82496194996882,5.277287981090547,86.9545110041589,2011.0072595175639,0
MCH-3644,65.94499568185577,5.37829228135143,112.84916784875084,1978.4450005237154,0
MCH-3645,64.42976774919003,2.0445371279728985,95.26117130214281,2038.8774882762063,0
MCH-3646,71.29330573927695,1.6956299701914221,100.22067700936863,1994.4800047950478,0
MCH-3647,71.0636988792883,4.669151089599029,79.55669523798926,2011.1188874465279,0
MCH-3648,73.91436867474286,5.370359095124917,86.81907964204494,2008.0305651077583,0
MCH-3649,67.8443721521245,3.3122032583934153,106.09812519874752,1999.0916559297273,0
MCH-3650,87.28916244007928,6.942445139774233,103.77711760113834,2146.9094033577885,0
MCH-3651,72.75398786136832,5.842208944739199,117.53375198724316,1966.6690361252638,0
MCH-3652,72.22386903915798,5.844281720685696,113.42956331631227,1966.2144234920654,0
MCH-3653,65.8717315859893,4.793388409418109,97.69289027515177,2034.7048373405878,0
MCH-3654,70.74681741135595,6.170302581779112,104.7295356471327,1970.241550046241,0
MCH-3655,71.8207014802733,3.23869655641978,96.83396557096926,1985.4296819325552,0
MCH-3656,70.03589233453971,4.466097624369544,120.54809818638648,1945.6794523322192,0
MCH-3657,59.567611708144575,7.47181640867551,111.490146960524,2024.5778959701292,0
MCH-3658,70.8024481198674,5.102483194909726,101.69685090857752,2025.2128622242076,0
MCH-3659,81.06265519698621,5.189468771880499,102.00394784876352,1984.2403970038279,0
MCH-3660,68.19980365621508,8.45891987895161,114.44850287259808,2035.7408344240037,0
MCH-3661,66.35961451072339,2.900986751226844,105.79577847113848,1907.0937493133204,0
MCH-3662,71.86674279855698,6.194645549963166,115.58628017070086,1964.6573299242827,0
MCH-3663,86.46023952389109,12.273619857688093,78.06352073741127,1991.5010406894535,1
MCH-3664,75.96367582708207,4.5127131102521805,104.61228261498798,1941.3858751548523,0
MCH-3665,63.71065922045556,6.289446180282269,94.84565135318616,1912.564348129064,0
MCH-3666,73.65690126287497,3.526970754183643,117.56377987627992,1984.6052017480777,0
MCH-3667,72.95211030625731,3.9699014066489724,115.4639868718983,2034.7010043530372,0
MCH-3668,69.28926731529727,5.577449624071452,100.32835809101307,2064.1054195713255,0
MCH-3669,71.69343658960845,6.197850009665885,115.35630978811031,1972.6356058397314,0
MCH-3670,75.14728740799178,6.681404768609369,117.83114519992506,2036.6607918810796,0
MCH-3671,74.36157690014225,7.354442880409239,100.74406671926147,2031.8271019037834,0
MCH-3672,64.28490343963136,4.8988301621672266,124.71933772431858,2060.9304087167247,0
MCH-3673,74.10079093377742,6.790417632758881,99.68658847330278,1982.4904484822998,0
MCH-3674,69.67655697483741,4.486542734826276,97.85479049664092,1910.0749752407662,0
MCH-3675,70.36437049007758,6.353136967382402,108.65872588584344,2003.5092926211373,0
MCH-3676,70.36598495500847,5.311233196778272,96.46209268857686,1949.3103129515139,0
MCH-3677,69.2487850560087,5.668516860622886,100.85339775794894,1963.8247445468996,0
MCH-3678,89.28369030650454,10.85103656744103,114.0943442405091,1984.9390427973408,0
MCH-3679,69.58141020075394,2.592942485303282,100.1921885221727,1983.0536184325429,0
MCH-3680,64.40226935808415,3.31381721170884,83.04982207024693,2007.0779633447896,0
MCH-3681,68.03235072015136,5.153812159726284,103.67319387849197,2035.1578158209809,0
MCH-3682,70.89347358405237,2.469081380538247,93.03706420947606,1981.6132208362017,0
MCH-3683,76.14607392148525,6.246816654799634,108.65271157294546,2019.7848753304002,0
MCH-3684,85.2933338579809,9.570005898412427,106.96189715826246,2000.7408004965253,1
MCH-3685,84.24840367816613,10.988316636863729,114.71400348166522,2046.7747197939223,1
MCH-3686,82.42594958339446,3.318298980863117,109.07532300792697,1990.5704074446842,0
MCH-3687,71.32387655488989,7.070208408302772,110.90244283658065,1996.0536662112722,0
MCH-3688,76.37695368999508,8.055815959577536,93.30903239862286,1981.2799776000547,0
MCH-3689,69.24142783211386,5.220615241168961,108.03986495890503,1991.8875730020752,0
MCH-3690,87.95749057911074,8.398739472676555,119.6845128936029,1960.8255935827062,1
MCH-3691,74.19734252259202,5.302607982194066,93.11350091363232,1955.8701356928243,0
MCH-3692,76.09097355877128,5.795553783498199,117.99738291727098,2038.7882692641363,0
MCH-3693,95.70384305071302,8.318183274366666,94.5064990879867,1945.83991584077,1
MCH-3694,74.36098500036489,4.948153640234295,91.48028754950026,1984.0440955151048,0
MCH-3695,68.42456634402946,6.358576400746048,102.96200443354839,2050.7671393135497,0
MCH-3696,67.1412697902197,8.518436242844661,107.1591041612881,1982.3649602498197,0
MCH-3697,85.96150790621859,6.42366926769243,109.11750123972266,2041.4370226842786,0
MCH-3698,94.50853393627479,10.03936616302953,90.38237579226798,1970.4477139636579,1
MCH-3699,68.88639649611696,3.229309272151877,104.3454009725429,1947.4418196824904,0
MCH-3700,75.32585982857194,7.388037347864126,93.14445428516495,1920.258707254959,0
MCH-3701,77.2630837274309,4.118393046020152,85.11077743929424,2065.636203463633,0
MCH-3702,65.4183954046329,2.8351988093213087,90.71263684467215,1943.1564409182793,0
MCH-3703,65.8153964810186,5.95728049827286,92.49099634044182,2037.3593295062547,0
MCH-3704,69.29812470547331,7.616466672114667,105.21595160352507,1950.0026486603308,0
MCH-3705,71.53806334094598,5.995396802841144,111.52213663068669,2065.869195896991,0
MCH-3706,67.37716493116474,5.307196815922876,85.26793370124733,2110.3391362307552,0
MCH-3707,76.76101339433572,5.613711384163991,103.51961074208056,1915.6734970154832,0
MCH-3708,72.12033430759226,7.122260994238332,88.23301814229093,1945.7621782920594,0
MCH-3709,70.1972352412037,3.688701094978775,106.29085409014,2038.6565931901612,0
MCH-3710,62.820452380657365,4.83222934387053,93.77269418996252,2025.6521461682908,0
MCH-3711,63.42092091786246,4.3209647772357,89.48670981976721,2038.8460927380095,0
MCH-3712,71.40504625140903,3.2482020390624347,107.99664515347575,1971.3122224797812,0
MCH-3713,75.8414296918356,9.432318003737048,94.13077394554905,2099.3767080511684,0
MCH-3714,89.35685367459983,10.399154048281357,96.84036048647302,2005.9024733344886,1
MCH-3715,69.2092307781384,5.849903222589088,77.80010912443623,1939.151871157824,0
MCH-3716,86.21546484797366,5.966465750162301,109.46551361423474,1987.3425749978528,0
MCH-3717,81.53958125308056,5.219713417479977,108.20908521169108,1939.8216551885585,0
MCH-3718,69.09275465376241,5.784985674092883,100.05457844281314,2079.547067927705,0
MCH-3719,69.46831498734342,3.799114486477842,84.7241905864424,1966.983436859994,0
MCH-3720,74.97790757001015,4.535735171109156,112.09369178334762,2024.624174237231,0
MCH-3721,78.5158630495902,5.288006355453015,93.33736613639209,1976.466342750891,0
MCH-3722,68.80828594910437,10.049905616446978,95.46646549899413,1969.2306345118743,0
MCH-3723,61.06812267322657,5.48028178238281,123.12044056359531,1904.4872909359474,0
MCH-3724,66.8898259722281,4.792497076975433,92.9636355589077,2029.9087301495283,0
MCH-3725,72.91368791586932,4.433864898304505,107.422099624265,2064.9590626314593,0
MCH-3726,82.27964552258388,12.972269226710962,105.62092262082618,1954.2016209317424,1
MCH-3727,87.96721263932429,11.560036244920518,103.90172192880085,1922.7385442500665,1
MCH-3728,64.00151235817346,5.619721213928933,102.8200054255451,2040.1658021368914,0
MCH-3729,58.41928068515561,4.650187252690409,103.76388561889199,1917.6879325446876,0
MCH-3730,74.29007097651072,4.323171759584185,102.71940590940541,2060.9766467974127,0
MCH-3731,65.85901863517383,4.8037991094095664,99.48081641223939,1954.780243852269,0
MCH-3732,77.84062063892674,9.843294406525331,115.11283124110741,1944.8353628587686,0
MCH-3733,83.63122421587403,6.8002682407945425,86.87339439200721,2012.4231210565645,0
MCH-3734,94.52650747706895,8.608579704847115,110.21458104015376,1948.093035749428,1
MCH-3735,84.88057673271858,7.4782462682903486,108.22342298687552,1964.6444459353395,0
MCH-3736,67.71075806908755,5.310709155167853,106.98399121329402,2017.6990966335504,0
MCH-3737,69.20318883927047,4.641090279272223,111.16979427640129,1878.5443831416676,0
MCH-3738,68.14708618799608,7.217181839149227,99.07400604731608,2082.120962296416,0
MCH-3739,63.259764440299165,2.7764048195063467,81.31025924173123,2002.182006623287,0
MCH-3740,66.42659661504784,3.8729817955949444,99.27707340285514,1935.3516993798237,0
MCH-3741,88.86307915252134,12.786294225639619,90.08805782375445,1949.1377315356578,1
MCH-3742,71.6083927068825,5.19667898701272,92.68140790141936,2049.58231891304,0
MCH-3743,70.8402990298341,6.327263874201738,87.57580326167589,2030.0526467537052,0
MCH-3744,65.0242575907331,8.076870414904196,95.22655141556166,2069.3390328642604,0
MCH-3745,69.09248418932167,3.959293373147266,94.03376306016551,1965.8628577597883,0
MCH-3746,59.11467476778573,4.851028493311952,76.22430170072897,2014.82919185754,0
MCH-3747,70.89238331942695,4.591359648603692,107.00221911282289,2021.3283955891839,0
MCH-3748,77.14428853906784,2.0681104932750864,122.20321858004883,2034.7633750126117,0
MCH-3749,62.62933933978947,4.534404794366046,106.06237193496288,2056.3640561716034,0
MCH-3750,67.07036163341122,6.321593281070998,97.97076043465772,1964.1368047077826,0
MCH-3751,71.64553389355065,5.810884312718361,99.45253604323784,1994.2914866119759,0
MCH-3752,76.26421317213742,5.928624754082016,95.79014131986824,1969.4925127209926,0
MCH-3753,67.75887691849925,4.4367365290407506,100.90041583866959,1997.3694063321811,0
MCH-3754,66.53874835367051,4.015854145991538,99.62991905926766,2034.9216391031487,0
MCH-3755,60.15538428791959,6.903883507847931,91.58951569601706,1917.298224986965,0
MCH-3756,70.51719064654053,4.254024280463495,116.8288838894783,2055.468578472964,0
MCH-3757,80.21038020071872,5.441123058189821,85.12845764290229,1943.0408937868126,0
MCH-3758,71.38679230982338,5.245002021016307,107.18331543194246,1984.6314840151385,0
MCH-3759,69.88860510408144,7.192575524385678,98.98802372682468,2062.197096248306,0
MCH-3760,71.61041155383492,6.457118536508539,119.00831815065744,2016.4004858991702,0
MCH-3761,69.94453998025699,3.0571120689993188,103.4086459924822,2016.976497413183,0
MCH-3762,65.93492813869935,3.21867024983744,96.40094462816752,1940.9686977352444,0
MCH-3763,74.11639957838852,5.868364727103701,97.52292801565503,1947.795703208808,0
MCH-3764,71.12880761555877,4.90349352893125,100.39906694519762,2047.062819833446,0
MCH-3765,84.76065050513101,7.986656985611022,88.57209305003599,1970.5428227257805,1
MCH-3766,65.12316986360875,6.523441825991706,92.33130474882088,1975.2544063350076,0
MCH-3767,76.5175396596738,5.281189073133366,82.15056030808142,2048.1975625527357,0
MCH-3768,85.76011420786446,9.030287029705587,90.77023101625906,1947.5043227315236,1
MCH-3769,67.23539581316349,6.169742961132575,100.9390648166045,2013.4617566443128,0
MCH-3770,75.00912426840969,4.437336507584654,103.0017504928452,2002.1453663083846,0
MCH-3771,67.51214580807397,7.3527784782088315,80.20670305003598,1999.8657137068378,0
MCH-3772,66.08998253744481,3.817928565150488,98.627882969558,1974.0782184061247,0
MCH-3773,77.0226864998327,9.389903192706278,105.63409950822133,1971.0072409268337,0
MCH-3774,61.144657234559546,7.150749257989768,98.37087806623765,1946.0817918102566,0
MCH-3775,72.35771190209103,2.9340567660918504,93.662113542222,2024.1332513020652,0
MCH-3776,60.84427560830825,4.484997236221326,95.87838854951787,1966.5925404241632,0
MCH-3777,63.857780843671186,6.713311089328337,94.59236645022779,2048.4372310583626,0
MCH-3778,59.62205995460734,6.735866821596538,93.63269440891943,1988.7722479204674,0
MCH-3779,69.56965153604554,4.742756599417641,101.73823525244849,1947.077475528948,0
MCH-3780,69.24839769864064,3.897993359484711,123.07688227735451,1988.109305892579,0
MCH-3781,68.36651893406818,6.433903733496143,92.56300083094817,1979.4571400431762,0
MCH-3782,64.78711152664712,6.775323653872407,96.81857367338573,2050.455170586403,0
MCH-3783,64.1388312328168,3.253004977231408,99.48302060624768,1981.5499905374234,0
MCH-3784,84.85483041529054,6.622899986615172,93.12645565641706,1986.1894809399837,0
MCH-3785,67.24724034145756,5.337885022975399,110.98235803523427,2070.577335274622,0
MCH-3786,71.58179160768073,5.9440409501433376,76.29114626693561,2025.4133660731675,0
MCH-3787,65.57375656937889,4.551396372154918,94.68940829621324,2083.1353008001747,0
MCH-3788,70.9053137138554,6.018940729973524,108.18313736319962,2062.952250203195,0
MCH-3789,76.51639018658032,3.9347950897439268,97.05905691611366,1955.6418705818573,0
MCH-3790,72.93082900196391,1.8279596013893968,91.79161041149709,2049.497542720005,0
MCH-3791,84.59506248794563,8.079178882712917,104.40756754438765,2076.2651646037298,0
MCH-3792,71.28599485177963,5.094848219769652,109.06343235397152,2076.640656616171,0
MCH-3793,68.79667412734894,4.5862400601553155,102.10635445215058,2049.4047991788343,0
MCH-3794,70.03940092347364,3.262095104510772,91.98779640187117,2048.376149745459,0
MCH-3795,68.37194473925749,2.2765265361817737,104.56203319151743,1984.8669478162226,0
MCH-3796,85.70581201080307,7.468287920159027,95.9795069972521,1958.1308957825213,0
MCH-3797,71.06046676537088,6.346483657474615,107.45186881893828,1982.3891340551272,0
MCH-3798,65.03320650209025,6.884296159120524,114.8325888485659,1916.7605499283618,0
MCH-3799,64.9206058650501,6.781570076207682,73.94423244311467,2067.1397657710854,0
MCH-3800,63.05728723084395,3.7761356972771702,101.11067473195632,1985.8353520291143,0
MCH-3801,61.99864447748145,3.269440514554454,82.64266063052372,2064.566536453248,0
MCH-3802,63.913586538897604,5.744951922469843,124.4178858532977,1938.42502113892,0
MCH-3803,89.39067034786237,8.484836724897967,95.31875466203809,2054.1312460501103,0
MCH-3804,65.53606242254058,5.600254407800746,107.46373241825373,1975.255967091034,0
MCH-3805,72.56807232115548,1.978905088643355,99.64683140405104,1935.7815295845412,0
MCH-3806,70.17356874376281,3.6996731226748,91.96915419280941,2081.355902607988,0
MCH-3807,73.81859359826677,8.293726406338026,90.77946952822573,2055.3655834670385,0
MCH-3808,89.73257793966958,8.97384096775755,115.85679173100759,2010.5896210092892,1
MCH-3809,74.05399322795854,6.15096104390373,109.5593806017831,2001.6968942567482,0
MCH-3810,65.03068662582574,5.21638028342306,119.43584087377563,2021.975500940956,0
MCH-3811,72.10095771447496,5.496175709807354,100.55453335157699,2009.7314288958705,0
MCH-3812,65.71750881295401,5.127298187541657,102.87919621246,1960.3862022914263,0
MCH-3813,70.48835188374167,6.028429061327724,97.32808434344712,1979.397386510754,0
MCH-3814,63.677507965225175,5.469298477236366,97.1291779688499,2098.035891601935,0
MCH-3815,61.03446773732712,5.098606490070931,89.58113067522632,2133.6078371314006,0
MCH-3816,68.08591405193516,4.597446801293929,100.84010190924351,2078.1334252615343,0
MCH-3817,69.38135526862582,5.121937137563721,92.10753405113803,2023.9111970081312,0
MCH-3818,91.6129219834909,10.105738297493886,104.41908922164203,1983.1125483649032,1
MCH-3819,64.0798472088872,5.401213083347092,101.7001021898021,1960.0907053051517,0
MCH-3820,86.14860148039725,9.014984663374658,102.87682043675723,1963.3858794784899,1
MCH-3821,71.34647376290367,7.0140827920267785,116.75129939690225,1972.336617065662,0
MCH-3822,69.77553484938731,5.397745884119881,99.62282050234408,2107.5582020712886,0
MCH-3823,70.91250515299606,4.026502219290263,107.56727002853428,2090.31411481913,0
MCH-3824,66.64942399772883,6.325410178991254,120.5150946408558,2037.3139194967696,0
MCH-3825,75.8585895735808,2.9507024934966237,113.06617069295048,1951.9693411793587,0
MCH-3826,64.1191333172261,3.377879928891069,111.53169698454845,2044.6527963355518,0
MCH-3827,89.10209885271058,7.862496023884416,96.933117844795,1988.0691485744696,0
MCH-3828,75.9094554647998,5.774595001679868,102.29643055567797,1892.349528067794,0
MCH-3829,72.40454046374448,3.1324231647440075,86.81723707970059,2014.355031870063,0
MCH-3830,68.98737886467585,4.425773778519875,104.98914400964415,1957.9043479582972,0
MCH-3831,67.3585147666851,4.090874251670512,102.74460177613841,1959.5973285454982,0
MCH-3832,96.2537811379294,5.775789997601562,100.23385125156182,1987.4796003215997,0
MCH-3833,62.885125373691636,6.4153966644094185,110.2719478824286,1975.0838513528793,0
MCH-3834,65.14937869810178,6.059758195320879,87.92225177575604,1998.2871590447996,0
MCH-3835,68.0122111725414,4.9713167302194385,116.34862851160347,1995.8834724991398,0
MCH-3836,76.18826878755999,4.181057109327608,109.01764687940283,1906.2095453576185,0
MCH-3837,71.89883818020448,2.975525494669789,99.29366020348026,2076.0138994441418,0
MCH-3838,65.15977120744877,7.1302774081729225,98.51270412182606,1950.831163852566,0
MCH-3839,68.44846147307548,5.888170850427377,104.80611215248594,1952.3800807434764,0
MCH-3840,66.92838427951853,3.9399963438902894,115.2085123206378,1983.572337410485,0
MCH-3841,66.45105503883232,6.079399246437337,101.0160771869001,1994.5832576315354,0
MCH-3842,74.8944477927839,4.894664569138062,101.44030901979227,2072.948990841592,0
MCH-3843,63.14128435368247,4.569335742706485,100.18118477625872,2013.4711726027451,0
MCH-3844,78.04390427867187,5.652817292434404,117.82024112701473,2028.3232742054768,0
MCH-3845,74.14114845092311,3.8877526251309127,96.31116897062977,2013.726809379164,0
MCH-3846,75.45430835301849,4.484365220734835,99.70492401380929,2011.5730791249387,0
MCH-3847,67.68530243987371,5.182191596299319,114.63435654260995,2015.4864751543505,0
MCH-3848,69.25029640460446,4.25082321067218,101.47010833612863,1903.363292871553,0
MCH-3849,62.83424092737644,6.003627815401286,111.37058860045522,1987.5040757580236,0
MCH-3850,67.37668796466599,7.803599755517391,90.88719943097041,2058.1130555285577,0
MCH-3851,72.46827423821576,3.868552801089286,97.94707478371485,2197.116550540334,0
MCH-3852,76.48031530890698,2.5023120555439333,114.84434038440229,1939.7845533730244,0
MCH-3853,64.46421591598774,1.9973897487856078,93.23660284236455,2021.1539980162177,0
MCH-3854,83.04754306047012,10.36034264454692,98.48700960230292,1971.447671106283,1
MCH-3855,69.24350389883739,4.005253114810726,102.56685230891479,2102.3825951948425,0
MCH-3856,63.021053989037576,5.311790751600621,90.10845482007014,1932.3108619604259,0
MCH-3857,72.956746208792,5.198896508039152,95.86189881378102,2031.246974515794,0
MCH-3858,66.38004834128695,2.5951747300788557,101.1263668182564,1929.6394450247906,0
MCH-3859,84.87942672215901,7.278786225514072,100.46681734161962,1984.0716665969583,0
MCH-3860,67.74025314044061,5.443899860519143,112.80352020837135,1998.2843334625095,0
MCH-3861,66.05330747140162,5.203143252079935,115.41457194832253,2053.4845840869802,0
MCH-3862,69.96477507259722,4.361273002450173,91.43915127999088,1946.1416586920736,0
MCH-3863,68.92195210715988,2.514284622301543,101.1126851916749,2033.1691524423693,0
MCH-3864,68.14071058860667,5.707086894147486,106.74248308424765,2000.9388861693974,0
MCH-3865,66.35769189159828,6.907849318135915,115.16347465799197,2013.639669314299,0
MCH-3866,85.47363642669823,10.54177996702626,107.18490297317129,2047.916635734257,1
MCH-3867,93.37326159607477,7.779756881752084,102.90913401592331,1935.8721653497357,1
MCH-3868,70.69943616419563,5.066828248356727,106.66542531982631,2040.5297486574295,0
MCH-3869,74.98059107455565,2.9508288785994727,106.73768834336259,1971.5547573455287,0
MCH-3870,79.3268397395878,9.666350126288599,90.72285707715632,2054.7936727488413,0
MCH-3871,70.78880719646885,5.122766501794308,101.9279879250627,2016.727881726894,0
MCH-3872,64.51315840514467,2.3477646323701524,114.59160994188692,1989.5235809241472,0
MCH-3873,62.615375362340494,4.548988459334476,97.92643231305995,1970.498701545459,0
MCH-3874,66.30314296270481,5.694952265351346,101.29446642547444,2041.1647497177664,0
MCH-3875,75.95949667206787,4.500428568536717,97.57483550473978,2063.0475842740466,0
MCH-3876,74.75007914334823,4.586156417839739,76.86140504393126,1973.3574229569908,0
MCH-3877,71.215023610272,3.163396689429092,100.20590177234679,1943.3496717109301,0
MCH-3878,82.20512515396398,10.546035163185332,103.01791930652873,2034.7105521472613,1
MCH-3879,69.01859674306031,4.0272961999712935,94.87506609119097,1927.573452898315,0
MCH-3880,71.50850004450868,1.7653319344924512,88.45363051115272,1934.7243781208515,0
MCH-3881,70.87768114789299,4.443113943994409,91.19393540218351,1946.864986223605,0
MCH-3882,81.26496683006297,10.115278052531378,107.64187616135564,1979.2274758480626,0
MCH-3883,65.54841075990063,4.419605830100079,119.72524773046905,1933.1834055392278,0
MCH-3884,69.67961117925641,7.60697747768528,113.82433340905433,1903.060004530921,0
MCH-3885,72.68145454758594,5.643451922822775,86.55653995169448,1943.2277902831438,0
MCH-3886,73.83768284262386,9.336167571911162,108.54627310550703,2032.123722328631,0
MCH-3887,69.18938012260071,4.807402601123587,93.3683762419071,1936.4227963936617,0
MCH-3888,70.71524384939477,4.897570688353564,94.17732937491223,1982.9865161022915,0
MCH-3889,86.27500793426442,7.73057759012036,95.38024402028717,2097.3349231182783,1
MCH-3890,73.46428792118718,4.54659591187621,107.0606694985543,1997.5412934986455,0
MCH-3891,72.91285659404403,5.796300743100723,109.59253376449038,2017.1265494864797,0
MCH-3892,66.00029746649032,3.5962531553141517,99.01968928720213,1952.6979990874224,0
MCH-3893,60.45998931438346,3.3861592569136105,99.18929258991976,2108.1737426850073,0
MCH-3894,68.034736214693,3.3152074236869336,104.64263743235793,1972.9352755430787,0
MCH-3895,75.0081591260428,8.068481821515732,105.67994539524241,1988.594765777424,0
MCH-3896,76.96727263762216,5.79551435250587,111.7622570675853,2065.852933898368,0
MCH-3897,73.55274551148892,5.456738302520217,87.15628024490802,1990.913287757319,0
MCH-3898,72.14670411400867,3.413727994559853,100.2002733980403,2002.3944391337607,0
MCH-3899,71.89819824192983,5.935013451012242,89.31975624108823,1985.9155839605435,0
MCH-3900,67.2194062661961,4.825142980320007,99.49057720936597,1986.2583810971387,0
MCH-3901,69.3496985322319,5.321253411697625,97.7382471231924,2018.5251005414045,0
MCH-3902,78.34534762913165,3.535069526204666,99.53250546097297,2027.6471594599052,0
MCH-3903,65.28720997104062,5.240403286126365,92.00257111889468,1967.8375784393716,0
MCH-3904,78.07389395354926,4.364249692690275,85.1271020679257,1961.6959771926536,0
MCH-3905,68.3898592275397,3.8515832644547183,79.05562473285097,1969.5431955571219,0
MCH-3906,76.62716054547539,6.101159503710873,98.68819845735159,1929.9372992900117,0
MCH-3907,62.96592495251231,2.6934382872049962,95.6899889416706,1920.4784870740352,0
MCH-3908,72.92952100582325,5.847164396471226,93.24062335196173,2014.8583573612455,0
MCH-3909,84.42861396840358,11.158083765853725,113.22548462831661,2046.9297901587556,0
MCH-3910,62.923664040379066,3.680534486673139,91.4056181320469,2043.5522646572608,0
MCH-3911,71.09267021205473,3.769507308301299,114.16834082138803,1880.900436343167,0
MCH-3912,75.04735894297984,4.665461478100397,116.23843744269257,1987.7467456478369,0
MCH-3913,65.77529280703251,5.423054315693331,80.4909953321062,1944.895402220372,0
MCH-3914,62.504920197707996,4.770717512278662,100.9238145899897,2007.1868718910428,0
MCH-3915,69.54077617832523,5.650343690287819,96.00303509164009,1979.108824059531,0
MCH-3916,69.5628233561141,7.644469478806099,70.88196055282734,2029.5955953122293,0
MCH-3917,72.7415981377725,4.2384248462754295,85.55358746931586,1999.042345479933,0
MCH-3918,74.74797285682244,2.4272300439448693,107.74936107108475,1905.1999052541055,0
MCH-3919,69.70292409363753,6.23888537454598,120.19199252711265,1951.645706360023,0
MCH-3920,79.27751657397131,7.524971863891294,109.02678142699249,2000.2892557413327,0
MCH-3921,71.12117372267646,5.589152544576686,103.23632472512978,2004.5055214615543,0
MCH-3922,68.2678674699655,3.3683769869694977,99.78667618368912,1929.7161596147998,0
MCH-3923,61.94216320448586,4.8141614551471985,116.82662914648114,1923.177014822694,0
MCH-3924,68.68670239841916,3.3222147736825516,121.48239201957641,2002.8122668786589,0
MCH-3925,68.31806527294432,5.964283240944422,94.13157320475814,1929.8166346974735,0
MCH-3926,74.80152398140736,2.973064395952348,80.0001343968971,1916.5685286749608,0
MCH-3927,86.48479625288465,8.368051008977506,79.01812536728798,1977.742974368433,1
MCH-3928,64.10315439183691,3.4934932605591404,113.21880992159802,1975.5776954330674,0
MCH-3929,70.86127193205519,5.190237027702443,99.52941459225613,1956.079976133035,0
MCH-3930,73.35765585864527,4.4504874842933635,101.83241910458719,1964.813152163752,0
MCH-3931,77.64015679693917,5.265143154875396,82.09349007043286,2000.6917861611198,0
MCH-3932,90.04182946882216,9.197302703642404,92.46811087211533,1963.991854816009,1
MCH-3933,73.8042332715574,3.5200114584138342,97.04519186099218,2003.534851083242,0
MCH-3934,70.30042997307582,5.940315595293533,102.0783838336407,1980.9765731941334,0
MCH-3935,71.94156002711725,4.926851522235327,96.01407961086241,2008.3825077693327,0
MCH-3936,76.2475245035308,3.5172064882011496,89.62673801698658,2043.9102782718323,0
MCH-3937,76.99494970470356,12.242568991579608,92.15433007397478,2041.9623922695298,0
MCH-3938,68.25280336391522,5.714645250075687,112.08323285947233,2064.4105235533043,0
MCH-3939,66.1371562562188,4.770109169901041,102.447846196035,2041.907344844858,0
MCH-3940,71.89576559363061,7.122806790052735,106.12156806955552,2011.9278765770903,0
MCH-3941,76.15111087825395,7.762723414079911,91.01126189122671,1978.3284181179927,0
MCH-3942,67.01512856639464,4.781975866529172,70.46176514599375,1980.6119538591888,0
MCH-3943,58.04847816265281,5.521096229652143,94.76895693115503,1956.1111346782095,0
MCH-3944,80.75080022296981,6.360570476585827,91.33429445574504,2000.226464552578,0
MCH-3945,74.56736866008703,4.779210873847982,103.4901226862808,2034.8693739355967,0
MCH-3946,72.6881495147494,4.701406169360196,132.8572371368184,1963.7166198558489,0
MCH-3947,72.14093123905288,5.277240550432481,106.95166017618256,1998.1391070668112,0
MCH-3948,68.6000334906276,5.499140717955515,127.35960159383488,1966.1318885639116,0
MCH-3949,78.2144291182607,9.428686865963616,105.6876969533945,2010.4677165093808,0
MCH-3950,72.57647160812233,5.356463984449938,93.70113762427285,1972.5308308025026,0
MCH-3951,81.52137124194584,7.344507885137707,103.47916078120883,1963.0244714352973,0
MCH-3952,80.92048366690229,3.5922993413883724,117.80638599477709,1966.0016652533986,0
MCH-3953,92.95486040439536,6.945593819585971,118.29562596321239,2025.1664386922782,0
MCH-3954,67.09675848723025,4.576639112115156,94.2466263195692,1995.1625297334822,0
MCH-3955,66.94307376305686,6.57616143570817,102.53183695699299,1978.5789134999982,0
MCH-3956,69.53527896693205,3.2555915197206304,85.70733120328855,2013.0702251273606,0
MCH-3957,68.80249038989125,4.463877427743951,108.2466862469143,1979.2741891266176,0
MCH-3958,75.58416887764977,6.429514247321075,115.53354699055895,2056.3258946842852,0
MCH-3959,70.93208084872023,4.550183788255081,100.39799454116016,1951.3066923153372,0
MCH-3960,66.34184130545736,5.690623474764236,93.32615945639871,1990.651424359136,0
MCH-3961,79.45220342577892,4.790686935608145,103.60130951277563,1929.7617389166498,0
MCH-3962,81.98503986045216,9.960260196426717,104.17459031363165,1982.6562804054954,0
MCH-3963,73.84419837984449,4.657291184285689,100.8114383184962,1916.0182251146684,0
MCH-3964,66.9588674627762,6.000598209092531,101.78715124335953,2037.3158261279564,0
MCH-3965,71.81557813872261,2.6824153888903473,98.26185149530629,2038.325188350279,0
MCH-3966,71.55554995571597,4.455031987417183,109.95954928226406,2039.208508686224,0
MCH-3967,60.55175353951924,5.444859015041462,107.36227445165127,2001.4436240087234,0
MCH-3968,80.0763755523032,5.80054287200929,90.16896852855851,1956.0064797644955,0
MCH-3969,76.45322230461274,7.239428934130741,89.89409396841405,1959.9829683982025,0
MCH-3970,80.6916485124155,7.930248909118786,97.45625582973437,2076.508602761026,0
MCH-3971,82.68549707684565,10.050501731222983,107.36837124105179,2071.78385518999,1
MCH-3972,71.73780806901776,4.011464260010494,101.48057413890815,2006.1277578475385,0
MCH-3973,70.43348849707198,6.992969617316966,93.56849589877345,1974.2182982959837,0
MCH-3974,92.58838402967343,8.680198145827882,102.6151859672583,2068.4311711349255,1
MCH-3975,90.06971212544076,5.925980795385447,96.69189480477728,1965.2748419307595,0
MCH-3976,72.53120494652963,5.460558855877733,108.80486460224131,2011.4424604047954,0
MCH-3977,77.23652849695904,4.923146246701712,103.33058435067048,2067.5978652699227,0
MCH-3978,72.84051602564323,5.938376890512501,96.84721812547856,1958.1830750167687,0
MCH-3979,64.75172250545029,4.6650926173500356,102.31518772046462,2041.4611792818555,0
MCH-3980,76.81281426356226,4.539130661507403,113.15048059524202,2026.0280397921936,0
MCH-3981,78.20307281744144,7.053641874144277,94.30369923453623,1998.0241728884218,0
MCH-3982,85.76028367256042,4.851918658316491,104.0265698164716,1950.3283200433443,0
MCH-3983,78.89587238673735,12.068543118724829,99.29539659534004,1963.778011994836,0
MCH-3984,83.02830006692491,8.881142986124132,104.26983683862099,2014.4725536425328,1
MCH-3985,59.589506484055065,7.499994888841285,93.4543505840427,1928.8331602559306,0
MCH-3986,72.76574578189604,3.9824980559967598,101.10335433159376,2006.5371929509124,0
MCH-3987,79.4982679766937,6.110797264371833,111.07823282416801,2027.0525492030831,0
MCH-3988,79.61722897412477,7.286775771673854,90.62993018753893,2049.261008640455,0
MCH-3989,66.1269251499071,4.332580413657121,86.70594896674919,1930.0821462769889,0
MCH-3990,61.554084810163694,7.401611459246589,87.08544435513036,2065.8123648580636,0
MCH-3991,67.6436812964874,6.337760869392219,88.2933746979981,2084.768174708997,0
MCH-3992,60.12256114391431,4.76802544015875,105.95323287892664,2020.5075783856796,0
MCH-3993,73.75549727253654,2.2800597919742622,85.94140314134535,1948.097570928767,0
MCH-3994,59.6745847687184,4.971022543592246,97.0210465525647,1983.5945355819879,0
MCH-3995,89.42498698338059,7.6404477671917865,106.18289303310708,1997.6201377440746,0
MCH-3996,59.610940900719015,6.750826599956559,104.16659060548594,2013.523175436528,0
MCH-3997,68.39851097731679,7.382670764360167,96.14441020037515,2001.09907763218,0
MCH-3998,78.21689077902266,3.9725192312843784,101.90923731755106,2014.0582571447308,0
MCH-3999,89.00668442511278,10.330543964335384,101.07145329737568,1995.4626621330438,1
MCH-4000,65.68253197517532,6.148103234020024,97.75759044451814,2013.255354725612,0
MCH-4001,69.84398255530458,6.6101190536156675,97.8916528134542,1976.9738289419342,0
MCH-4002,70.09008436022224,5.748034868203317,122.3542743475696,1983.0906641508766,0
MCH-4003,72.36315172921702,2.086253463557345,108.093109039313,1971.1987414761666,0
MCH-4004,82.87836760558095,9.407203462138032,124.80650917512143,2095.8629767252037,0
MCH-4005,72.96283636923665,3.2664386376246273,95.03036867079499,2073.1950393087163,0
MCH-4006,56.478041841986126,4.696091340622889,99.15033403111853,2027.7647095006807,0
MCH-4007,66.85057723818095,6.470006354200841,86.67874234723352,2066.265449863387,0
MCH-4008,67.55863078774227,5.457726253812459,91.90433197910428,2039.923066948894,0
MCH-4009,73.16663413035619,6.7221362995961496,119.01913148662501,2009.0635579757027,0
MCH-4010,89.34636745042091,8.231012638964632,94.77965710158243,1924.7214329490157,1
MCH-4011,62.97218473071857,3.052511090496646,119.19281300144459,1986.891803993743,0
MCH-4012,65.07503437091492,1.2187294901408983,87.5663773932011,1983.2481053990823,0
MCH-4013,70.99340004773704,5.223213142519386,89.46530965926723,1943.3462413453922,0
MCH-4014,86.15388113585067,8.593708549404983,96.5876877897658,1925.691886269669,1
MCH-4015,85.13848422339181,8.257561904025,99.36250078320822,2024.6359673283512,1
MCH-4016,88.37361301394688,6.932971067902406,109.2308729245013,2016.2252161185406,0
MCH-4017,73.48083998579645,3.8978851797909364,104.50770417186266,1941.6301509966195,0
MCH-4018,67.41153713565393,4.708262772702836,95.83684742655973,1962.7060746781906,0
MCH-4019,86.24374001902987,9.239070464500987,98.66684193481893,2058.061113657708,0
MCH-4020,96.76329513595059,8.528353053318568,96.809370802153,1956.115174324172,0
MCH-4021,62.881586815580384,7.412100870759094,90.8534626467427,2008.53994519669,0
MCH-4022,60.74078634212671,3.4465939159319086,91.12037063398378,1990.511085021601,0
MCH-4023,73.91794832399303,6.3215883380861495,110.2788389143341,2025.3181735531032,0
MCH-4024,66.60678469352948,5.070948114693092,81.71835072072861,1957.1946173671786,0
MCH-4025,68.4088123612869,6.0420036861778765,116.17358697445054,2004.5041738770053,0
MCH-4026,66.09421810934442,4.345227705101685,96.57005774397769,2008.436128867294,0
MCH-4027,68.70099929616244,6.6075205608358845,92.2749139360784,2011.509040311461,0
MCH-4028,77.9926905604817,5.442837137517865,107.39759290697269,2003.9536928981306,0
MCH-4029,74.0106422930906,3.980832522623376,114.85216584147118,2017.2304660297054,0
MCH-4030,74.31111755943489,4.981963956630218,111.17632441603958,2109.5885166025405,0
MCH-4031,80.27591746975496,8.11368494327051,105.01852049359891,2128.0648888385554,0
MCH-4032,64.24423131723566,5.73376752595669,110.86863489721836,1968.039192960664,0
MCH-4033,55.80460670257287,3.230334875938237,82.83502422856134,1884.0878509823751,0
MCH-4034,65.95309589458623,4.9559724468264585,94.78169458511852,2029.7747650360986,0
MCH-4035,74.78351593192829,5.592960878973996,90.88829939975156,2009.3126229950633,0
MCH-4036,72.58473257874185,5.04953496078955,112.24638731215175,2053.052092959179,0
MCH-4037,68.89243368523938,7.020411866583494,96.16521981076113,2014.244294985766,0
MCH-4038,81.83847545334639,11.6361678181395,108.45406556782055,2002.930196976286,0
MCH-4039,66.55557228712297,4.98877880488888,105.35856942488638,2056.445329793861,0
MCH-4040,71.02379441200893,5.32503364624651,91.37693063836319,2063.439029420692,0
MCH-4041,73.82939139740307,5.443498327223,94.13041790023715,1930.6719970609502,0
MCH-4042,61.920566062947636,5.6049494062502365,112.93817690814726,1959.1696906430209,0
MCH-4043,71.49823843918674,2.261513006503088,92.24517351315586,1994.720352035566,0
MCH-4044,74.66217435477334,4.547710556345979,101.24867610195479,2004.9218811962292,0
MCH-4045,67.92449855518315,2.7733413977098604,92.17458713673555,1988.7008398323876,0
MCH-4046,73.50350306060292,6.91742142118923,96.86047813084139,2021.7103588930943,0
MCH-4047,84.07327222236276,4.9087257199956085,99.53838056030028,2049.805239465855,0
MCH-4048,69.47828603506554,4.7099885754805655,92.17133489702509,2086.1354855360364,0
MCH-4049,71.96653525002662,6.345195998049853,90.39553046016118,2028.945651188645,0
MCH-4050,66.30971458169304,5.633487196174812,102.86273336777442,1957.3833160773445,0
MCH-4051,70.90625581301025,3.3070482284311895,91.55262591208825,1992.631188740109,0
MCH-4052,84.16135994901646,9.209746409315347,91.89342444301327,1996.2323879370222,1
MCH-4053,70.9742117013507,4.497249540160423,90.6094685629803,2025.732011999058,0
MCH-4054,64.90152340145572,2.383200667090919,99.22091953668682,2019.4084016716972,0
MCH-4055,71.03180885662725,3.964585650144193,109.43701634399841,2102.5198325555757,0
MCH-4056,77.31097969358818,4.724689516975301,115.06528636312267,1976.9243432372546,0
MCH-4057,72.24317882257263,4.827573602762236,92.74081914006221,2019.2375266883403,0
MCH-4058,74.8099359453592,2.776652864484037,121.50310793331211,2117.7355698872047,0
MCH-4059,85.65526994988731,10.341959277158953,89.95295139293204,1970.73965515482,1
MCH-4060,73.74950119711855,4.846845411662842,110.83548523327869,2007.2574348085177,0
MCH-4061,86.69237896974504,9.65309719496991,92.78303545984558,1952.7559749437992,1
MCH-4062,65.24544635156384,5.600962457509755,91.2907673012999,2004.1043449813715,0
MCH-4063,71.59260502399437,3.8178856191444934,92.55243843215611,1960.989142593118,0
MCH-4064,65.04151668279845,5.684533959699045,99.47552300350881,2052.3400451745674,0
MCH-4065,66.83559862557604,4.449388030972726,105.7997217103361,2007.3659429515699,0
MCH-4066,70.94664153646187,3.6551216890292126,106.69868037904823,1953.2301370008854,0
MCH-4067,71.48622136690062,5.8601712400330985,90.56014984652111,2042.0283848895835,0
MCH-4068,64.05383767461436,7.237510788202711,90.10340712488731,2008.9833019435794,0
MCH-4069,75.26992885591439,6.087244060228747,90.83361306636453,2047.6409388611728,0
MCH-4070,72.86003139150236,6.384466347710646,98.88645597614489,1942.6168686026126,0
MCH-4071,66.47635782194558,4.219054090156551,97.89844395809125,2018.441220612433,0
MCH-4072,62.31207601775412,2.6035704062473153,90.49824537930205,2038.6670847322355,0
MCH-4073,69.27547710459284,7.235206283149761,102.69603694063244,1978.8311254882133,0
MCH-4074,67.7702814306942,8.08177233410714,122.62568808335318,1937.0498636515924,0
MCH-4075,70.56570228526512,7.314210160654524,94.95284538164849,1997.9196252314803,0
MCH-4076,68.18441669422216,4.496321091530375,95.66488178796466,2061.4057646890465,0
MCH-4077,59.962715696274955,3.2680484919067334,105.59661570324369,2056.2965165317028,0
MCH-4078,85.19696939774965,6.336389069091901,94.41183708263205,1978.578578262221,0
MCH-4079,68.47190444465843,2.4744011485789272,106.68964481718183,1935.845728181178,0
MCH-4080,73.1683051238703,4.838932072384932,92.8145729322096,1978.4410139825213,0
MCH-4081,66.50900162694475,7.408516937123682,118.32119607577302,1976.5761174634044,0
MCH-4082,98.71260738464886,8.11707946382171,103.44774972592295,2022.3223391652389,1
MCH-4083,60.44179724674122,5.453484350522412,93.79977050923289,1994.749924854794,0
MCH-4084,90.4260708645606,10.935894127778008,94.11308300530726,1962.336789413143,1
MCH-4085,68.87840514560948,4.3938570322514,94.86200247291966,2055.2131533630336,0
MCH-4086,74.29792436171778,8.053297185079392,113.72749666248873,2007.0212933722416,0
MCH-4087,70.39900742029367,7.98814161124618,87.31248992398717,2021.770782636547,0
MCH-4088,75.69777768012734,4.803332991979276,93.32058329540496,1913.7507282934366,0
MCH-4089,68.06319017723594,4.1336986039711805,94.38339443074574,1878.7867564651358,0
MCH-4090,64.50689787411093,6.04585706958547,99.84312033243062,1928.1227109277795,0
MCH-4091,93.5615810538294,7.472973347404683,97.28890307353205,1975.9728287196613,0
MCH-4092,69.4325967705893,3.2651671743989956,85.08772168609538,2028.8178008806904,0
MCH-4093,71.10779236812105,6.921857980284471,96.00177316404532,1882.887656479635,0
MCH-4094,76.17375957022398,6.8246710809156195,99.00449316815032,2079.6426032185996,0
MCH-4095,64.84022378952783,5.233267405645341,93.71902164920216,2008.5283013385063,0
MCH-4096,72.97745448819629,3.1057028694077333,106.86775489047665,2068.0147496474956,0
MCH-4097,67.05052621768554,3.155710623173921,109.19408428753647,1955.7014958762936,0
MCH-4098,69.33915322177815,5.160843932628729,99.21613300270607,2025.1929967086246,0
MCH-4099,70.36139482692144,4.2501934482424515,102.3054158685073,2004.2597964985393,0
MCH-4100,62.49889069276532,4.488360601787588,78.38944002650729,2040.8843156527278,0
MCH-4101,66.10581478589782,6.532944732590005,95.78897227838168,1988.3104316200142,0
MCH-4102,90.39955438227092,9.035176305691273,110.04821691757913,2023.6607604503795,0
MCH-4103,74.43095594292397,7.06721402074642,95.76563416820723,2055.10976593856,0
MCH-4104,69.68680211336383,3.5140651649341135,92.62738323608039,1967.4411853054112,0
MCH-4105,71.21561729256446,4.4852126469699325,122.7768892603093,2012.1122116244826,0
MCH-4106,68.52878747181771,6.1384725431901686,118.19077190195804,1905.6068881388826,0
MCH-4107,76.78291692913992,5.672117511519337,104.67574912482158,2035.1251509531678,0
MCH-4108,75.02643276641558,11.722861706535895,111.38910611480048,2097.7331271731246,0
MCH-4109,71.15921046067425,5.630805058856104,77.74064582041922,1937.7781976125652,0
MCH-4110,75.73015072071033,7.7721636561583285,92.12448559371293,1995.4309369786029,0
MCH-4111,66.11314257577047,5.810026702584711,95.30042126826848,2044.0240650457056,0
MCH-4112,77.79394592248447,6.59325117138299,97.64019901133054,2001.5708736733275,0
MCH-4113,62.347692951283115,4.514727579823314,95.10055979026038,2008.2549775746613,0
MCH-4114,78.14821065556399,5.021430817825983,74.49973708483654,1980.450027923818,0
MCH-4115,68.13662208024013,6.366416605759213,103.8602461870856,1978.5923873456043,0
MCH-4116,86.50047870660312,10.950139074572029,105.43654128280606,1995.6652923207312,1
MCH-4117,79.19810431977061,9.34686504575895,116.01898791589981,2002.0835711069678,0
MCH-4118,67.72602641311154,4.875242342098071,92.11690735225037,1940.9279369211345,0
MCH-4119,64.80096734486558,7.0660025442925125,91.29836842220098,1996.6989007026987,0
MCH-4120,66.96176827313263,1.7120320155801787,73.20015514035532,2078.426696935466,0
MCH-4121,69.3134451710556,2.8666482477396897,97.06433163409113,1979.0433103205548,0
MCH-4122,74.78895807236452,6.022451335502583,109.01111781062171,1938.1372508562686,0
MCH-4123,71.03801675700313,5.0211625343796875,93.8823213780728,1992.4291966006788,0
MCH-4124,71.53838326700557,5.908270476686248,121.43444818543648,1964.2693593937852,0
MCH-4125,64.52240305577219,5.096611283647913,97.43405164210476,1933.082908733903,0
MCH-4126,65.59622955198635,5.856418541905809,101.46992284288555,2006.958423086631,0
MCH-4127,89.33451430321921,6.653668129090273,86.36896919418406,1964.485898142446,0
MCH-4128,66.32399482618376,5.855729129119537,102.8722034517528,1968.7642916573363,0
MCH-4129,97.04049546284332,10.979534544439263,80.20680205147305,2007.6713690192694,1
MCH-4130,68.78469400559567,6.830825905896849,106.93697955013145,1923.3412702318833,0
MCH-4131,70.01143968071752,8.020331441973049,107.24428176235412,1912.9215174874437,0
MCH-4132,75.35182580114964,5.36614766525358,113.5929142433651,2033.5436097250965,0
MCH-4133,76.35946210969328,5.410866630270768,89.80031281232311,1903.458319963796,0
MCH-4134,69.44593719860457,2.7152413037392282,101.60562118297419,1951.1661152346323,0
MCH-4135,68.05878473239231,4.202882898292362,105.63816559386504,1910.0080232305781,0
MCH-4136,79.92952953029142,8.524351225783866,104.4228163833031,1975.6931766575583,0
MCH-4137,89.07528497377027,11.909230643851593,91.3470072486515,2021.4029373825583,1
MCH-4138,74.45651843434878,4.083498313865556,76.0801811044386,2005.6168974366187,0
MCH-4139,70.02114929497075,6.194510029623249,103.46960296884481,2119.5936694728643,0
MCH-4140,73.09443149011577,4.99756742455493,98.4750032169008,2054.34578088945,0
MCH-4141,78.19179866135471,4.734247827327857,94.33329407038559,1953.44210749217,0
MCH-4142,71.90654806132392,5.373340953699884,107.63945363715466,1940.1472497586794,0
MCH-4143,71.55826428002389,4.413265441620736,99.55080461845567,2135.334397048775,0
MCH-4144,71.79129177539967,9.465837671448842,86.80804947232201,2053.128600286668,0
MCH-4145,56.84634931585468,2.442821141314828,80.68547710903778,2029.4684803634786,0
MCH-4146,71.94187864615084,4.628068689008166,88.71036734866834,2003.742590610781,0
MCH-4147,69.52587884359563,4.28004778077691,123.93012294766787,2013.676078373751,0
MCH-4148,67.4260866254263,4.226028515976381,107.22776773932773,1925.8963362258787,0
MCH-4149,71.21765102093173,5.625309593885061,101.88612341975012,2007.8519585098384,0
MCH-4150,69.69798135401545,5.987947929185765,98.18339072814196,2003.5615698729507,0
MCH-4151,75.6389012531695,5.348291756963492,97.52607060052564,1954.793057844926,0
MCH-4152,70.4305543412949,6.4931227856742115,111.67195983359095,1973.073677321576,0
MCH-4153,66.26538357464916,5.863342888745548,95.09404258096569,2075.7588196721777,0
MCH-4154,74.95083119479645,4.557415715291537,105.76920410684292,1993.741253985257,0
MCH-4155,68.91434462526898,4.30571557142843,96.51572049708406,2103.5585651266556,0
MCH-4156,89.31194204516758,9.189581247942762,119.40156631835063,1912.9660281756308,0
MCH-4157,67.612946469036,5.860650664852852,107.42288507578304,1973.8934906887125,0
MCH-4158,66.75086557251282,7.096766460547247,112.45556814683626,1922.636072437654,0
MCH-4159,70.42084115092848,6.786759567410144,94.15590225311762,1939.5288773054083,0
MCH-4160,70.06414321771842,4.187790490239246,110.58136112567422,1958.5897147170351,0
MCH-4161,72.39913517683416,4.846990579809107,96.8742257460531,2015.7654813385295,0
MCH-4162,68.65677123345128,6.006526707376655,101.1003482393285,2013.3413085540194,0
MCH-4163,60.81820108114801,6.601996667088458,116.35047670619458,1966.0354840186196,0
MCH-4164,67.83613058205806,6.408454203057188,89.57224943243581,1888.6100221331708,0
MCH-4165,73.96909233571908,4.90418325075298,102.032477313054,2073.884643651608,0
MCH-4166,86.3501219474392,8.208334310315596,104.38005258518727,1985.7117641981822,1
MCH-4167,80.62214454914509,6.4327253478933555,105.2000438080081,1944.185491484943,0
MCH-4168,74.93188252952969,5.408950271479122,95.49215506906535,2013.7465390535044,0
MCH-4169,66.44013386370538,5.513338369136518,120.86264100808081,2010.2222585261586,0
MCH-4170,71.6719338210197,7.67762826363837,87.0506811465974,1983.8661767500018,0
MCH-4171,69.19684440237253,5.066854416333907,114.5888538863247,2007.4265507820753,0
MCH-4172,67.57913024375631,5.946836535457675,112.15065605591639,1942.248507979599,0
MCH-4173,79.18540533236109,6.7383171592145725,119.00888789603684,2037.9956421588242,0
MCH-4174,69.12310772050655,6.657495802706622,84.1177290129218,1950.1566452621564,0
MCH-4175,87.49696260191321,7.630925602291667,91.3116851211029,1969.7215172348283,1
MCH-4176,69.95355719216091,6.886419668864976,114.9194305916164,2032.4400908075788,0
MCH-4177,71.53490536343119,4.19982133133615,81.22960845369691,2060.1979482505117,0
MCH-4178,79.06703849257711,3.4600617756737315,83.93541098959587,2079.288728402317,0
MCH-4179,68.28560569221219,4.312794515237421,95.11692213288508,2052.7899119233284,0
MCH-4180,71.39174317322335,4.85727781538402,101.91993788622267,1983.796390809911,0
MCH-4181,67.45393318700432,4.417280139842779,115.92225073648775,1922.9483465449769,0
MCH-4182,65.76820140056513,4.67599786764033,98.14734085069642,2070.2527792801448,0
MCH-4183,67.07546173291115,5.500947724514285,93.9176085193546,2068.5347994452486,0
MCH-4184,82.64503908282725,8.805012768498923,103.11389937696427,1966.4011923323253,1
MCH-4185,83.4857864170992,8.748620458066386,104.69596483294401,2046.059451891228,1
MCH-4186,99.60662971168921,7.05624699069556,104.41239822170272,1983.3911103034632,0
MCH-4187,66.4197828186208,5.587547024015709,98.22013792048655,2075.0638441755864,0
MCH-4188,67.91687347192268,4.866195053462498,80.44913886081851,1974.2567668798108,0
MCH-4189,69.68438493444376,7.415439470724307,90.82384010893668,2098.932564377425,0
MCH-4190,86.04498428320717,7.5863037624918785,114.20271085267463,2039.3060273799124,1
MCH-4191,71.31775405977392,2.2875570072507285,101.87068937976599,2089.8772422342995,0
MCH-4192,76.42047896974059,5.927102740895063,96.77477880892943,1976.810136517506,0
MCH-4193,57.86803964732396,5.5197905274695005,111.18168548373974,2020.2514802222097,0
MCH-4194,58.06535064902164,3.4873504692032813,88.69883367631051,1951.5360400827817,0
MCH-4195,67.52060913994926,2.705376567493863,97.74651866286992,2042.1994626059598,0
MCH-4196,88.8114629128469,9.91451886422917,101.37758405174037,2044.9520766418561,1
MCH-4197,68.21597119524371,11.374687066262787,95.58622496705371,2119.8511959100592,0
MCH-4198,54.961838301531216,1.2688148619408057,101.00762822901599,2024.1019898609825,0
MCH-4199,72.85589703109605,4.312665456115249,98.12306068578235,2036.2047101253047,0
MCH-4200,71.21828611851357,7.496288082175849,86.00656952214125,1976.458481174811,0
MCH-4201,64.54895796600285,4.2859061633332,101.81477881879056,2027.068968631762,0
MCH-4202,65.07230199639535,4.264081648960021,86.71648208487133,1981.005439565621,0
MCH-4203,65.15128140182662,4.575861008555948,101.65615125096723,2005.7930379421,0
MCH-4204,80.95843164064001,7.310578002869391,113.74135824150109,2008.7257830772899,0
MCH-4205,66.86842361908496,2.4428363836579337,97.18976802723945,1982.3847563325414,0
MCH-4206,72.4703195948776,6.578820966102123,88.28516870029014,2003.1472548270997,0
MCH-4207,68.66363149465298,5.71902705793975,98.73012186795019,1981.235241514329,0
MCH-4208,65.715740674361,5.370907178163134,91.68028891921469,1981.013443748308,0
MCH-4209,64.36973019544475,6.329869239136475,105.9450900263147,2053.8332325751135,0
MCH-4210,68.71829660813754,2.8231605516482623,98.52011252477146,2008.7706820913206,0
MCH-4211,67.30976120754931,3.6135973961073926,117.09763251664573,2017.3533136100139,0
MCH-4212,73.98921889947883,6.819768782587385,111.62989595677338,1927.1347615507232,0
MCH-4213,60.703316141699716,5.79933758034056,98.46919495518597,2021.1729165915194,0
MCH-4214,70.22745738165376,4.074071439681669,107.15609067973091,2026.521173198762,0
MCH-4215,72.79168211605852,6.8033735050417565,96.06763590837154,1980.0830688655624,0
MCH-4216,79.28323718280977,6.809803585181454,100.33956885165168,2104.2514838130346,0
MCH-4217,67.59117014453263,5.403579039523561,96.38565803649688,1885.5386367907968,0
MCH-4218,71.62229302176259,3.6497596581895055,107.66455959849709,2039.2183567885272,0
MCH-4219,60.98068603718818,4.379826944792307,114.32988276709578,2035.6402402477431,0
MCH-4220,58.04021897843488,5.429580115933085,107.98648207191144,2027.0791465999705,0
MCH-4221,74.2238718789085,4.717107756278768,109.21936601285356,2008.8106352819311,0
MCH-4222,69.97219853175964,6.408435767352277,109.23033437235729,2027.5339661312519,0
MCH-4223,75.89256344899212,2.7053388798359954,105.5125592233471,2043.4087739777947,0
MCH-4224,73.94954982085419,6.6152836378362885,88.60713840789732,1963.7056208084002,0
MCH-4225,72.59951069764377,5.271306667223649,117.009715194165,2014.9597811090046,0
MCH-4226,91.78530423583175,9.37088127571553,118.04410826698425,1990.8341578988347,1
MCH-4227,87.52497207937644,6.751305500980902,97.66120396686631,1945.3115799887246,0
MCH-4228,71.38290752795524,2.347914921238404,96.29302084783818,2035.8584987306645,0
MCH-4229,70.04278040412174,5.029318767197273,106.12411652915375,1971.7819787657984,0
MCH-4230,62.14559271437044,4.9208673379988515,105.50812835183505,1925.1070662610266,0
MCH-4231,76.77786467855174,5.980218472927611,97.98053931246982,1973.0444669649175,0
MCH-4232,85.9952018607125,9.202289430958569,87.49974344412396,1960.0550550953435,1
MCH-4233,87.41037312494251,9.694049819813195,103.05701190749777,2051.4239504595057,1
MCH-4234,62.18482846714373,6.765500955185505,105.51436538175545,2007.659657027904,0
MCH-4235,64.1027016774611,3.031299044827175,107.25821148038797,2069.119137284497,0
MCH-4236,77.17543699611117,5.804583828271364,103.49292772354208,1966.6721884383478,0
MCH-4237,68.26348855521078,2.4932792528069765,97.28884851638091,2043.708493594825,0
MCH-4238,77.26637738021272,3.7424571799987882,109.94002039506279,2141.9811457403957,0
MCH-4239,69.60884670470742,3.181014301065029,100.65848497565918,2017.801623356357,0
MCH-4240,60.790511135210714,6.172913803177877,95.3507698563528,2043.0824431161577,0
MCH-4241,74.4603379986586,4.901884649606909,98.1934661795428,2034.6758832112703,0
MCH-4242,67.05053841122196,4.9797451331105345,82.54030967525019,1928.8962336287086,0
MCH-4243,90.01801603214025,7.482352277457885,98.17758175821461,2029.2908648733726,0
MCH-4244,70.12605433770041,4.5504597561006666,106.88436519874668,2015.3228160324784,0
MCH-4245,62.28440886028565,3.8548020450363323,103.3978302213923,1987.0126308300846,0
MCH-4246,70.82147382685285,5.575182522281324,115.20664172981186,1955.798181289756,0
MCH-4247,80.981115710764,3.5133632970025794,97.37025085984295,2034.699162016352,0
MCH-4248,72.4649322925723,6.994691547807614,104.87313163053317,1951.3798130194689,0
MCH-4249,69.71241123497269,2.4866293255638583,107.92740176305772,2106.682280234095,0
MCH-4250,87.73390296396047,7.027942884951374,123.42857008287407,2005.7084541744064,0
MCH-4251,71.05334232601555,7.5158007649491445,101.4476549111764,1938.834647610675,0
MCH-4252,71.04767115131398,4.347291878056948,89.55812821135977,1974.300186083583,0
MCH-4253,64.54187413920448,3.027682003393382,108.47928753355282,1986.093283085509,0
MCH-4254,71.16924012894799,5.328607343806503,118.65727355968457,2120.6188326961924,0
MCH-4255,75.17721708208472,4.2869116366781865,96.77451289773379,1955.7705526595253,0
MCH-4256,65.81968923949988,3.7461946165725415,108.41081538606416,1994.1891368374306,0
MCH-4257,77.12247910623474,3.356193783801924,112.2872805522892,1973.1085815067488,0
MCH-4258,69.54146987927437,9.152560408438916,110.17065543970153,2024.9629242790832,0
MCH-4259,65.5611524423073,4.622672149723796,101.25558522473578,1973.9058293147477,0
MCH-4260,74.98816038460123,2.1116489595006844,93.01526241786854,1943.0471666930146,0
MCH-4261,82.24190798021786,11.10629896506888,99.18720451986414,1990.23527101019,1
MCH-4262,73.79757443743054,5.916606357665856,104.58600453877631,1985.030307833388,0
MCH-4263,68.54120683870731,3.8503003534703186,109.0822252409173,1970.3877811187992,0
MCH-4264,69.70086928235048,3.600321366970787,103.33945047999039,1973.0594820551441,0
MCH-4265,90.22222369167784,8.067974361228615,96.20092033459423,2059.23478989405,1
MCH-4266,71.45448528795004,4.629622508765818,105.55379656149769,1984.0129892866248,0
MCH-4267,60.022341097741304,2.111033272332348,108.6008506774282,1943.2936168760784,0
MCH-4268,64.39378129952804,7.6808599469070025,103.79610056414481,1976.8942018100072,0
MCH-4269,74.64704992395407,4.3490143066760645,91.63812885461675,2002.7167829732696,0
MCH-4270,69.33931705549226,7.24335760472364,98.1859396528281,1933.1865181724322,0
MCH-4271,67.3813434861429,6.917652436948573,109.47820776412466,2081.29889800032,0
MCH-4272,63.20712992371263,3.4984856832757787,86.16982191255526,2043.3789738753137,0
MCH-4273,64.60131839362076,6.549784796544722,79.06821977608841,2071.508637180939,0
MCH-4274,59.89100680019026,4.022836175204478,115.08082850144021,2019.6064062743842,0
MCH-4275,69.49359640649233,2.1999491197940872,105.11415255021879,1895.315127493495,0
MCH-4276,67.00781209709477,4.363102750966786,106.06730002520106,2076.7666858319258,0
MCH-4277,65.16706054507343,5.596456252664418,89.23183026372944,1956.8215820145053,0
MCH-4278,69.65938287416023,4.3058950280054935,107.37528063466539,1960.8906627998952,0
MCH-4279,71.8198531542637,4.539427488612348,102.75248687568364,2007.816257197772,0
MCH-4280,90.22835142717491,11.457785956694252,84.15672422151603,2068.9114923335073,0
MCH-4281,62.440582902183934,5.159740970435138,114.24283414273857,2052.66435669762,0
MCH-4282,75.79690521650261,3.7350525330725715,101.58683323618729,2045.3140560088011,0
MCH-4283,74.86550780507537,6.05304548550099,96.03916033920731,1984.4086473562722,0
MCH-4284,85.35428777315059,9.59990572562915,96.22010254014782,1983.6196236953945,1
MCH-4285,71.01617977293016,1.2175927978069359,79.84778094567623,2017.2971833990034,0
MCH-4286,67.71183375331192,5.642529370657173,105.93336599631364,1993.4964579358234,0
MCH-4287,70.92844290209369,5.587743061574153,102.61857207245725,2044.4658953664677,0
MCH-4288,77.54565506702275,5.03018169437129,98.05919867666906,2041.5058832247614,0
MCH-4289,90.45032071404336,8.260934859405777,112.78485207451672,2029.5670660586352,1
MCH-4290,86.87277144794226,8.245002565201053,86.16140981004155,1873.701935911531,1
MCH-4291,67.84845340022679,5.504749683231351,94.03227523632384,2006.3994181838632,0
MCH-4292,62.57971667537832,2.6495609432489706,91.49991745239615,1994.557305963365,0
MCH-4293,68.95765894729796,5.6106355750982475,97.21205020228447,2008.4012800879766,0
MCH-4294,76.03304077431957,7.929589543309845,100.67470025257224,1962.2837680726795,0
MCH-4295,62.36416071705176,3.507715471298688,104.30013523811355,1933.7607044800388,0
MCH-4296,64.72455315911652,3.860296802018337,96.53026546894883,2023.156923998752,0
MCH-4297,70.63133868117033,3.9349768356626713,91.22644264845107,1982.1849341133968,0
MCH-4298,65.07672607576369,5.194997338702393,116.86006949770444,2028.73464968538,0
MCH-4299,66.03738276442394,3.405445590719423,124.1164019178857,1966.4542811157614,0
MCH-4300,67.88200709135911,5.63187106803647,101.43286671882025,2070.7955320246338,0
MCH-4301,63.17191297904925,6.270259918203748,92.43219632979132,2050.0532421285384,0
MCH-4302,65.12939076891816,5.801520820180676,114.75454131042294,2014.841355427294,0
MCH-4303,73.51713958393654,2.3473768615428914,85.53242893671535,1989.3355793307026,0
MCH-4304,77.08711632473046,9.85657750450336,96.65226675295172,2042.62044388991,0
MCH-4305,62.01063932752581,6.40605112138052,93.03882948653698,2019.6273907618704,0
MCH-4306,84.20844042617661,9.80167727790288,88.40464449549512,2011.9292093965303,1
MCH-4307,90.4489779401303,9.481547825971937,97.1997576707823,2052.1432704779804,1
MCH-4308,69.01539096001555,5.330283971307699,91.35827920826036,2071.326807720332,0
MCH-4309,67.67709460942191,6.548584097189595,100.12654464148655,1937.3794407757227,0
MCH-4310,70.22179398757804,7.8852702314051815,100.27177167672464,1947.4807946325097,0
MCH-4311,61.27146283570174,3.570439304952725,93.78668276478021,1960.9869637260601,0
MCH-4312,72.47352826887516,6.617188093692158,96.2948664340613,1924.8787701178223,0
MCH-4313,71.91717515701822,4.870674352988821,97.69151032096289,1996.8625737215425,0
MCH-4314,83.02049417044785,8.680799030725082,108.09846061119427,2030.0058227622253,1
MCH-4315,75.02962255898208,2.6952039644269425,98.51570598935814,1998.9290852523832,0
MCH-4316,64.3625195052348,4.572815885726907,108.24701740786097,1973.2939179193552,0
MCH-4317,93.15305981672132,8.472948227214252,105.85812983554655,2056.322887856458,1
MCH-4318,86.78219571445544,6.7566077588614375,105.71530696900741,2007.0278201603376,0
MCH-4319,68.31723705060914,3.3527204243327753,113.87845970345973,2017.149148368316,0
MCH-4320,69.90063182315845,4.32663741903049,88.8060912025409,2057.711740244988,0
MCH-4321,69.46367617094529,4.390834464464895,95.26816893692886,1993.8379030574433,0
MCH-4322,76.10141448208859,5.1451323776582,117.63298800299569,2103.010703631234,0
MCH-4323,64.61660436264494,2.5778752065630037,97.42683499410732,1977.6092498064118,0
MCH-4324,80.53299781348878,7.5752743714576285,71.84876310094151,2099.897410225645,0
MCH-4325,75.1815144603624,5.54287140609579,97.97031656852114,1951.263240904379,0
MCH-4326,67.0223253240807,3.8038428243948514,101.3493953016325,2025.874245144022,0
MCH-4327,74.50266538665795,6.611794685344897,73.82886882568789,1967.8733915596881,0
MCH-4328,78.49717991504355,5.33790458302257,113.33935639887949,2055.978305849055,0
MCH-4329,67.99102486529183,5.910143225309611,92.86287536134398,1976.0883696070787,0
MCH-4330,73.40681163287653,7.116038480631342,103.28563115187515,2014.5435595322042,0
MCH-4331,64.23153859330071,4.535433782290141,97.74018454655938,1967.4729001979215,0
MCH-4332,73.77366649033905,4.138269941875587,87.11648580795958,2046.8612586833308,0
MCH-4333,70.99711992993383,6.30755387839822,89.2949186536458,1967.212436968043,0
MCH-4334,72.36519141080107,5.764270345894529,90.64917163572453,2084.1707422371333,0
MCH-4335,66.77213963982302,4.7190045352680485,110.85671909183638,1950.2001446519305,0
MCH-4336,61.69458292216414,7.087186950433914,98.52461811899848,1932.7186040835927,0
MCH-4337,72.51626032374753,4.681633535240104,94.78134483448254,2047.5776039039542,0
MCH-4338,59.682984237602724,5.049160456333672,90.65391087409769,1970.4178179868238,0
MCH-4339,89.60673070831835,9.695637554957752,111.96150221526126,1999.6381343275232,1
MCH-4340,74.70590933209985,3.5981091576522934,114.64201272523587,1983.887942308214,0
MCH-4341,70.95948867936518,5.116378084229586,111.84743898706681,1934.3695866423654,0
MCH-4342,79.74171322394906,7.0951402660977365,104.92437339154166,1996.150316793083,0
MCH-4343,75.12554576290887,5.667452473064264,102.89830041870712,2063.245794748615,0
MCH-4344,66.73050805837212,5.046595139598397,87.84062182024098,2050.1568501652782,0
MCH-4345,70.13656689925719,4.757349078251496,97.54180873288942,2011.5896381312962,0
MCH-4346,83.70078278024577,9.802333824973037,93.16139796653563,2055.613414651755,1
MCH-4347,62.08911618326936,6.124649942733777,81.7448789101529,1947.024070765291,0
MCH-4348,76.89040918054782,8.711166863311195,110.57043419165366,1983.7272835547496,0
MCH-4349,87.32817148287366,7.83686690383359,93.04170053607724,2019.7902470365104,1
MCH-4350,59.81889748572031,5.4871723911651715,111.95941907435306,1993.4792586591443,0
MCH-4351,85.42130147052414,8.672042404468169,108.81746400760012,1987.658833476172,1
MCH-4352,68.7546407767348,3.4892075187095326,105.56717976633419,1939.9678133839452,0
MCH-4353,61.63553049344213,5.252345811775542,106.12884071763183,1895.9329305678643,0
MCH-4354,72.02106432638666,1.758044170546457,93.84686117926293,2040.8933212474817,0
MCH-4355,73.5793637234548,5.723800564731778,118.57850151290666,2012.1610786626113,0
MCH-4356,71.13517239432444,5.990514581844023,100.43125430953049,2045.0999189105046,0
MCH-4357,68.37965912395515,6.121319188679689,103.01931685118704,1978.1382028920814,0
MCH-4358,72.95721075875927,4.407429721745649,93.50923666433361,1964.3611057586204,0
MCH-4359,73.40110180238345,5.463570252536052,90.6883473922304,2000.3273983318318,0
MCH-4360,71.53701784859844,7.13593076831175,104.77296008809424,2042.7099824306408,0
MCH-4361,65.8769387478262,7.120654472436888,102.17513495938786,1988.4273892506174,0
MCH-4362,87.13506956117357,6.514952367997286,92.10647634097423,2040.0892592164244,0
MCH-4363,91.49002384036834,9.22123487672588,85.61573281224597,1949.6845997203457,0
MCH-4364,80.72338950768925,10.663840056253862,87.30076912672453,1991.9276433415066,0
MCH-4365,95.19062940877708,7.145957417753438,111.96133717091107,1996.4942927960985,0
MCH-4366,83.63114822076389,7.678717607561416,93.86746185349928,2061.319497196096,0
MCH-4367,70.16203506670068,7.003355683305134,96.61091454324166,2010.3813699007953,0
MCH-4368,66.63757201996832,6.462800812527149,114.50340258759061,2087.30387591471,0
MCH-4369,71.1163541796013,5.553895666474857,88.77849438513586,1932.6157600026258,0
MCH-4370,61.28889153682363,2.7412513920040693,92.73005174282943,2006.495945220564,0
MCH-4371,67.26979100591639,4.925134650438257,92.31233171439307,2008.9699019590223,0
MCH-4372,64.53939399825717,4.1151269056251,116.1806848116604,2031.0046598793433,0
MCH-4373,70.67669173946146,5.4965583542258205,119.93383500582414,1959.3320031775554,0
MCH-4374,74.97223687754453,3.7859799728076795,107.51563225402171,2084.2223169705417,0
MCH-4375,73.23003093557276,3.4614149075380887,107.8338472415424,2000.6481970735879,0
MCH-4376,58.14170319570554,1.9027020834745376,94.19644997147269,1945.646624353254,0
MCH-4377,80.2103482646394,6.832707027465052,119.47328486904283,1999.198750479319,0
MCH-4378,71.47639970310435,4.400344232835414,102.67696254358663,1984.3419238559943,0
MCH-4379,66.11750429753499,5.235718675553802,108.5311026444974,2139.1617571123666,0
MCH-4380,70.7856395949547,4.9966428252887285,98.94475061229046,2052.4971799762507,0
MCH-4381,70.88094911251346,3.398849100559251,97.3196741267239,2002.4830677854109,0
MCH-4382,66.66575641524219,3.1114026328277102,116.63042259596118,1994.4041657400398,0
MCH-4383,85.58619537014934,7.391293048074114,105.39723679738307,2047.5528431240732,0
MCH-4384,66.96263856189846,3.9152473417559106,114.51375461070381,2049.943108016411,0
MCH-4385,82.84837046966655,9.03150739526593,102.55328171745045,1854.4225040339675,1
MCH-4386,66.56860432122458,3.806423504719083,91.5163346357691,2032.1496577366668,0
MCH-4387,62.836643551301734,7.619735947391932,94.16657067121513,2001.3983271989314,0
MCH-4388,83.73715301790948,9.134998409421682,101.0296524246461,1934.4428089106511,1
MCH-4389,72.92649718258168,6.212539324498563,93.73499783956673,2044.0107069812088,0
MCH-4390,72.57441798038187,4.820511646290274,88.92538591372309,2112.3094006779133,0
MCH-4391,74.09962626317618,7.2714211035807255,112.01417031787025,2027.839797341389,0
MCH-4392,71.62170105007434,4.6729915533183135,94.55129929176488,2055.021422112843,0
MCH-4393,67.33637250891549,4.9531078787686305,101.38192747791321,2090.20595459822,0
MCH-4394,74.19831932215594,5.254961809623904,102.96133589885605,1958.4868924639975,0
MCH-4395,63.21241230079033,6.052734560815016,94.1184687467943,1907.121427741654,0
MCH-4396,65.4966430874376,5.955362118504478,114.50799466308739,2032.8433031654752,0
MCH-4397,76.4833469062323,8.018359014433651,88.82858238795387,1987.6194231779275,0
MCH-4398,91.19088809546611,6.940251375147384,102.61625263580771,1931.291327381423,0
MCH-4399,74.71394257070038,5.9598544357281265,102.46117706376583,1996.0915031932104,0
MCH-4400,72.43652618522498,6.072854875836849,99.45745397135852,2036.377368689531,0
MCH-4401,91.27135473234424,8.72682565149898,87.03087386728018,1992.551416761782,1
MCH-4402,65.60358608794006,2.6192178954823193,108.70817551863465,1960.658618463248,0
MCH-4403,71.7429755993049,4.689025855987633,107.43510670334597,1988.8246469851745,0
MCH-4404,69.37412785808418,5.935288698238788,93.24431471408784,1999.0261767349327,0
MCH-4405,74.23441051942457,7.7081252696296705,107.07487207205362,1903.5258868686958,0
MCH-4406,69.42387883723902,3.203063056489007,103.74907686300776,1992.8612523414654,0
MCH-4407,68.0752855579496,4.36014312075414,87.19387854638892,1932.7829763927555,0
MCH-4408,88.60540326756747,8.132879130007524,91.46071085428642,2032.9512976010549,1
MCH-4409,74.38084583595617,7.033708009147252,111.3828144488958,1921.947871220661,0
MCH-4410,66.65827402576599,4.947587749312051,103.09416185142051,2050.634610227547,0
MCH-4411,81.62725394099007,6.55272098733805,94.35697054189374,1979.541746539303,0
MCH-4412,64.70779683179174,5.838042924382728,91.41524108827358,1972.8512146613994,0
MCH-4413,57.5096949125353,4.393042219938581,94.84606201884579,2014.7227298650987,0
MCH-4414,71.00229815706865,3.1634190899630683,95.55520470122295,1956.6982777388305,0
MCH-4415,73.04452678127316,3.660840039085774,91.54036967370749,2013.9372877065032,0
MCH-4416,71.31033404543362,7.601062931633929,82.58235887616698,1963.3945612655814,0
MCH-4417,60.25219141122817,5.576313832474193,111.40013286400786,1972.1632743837615,0
MCH-4418,68.24575284961763,5.161640083178814,109.70633672611443,2020.2677084664567,0
MCH-4419,75.1911701764017,8.389371078021227,87.2674454819314,1943.0709633132808,0
MCH-4420,76.84850553827093,5.438223263178198,101.36311295563668,1936.7831349118821,0
MCH-4421,64.56972708940957,5.420353919003741,90.97761797285233,2012.4112753705172,0
MCH-4422,76.27701804729948,5.4382532423109895,97.38432776773465,1998.6550073755307,0
MCH-4423,74.72934821842072,5.172267635416629,96.55233420126343,2008.4346372404696,0
MCH-4424,65.49704823731969,6.303197507458324,95.72165784282127,2016.381961836071,0
MCH-4425,64.33607524366127,5.034656519001096,120.02947084076285,2002.8687776903491,0
MCH-4426,71.75185108193169,3.533091746671042,95.5967431532381,2030.4046311983534,0
MCH-4427,65.77837981408464,4.081365663648698,91.91736174933075,2004.871814348933,0
MCH-4428,70.51242321079104,2.0314719597654314,92.37418570502952,1899.6348050162348,0
MCH-4429,67.58586204596541,8.040225674063588,110.43776956401756,1912.6057702669073,0
MCH-4430,74.14096711028485,10.57570660406163,83.47897668307066,2096.3974590121043,0
MCH-4431,58.84765990437771,3.7548942573061446,92.37377083564479,2000.0035933529432,0
MCH-4432,71.13342124247299,4.57723272590435,114.46822840111534,2047.5120825858548,0
MCH-4433,67.19221126834687,4.04468528869035,102.43986187997646,1982.7148047186463,0
MCH-4434,67.23455091542934,7.313820817061176,101.91922005036113,1997.0992452803034,0
MCH-4435,73.47931919546893,2.8701842535936066,121.32146460143701,1977.3317672864578,0
MCH-4436,75.86721138316223,5.171714088228169,102.46347952948499,2123.296366573068,0
MCH-4437,68.63727639319096,4.837208236152728,92.91813838640418,2012.662121118207,0
MCH-4438,68.29700646545069,6.240257946063672,97.17922943123651,1973.2571047246902,0
MCH-4439,86.01474193393831,8.985121049158256,88.64567690969432,1917.4230143284904,1
MCH-4440,63.21532215150212,2.3626866850168473,112.55937040015696,2098.686672136793,0
MCH-4441,71.11576527373849,4.623323248036339,105.74561717536716,1991.8360807385848,0
MCH-4442,72.75942985911077,3.5417566730850125,111.24414149970889,2037.2114559780798,0
MCH-4443,73.40115104208815,5.119369319834841,112.1298392854937,2042.7998645153273,0
MCH-4444,60.31623648748767,7.15126555478049,95.85789219072467,1976.8584738284815,0
MCH-4445,66.1932236509553,2.3908621336515825,90.5524714799111,2033.6226387693077,0
MCH-4446,80.30856062269086,8.870017732263905,99.48286888691955,1969.7930856624191,0
MCH-4447,70.49943477204606,4.1709605693247545,91.27238929211461,1950.4786818980292,0
MCH-4448,78.94292338855222,7.829604011862371,101.64956875409025,2058.2232346256105,0
MCH-4449,77.48355203722991,6.110188496157866,111.32096880834689,1992.0905310088901,0
MCH-4450,67.52517259815963,4.739683373657919,98.31860353950833,2025.9256416801327,0
MCH-4451,67.51213750845393,5.623704088580668,101.49995089907739,2020.5460496940887,0
MCH-4452,75.74836009439373,4.061340434402336,99.06154383776634,2031.8965980027644,0
MCH-4453,71.48288469265152,5.3448865181269065,108.02727572437698,1922.1731532899187,0
MCH-4454,93.61439903043559,8.400131938796322,93.3221760571171,1970.7354734341816,1
MCH-4455,71.44364001504918,3.9015506753943674,78.03553738356901,1983.7762421251787,0
MCH-4456,64.21441690643364,6.172037179709772,104.7086885937538,1958.4260663549255,0
MCH-4457,63.334358226110965,5.078559153091352,109.87834421307994,2021.4503424008194,0
MCH-4458,62.242438754705354,6.568190360723379,104.46374244758536,2059.344653879795,0
MCH-4459,73.31025917379236,4.697870149884539,93.59769504531987,2067.259232767315,0
MCH-4460,75.94298411543504,5.571866982743148,88.64987901813932,1983.0397617395058,0
MCH-4461,90.15752224619095,9.038904321303846,104.94497531780321,2014.5982931228953,1
MCH-4462,74.2155266616162,4.8556816069391315,101.41478952934673,2022.282175224505,0
MCH-4463,75.81419288767493,5.388395642338534,98.74207372341671,2031.0628047101766,0
MCH-4464,67.09991833673158,5.805211203837356,118.22463342993791,1956.0932463463678,0
MCH-4465,64.21792091628072,3.1256526321139924,90.53199905818668,2091.0290134132483,0
MCH-4466,74.25039666208777,7.1504504132268165,117.75037021127466,2046.3260092173223,0
MCH-4467,72.088403761197,2.2105054391753023,100.3178390487064,2047.632467184622,0
MCH-4468,70.53722187170446,3.972781835391656,81.64429523129125,2060.1730028450197,0
MCH-4469,71.93685740316495,4.858596393852649,98.20797345680859,2026.7067971132992,0
MCH-4470,71.61592741229103,5.618533953628922,109.59496076599441,1948.6343288474513,0
MCH-4471,76.41908429926781,7.364258791612068,96.3494496719503,1993.0513634222448,0
MCH-4472,76.47492792408478,2.212562767662339,85.25221458761605,1917.4473302469041,0
MCH-4473,72.72110176170173,4.238458807415434,98.3548546820383,2020.7536254849542,0
MCH-4474,74.22901436281464,1.809749768301102,91.42827626108294,1991.5393170917228,0
MCH-4475,72.57031276212388,5.047432960865372,104.91814401087963,1997.9738808236534,0
MCH-4476,67.6941513398269,5.407525376750046,107.73399816067611,2060.2000565042827,0
MCH-4477,73.7828233745657,7.386193613256879,89.43729592251894,1977.150298072177,0
MCH-4478,75.37835929087862,10.305128926452534,92.9419594488435,1987.393842061396,0
MCH-4479,75.26945776147942,6.566037694163569,107.56642465106938,2001.0986647981608,0
MCH-4480,64.02738530116983,5.8757556223085885,91.41155721701041,1908.0003875293185,0
MCH-4481,86.61072135511378,7.020021848841763,89.17841864172004,1986.6968172118998,0
MCH-4482,65.77423020786921,2.886558879811941,88.21308868203745,1875.7102543856909,0
MCH-4483,72.76694491537214,5.412503447437716,103.5203861295812,1970.723921905213,0
MCH-4484,69.83037387036046,2.761846974281954,103.09157719517464,2042.7594526696414,0
MCH-4485,62.026220209183336,6.942810609004466,93.15953969620958,2022.3633279125534,0
MCH-4486,72.1034981550924,4.756906846944764,100.05085396128234,1970.2589844772963,0
MCH-4487,82.69377976348774,10.90628477086964,115.27132384155131,2002.0399109111906,0
MCH-4488,74.40573360406684,4.279678348801401,90.25939843081778,1946.2505216434797,0
MCH-4489,82.19520687262892,9.466966135028375,80.4825739098955,1999.882829842524,1
MCH-4490,71.97710492694019,5.314023286002033,104.5507557572037,2146.5160142746254,0
MCH-4491,65.21215522492395,4.932433822983614,98.89598836098412,2092.2900660185965,0
MCH-4492,67.05333884286318,4.351010729905112,92.89974913184899,2002.631106500863,0
MCH-4493,67.70680681949457,5.5886840277057805,106.52080237354907,2008.0072082457687,0
MCH-4494,74.28351240121277,3.610755104775188,108.3922514466879,1951.0217342682724,0
MCH-4495,78.38688543902745,3.1858470065614117,77.91721980119908,1959.9105446024475,0
MCH-4496,65.97414124128562,6.864240339990241,93.47402090668511,2018.1092161052347,0
MCH-4497,75.3842407232884,6.090751983338151,123.17516231196855,1973.7553717181756,0
MCH-4498,59.15161291137149,5.09883741290336,105.83404915798191,2045.2074797425792,0
MCH-4499,64.02905299453855,7.497713573815672,106.7610363829715,2078.4842840488877,0
MCH-4500,65.20610771906613,4.598351721912733,111.72894278631479,2016.631039239052,0
MCH-4501,63.23745655279639,6.984054829983469,100.17068825199726,2005.0868602919963,0
MCH-4502,75.86870900365477,9.531823027255465,107.9668416009162,1915.9610187544674,0
MCH-4503,72.06499456068899,3.462873874885415,107.18062043837203,2037.3805122636024,0
MCH-4504,68.92966151136069,7.7720602876562745,105.39041496752759,1942.8164349230472,0
MCH-4505,71.89702698802554,6.486066269936128,96.77988029382595,1979.099543568329,0
MCH-4506,73.45236343060756,4.818468453485654,101.72058922366259,2047.9787946192569,0
MCH-4507,71.32808496586267,6.090756889300923,94.11638435693222,2051.4879082154516,0
MCH-4508,89.17125353241919,9.167706070423284,100.12814304566496,1976.674623632494,0
MCH-4509,69.65233856878865,6.243723552589313,88.31509107900733,1979.5542232540006,0
MCH-4510,64.06503305847127,1.4133821520740608,92.09376008727048,1965.0340563371665,0
MCH-4511,75.28907090410398,3.4702979994581096,97.17687958075071,1940.1073127337045,0
MCH-4512,67.05443933609436,6.468889616430444,90.56294568569923,1968.260225894788,0
MCH-4513,65.32201850618787,4.625516692671621,94.94982729254824,1919.3434990542655,0
MCH-4514,69.11041062097802,5.3113134423331125,98.36074023244484,2034.1531290754133,0
MCH-4515,80.75130869310875,7.68015067743305,104.02262344664378,2019.7261802580938,0
MCH-4516,67.91284809005283,7.771800493553155,109.4925730185291,2028.0264642435257,0
MCH-4517,71.72026960781733,6.785794465576515,95.36215628621892,1952.2797974712428,0
MCH-4518,71.74170869623063,4.6989721724370055,113.35104617268624,1940.2464718242472,0
MCH-4519,77.72629106558124,8.988194578760176,109.38611078625493,2002.675713715678,0
MCH-4520,67.56147313525628,6.54440654212954,105.04093831943942,2003.2051282475113,0
MCH-4521,87.16075777670729,11.446256642327938,101.53649129296619,1992.6365086243527,1
MCH-4522,72.4820005886697,6.43064038371703,103.19120841868542,1985.5258365406075,0
MCH-4523,80.37532519674271,8.257704001094904,111.87051150666382,2085.5387888847195,0
MCH-4524,75.90064086870764,3.616473006407123,112.23579659759274,2021.3012505896488,0
MCH-4525,89.78809501085998,8.879361374334351,113.34946728383643,2098.5339195733245,0
MCH-4526,63.06065724772099,3.2165883229199768,100.41326831877004,2063.4482512715817,0
MCH-4527,73.81930175816711,5.662640974474219,105.54967164998612,2085.1635463008674,0
MCH-4528,69.73446599151545,5.2634053247065555,113.43546506622052,1946.2768616822,0
MCH-4529,67.24509098230875,4.772073314792022,93.76283965083607,2029.6585495499014,0
MCH-4530,70.84007670266264,6.213887942184948,96.81583146281696,1978.4117255503313,0
MCH-4531,89.37215492055137,10.307323811036493,100.16036663013479,1916.8306644320232,0
MCH-4532,72.50415795502106,2.711506386069737,108.99598737979406,2074.800158477776,0
MCH-4533,65.6076309932897,4.104541958148327,109.15172150718622,1985.3153737147186,0
MCH-4534,73.7122945679631,6.23021539118459,97.69135888802064,1947.2449184866657,0
MCH-4535,66.81206228962019,4.298391974212127,84.9139054562029,1979.2718068375652,0
MCH-4536,84.28415288034499,8.099982513168175,102.46183944295967,1960.188793861309,0
MCH-4537,68.48324966261433,6.527806141475592,90.81683862671599,1965.3151016191666,0
MCH-4538,68.90566874132188,3.06574989541403,85.10063795359778,1988.9198304908675,0
MCH-4539,73.83121487520255,4.547630288313343,87.36128439266284,2086.5407596522373,0
MCH-4540,80.86396601200177,9.820612077660195,103.2638100784556,1966.6841391727687,0
MCH-4541,98.93426830312677,8.82672652701285,113.61037360932806,2082.9635332109597,1
MCH-4542,77.84891380614084,8.579701267063548,100.38894516236243,2042.4418397989762,0
MCH-4543,67.01166158372571,4.146684537203947,102.11380654645964,2019.8135781793044,0
MCH-4544,71.8510594497087,7.112929240168879,111.82894938877925,2037.4060016125939,0
MCH-4545,72.92157083217656,4.811380553756341,84.55545090916446,2000.6827831918729,0
MCH-4546,69.49762139714147,6.006905205058031,105.20176421600272,2064.3025051931713,0
MCH-4547,69.71304648499229,6.119035929474224,99.88410215681179,2028.349013163355,0
MCH-4548,72.05275042663808,4.058689995883891,105.66057458832067,1916.7667007487244,0
MCH-4549,68.8446526127116,1.9197701770161668,95.16516091596183,2014.8125965944982,0
MCH-4550,76.96590628967454,5.541133631995752,91.82062709573518,2039.1986571496307,0
MCH-4551,74.196745571158,5.1084325206873045,101.40508904285605,1985.5499390699392,0
MCH-4552,74.36412175502818,5.833739041362691,116.49191323334462,2006.3127936356966,0
MCH-4553,65.16921638314791,4.660208791425743,108.60910104541463,1969.3571002662798,0
MCH-4554,69.60305787797148,4.354358451798927,94.92307229819909,1931.118717196822,0
MCH-4555,68.49767025639647,8.01270951647255,86.5902796401872,1922.481156453438,0
MCH-4556,77.78396754466348,7.075326197562694,83.17932716302215,1923.1466006465569,0
MCH-4557,88.34375667448357,10.774247993077147,113.16099451850482,2033.4522371235266,1
MCH-4558,67.31177121110092,4.138097212724913,90.44917711864173,1875.4859145811836,0
MCH-4559,73.27701914925119,4.496332073389367,96.74486587005063,1966.676003651826,0
MCH-4560,64.64904218552834,4.524345751139052,113.21211126077577,1961.7173357377312,0
MCH-4561,93.25537880437463,8.768805282289035,83.86098544521008,1985.8920232006267,1
MCH-4562,65.5183367070397,5.856836315354359,114.92264509475059,1907.17842250319,0
MCH-4563,71.09651168600217,7.085965393924936,97.46359546107499,2020.194404737031,0
MCH-4564,73.95929655194034,5.705020491869992,88.51416684761261,1936.3419302920051,0
MCH-4565,67.14679784899944,5.155072994318143,97.52649072851086,2056.6202770354635,0
MCH-4566,74.26234321716476,3.52033925135113,92.77403218598522,1968.9117156205584,0
MCH-4567,63.85408201099792,5.775237898736677,104.40819798905716,1995.219348829404,0
MCH-4568,77.2605884959128,8.234524447593948,93.51867566112222,2000.1886928277604,0
MCH-4569,70.07074632482879,4.428958064307361,80.88357789080956,2012.2120526430285,0
MCH-4570,79.85153834916936,9.84601214258834,97.7943746559101,2001.8507188748072,0
MCH-4571,86.62517385637744,8.696072954040922,86.43454947713461,1978.6444725633685,1
MCH-4572,89.28477023449682,9.59044846645141,102.0431988398832,2017.152426534702,1
MCH-4573,67.07772354074781,0.8820506694914236,88.12869667716676,2023.3073565247478,0
MCH-4574,66.25321155288611,5.607553078783569,95.11987196827914,1961.743266644519,0
MCH-4575,68.8923170120813,3.7316717354680793,101.82587804214336,2021.318390948678,0
MCH-4576,64.11518943615016,2.5846053218122997,97.8754127496573,2059.586015120085,0
MCH-4577,79.10271953970908,6.129784924598823,102.50430283001045,2035.2947098052277,0
MCH-4578,67.16802704392639,3.3769733224370957,106.80287165717756,2046.6187620823594,0
MCH-4579,74.15808393090202,4.491996419174363,88.42066300268694,2008.5960424453722,0
MCH-4580,71.04735041823886,7.19966358678287,99.35602459375292,1953.192477696256,0
MCH-4581,65.07732974759016,2.88617630296323,66.7049620249187,1959.5177770148177,0
MCH-4582,69.97022645393635,2.701102648103357,102.47333301682524,2015.9943983927205,0
MCH-4583,73.92001389655374,5.403959284343507,96.99185869625158,2047.1381862576154,0
MCH-4584,69.05869332456847,6.724231046015553,90.16550236522029,2139.295595699703,0
MCH-4585,75.96556472925514,2.6384874234020557,103.15719422296524,2049.0910972219303,0
MCH-4586,75.10757696390932,5.611534605255765,111.72697577185068,1941.4782121251249,0
MCH-4587,93.15340908698732,7.83992198563142,95.23982252401056,1961.6363713820008,1
MCH-4588,87.19108431675272,6.739792051585035,90.5518550975828,2113.9258657978,0
MCH-4589,64.60078776109256,6.1977520068608305,101.65025262438712,1989.2805534011611,0
MCH-4590,83.94079726470127,9.829764554335128,86.6439333335364,2002.3757317380644,1
MCH-4591,70.9812047033336,4.5323216401159625,93.39618629464461,1951.9791539795385,0
MCH-4592,84.11234775382957,12.69588787322886,112.22402161650503,2078.2551702787123,1
MCH-4593,59.14214297619776,6.704683361487268,100.62179229812287,2025.0166603660314,0
MCH-4594,69.95943399194125,5.154676888575807,81.20533036053834,1961.2699326057343,0
MCH-4595,70.79044612661592,4.3228319145126,82.03008352720599,1950.3087355571365,0
MCH-4596,68.61227871842225,3.5407581611255643,101.62085692646775,2015.3601972948936,0
MCH-4597,76.45636919507939,4.943654735950713,108.62390575917688,2002.2103087440225,0
MCH-4598,72.10890037125435,5.854638379556269,83.8237854137385,2041.6055108610562,0
MCH-4599,76.55095954040449,4.5137347084390385,104.49712607496508,2027.34842365636,0
MCH-4600,68.92019739824885,1.7037484921069552,113.30343507489718,1986.775982561569,0
MCH-4601,74.68738746253463,6.903070841864856,118.87858987958639,1972.8099202269316,0
MCH-4602,98.06499557841653,8.594433137412933,103.31222759859877,1992.0028925850584,1
MCH-4603,76.5584672463633,4.430563254984749,105.06802594552474,1972.4659576671618,0
MCH-4604,64.53929203285634,6.285737582634932,78.66815572371856,1993.490223359762,0
MCH-4605,68.7316196122881,7.286957894724134,120.99752547995989,2000.822046430969,0
MCH-4606,68.27417647275102,0.7971326457681629,94.24509786903879,1955.1034553309971,0
MCH-4607,72.44627267538164,5.651395474883107,90.66528841574959,2031.533993104894,0
MCH-4608,73.43176777507267,2.860026183784479,97.44793865560375,1981.4786142765165,0
MCH-4609,65.80553662987131,5.748665760198412,115.11673414185431,1957.9057824857327,0
MCH-4610,70.33919256958468,5.1918908035618685,122.08046047543547,1982.4196285859066,0
MCH-4611,59.90036333921932,5.953589789660825,101.25408679475845,2012.1129078310144,0
MCH-4612,77.20972502900945,4.251128578258017,109.98084172603654,2004.1519099906652,0
MCH-4613,88.48796606699948,5.706156440408002,100.43204048685504,2021.105905745223,0
MCH-4614,70.27931969922248,4.324447713114997,89.62204526981816,2044.9173062537764,0
MCH-4615,68.45175143005969,5.610271452709675,114.76743670788291,2065.2470102004017,0
MCH-4616,75.73013787506707,6.523088493012835,93.77872519643611,2014.2743081344026,0
MCH-4617,55.812467793013106,3.2422530492912123,115.35530773371883,1946.5298806382252,0
MCH-4618,69.91694828837045,6.540590640309526,112.98541329769084,1986.544459873485,0
MCH-4619,69.47090621251151,4.028191565530218,106.14036263957207,1949.7840807808495,0
MCH-4620,67.73181806204158,5.5436748223917895,118.28974756254354,2084.842703685614,0
MCH-4621,78.63113272817816,4.235159070701551,122.32346033185738,2099.370044126358,0
MCH-4622,65.56335270572114,5.273255941568152,98.24756637035688,2032.5155598748172,0
MCH-4623,73.8589808861783,6.337816451855412,91.91205881583569,2042.9229421319515,0
MCH-4624,86.45676820392663,5.315262180199957,81.35730162743528,2012.547159661833,0
MCH-4625,76.30759626267758,3.9801411548797527,122.44682255430256,2018.3027957730396,0
MCH-4626,82.01103762894374,8.528880660919253,95.6031799108155,1920.127289083544,1
MCH-4627,78.61766921593,14.101663250021215,111.3503685710174,1996.3033817371545,0
MCH-4628,75.48034953738699,3.7052154317497576,92.58744632490517,1955.942346882687,0
MCH-4629,72.12660654165055,8.060200828995377,115.38265640912036,2014.0678268769186,0
MCH-4630,62.27531326661621,8.006634955512755,92.99882408184587,1997.0195077305732,0
MCH-4631,67.30347492768365,4.854033273947613,88.08280866382657,2097.3410981173056,0
MCH-4632,71.93191326924031,4.55277121070015,97.9149356904625,2045.8313844361421,0
MCH-4633,74.18882110773295,3.961902202002962,94.68224299038363,2014.2255991260822,0
MCH-4634,66.60384673403523,4.897696204500996,105.96299785461213,1986.6530156430188,0
MCH-4635,71.10540610222255,7.355159068375157,99.48605072807476,2083.8010729379967,0
MCH-4636,72.61611592868516,4.885641474019104,106.27702394551922,1998.5022676936735,0
MCH-4637,63.89839655028012,7.2453204107762845,97.08978526914706,2016.583698081764,0
MCH-4638,59.913306009387945,4.083372406284924,93.34892628981194,2002.1124802213417,0
MCH-4639,55.83837037507929,4.6389135440164235,94.16439452103927,1979.792304714634,0
MCH-4640,74.06990430098871,2.4482892885991374,120.44938798031026,2001.825311119276,0
MCH-4641,70.64308725202483,5.561093132196565,102.25170932226936,1901.901657466084,0
MCH-4642,68.87171809643874,5.396722527427061,80.16237790546955,1922.6146799379405,0
MCH-4643,76.9451218148138,5.095553539648656,94.79790986545919,2017.4815270834813,0
MCH-4644,73.18662341511536,4.674759424666785,100.96866032475876,2078.4099845263745,0
MCH-4645,78.08150021360959,4.560863121841318,118.45399681250379,2017.4110552072084,0
MCH-4646,63.03632263916502,5.752850350551008,110.286987158899,1963.9815572551672,0
MCH-4647,69.82724688023018,4.956775097617065,90.78282163518085,1927.8573122966332,0
MCH-4648,61.91643312525993,5.472457807332998,124.1835575357245,2039.226363023782,0
MCH-4649,79.96377321396768,8.353354881883515,99.68839635198522,1971.6402424492449,0
MCH-4650,68.75692073116662,6.685140930643643,112.46329811074945,2032.161770927628,0
MCH-4651,73.13306818631536,6.0154911460625815,88.44991502600098,2019.493257903286,0
MCH-4652,70.2278194057095,5.289292764725286,76.01836904749102,2023.9150196127346,0
MCH-4653,73.11703569139958,7.27763304597827,85.9156850963164,2001.6800853676777,0
MCH-4654,86.66426458906088,10.318618361085292,67.49666523804294,2019.1822192484822,1
MCH-4655,80.77464338691571,6.957444033185628,121.12089327252909,1994.0272799371833,0
MCH-4656,68.42351672356938,5.910413912579957,102.14532918886415,1968.2346732815897,0
MCH-4657,65.2948864966681,2.2371213816026856,90.75355981551968,1951.8250469741974,0
MCH-4658,71.23041807658204,6.957252144978995,104.5262402998012,1880.7495601014512,0
MCH-4659,65.98859986430229,5.202764362014004,101.89334036180166,1990.9445218797746,0
MCH-4660,77.40980384218268,4.922067843648833,106.20933395613991,2075.9689091475975,0
MCH-4661,68.58390980527383,5.422022521234366,112.09531401136269,2036.5040046268798,0
MCH-4662,81.37577902595353,8.29411944091365,97.10078846974984,2011.385455923798,0
MCH-4663,67.64342139424441,5.340543290583418,91.20160693899012,1963.2997502855424,0
MCH-4664,73.5920871173582,4.112185900485361,108.27775214371917,2049.866961287954,0
MCH-4665,69.21126508384258,6.911408388101555,108.02332777884466,1994.0345344098487,0
MCH-4666,66.79166589934809,4.8296178295684244,101.00735808121345,2078.746715689453,0
MCH-4667,78.32675958811765,4.426124235916349,121.77554188680773,1950.945636835266,0
MCH-4668,65.71915079669125,3.612611276421089,95.62177877138348,1962.5015236013671,0
MCH-4669,70.17783037016497,5.403163683722962,91.00142028364732,1957.6365027890186,0
MCH-4670,73.26153075805115,5.280660650187638,104.18091427506602,1925.8940814782993,0
MCH-4671,61.84332444791463,5.58263692051626,93.25062143086501,1953.1477657404118,0
MCH-4672,72.40130250702963,3.4591221687423066,104.95516524144895,2005.160812988296,0
MCH-4673,83.58340622989226,5.552411883199172,91.6699174416056,1964.3899487574686,0
MCH-4674,74.11391390417,5.9383869537598395,95.99757717068114,1807.1812335379702,0
MCH-4675,65.18674494040512,7.226962792814762,118.90840420039166,2053.713664871006,0
MCH-4676,73.4638451592443,3.460469566415156,95.9441264325232,1915.7953135326297,0
MCH-4677,75.52916533147356,7.384161925342548,92.01148455982704,2029.4614142443318,0
MCH-4678,74.30718262816403,5.425866588104571,111.706787887065,2001.5607294834783,0
MCH-4679,84.34243873316098,9.573533964632952,89.48958049713306,2105.868640821017,1
MCH-4680,83.7464059556264,8.980770863118662,93.07056769852932,2049.847874076131,1
MCH-4681,67.11790211832579,2.923222970862505,105.76561120508994,1974.7697702257512,0
MCH-4682,77.35517345408552,6.4815927738868995,109.38411423873292,1964.8968218822345,0
MCH-4683,66.50252389916179,3.836590457843595,112.20476391081074,2075.1363840399645,0
MCH-4684,64.81466963215001,3.8302899863935993,92.52778167779515,1926.2064451449294,0
MCH-4685,73.32684467516415,6.487889464830432,105.9600867298612,2009.5439967959353,0
MCH-4686,66.01931598406752,2.17552482999241,95.33891800455821,1993.4439768375164,0
MCH-4687,65.24968251266937,2.71460328399775,93.94344366489368,1982.8386965647662,0
MCH-4688,62.781978689151174,4.972798634737877,112.03212782292286,2017.6756992224214,0
MCH-4689,77.5442126678025,9.4387770891674,94.50445604140414,2009.4779930254338,0
MCH-4690,69.58642488051754,5.7271019719533856,102.7820459602098,2022.870037139587,0
MCH-4691,71.21545863830349,4.547302259905621,101.55579469230639,2006.9487826181642,0
MCH-4692,74.75653122149741,8.795554502962535,89.29245623661498,2020.8840702508624,0
MCH-4693,72.63448961832897,4.658161161851249,109.66092855356321,2004.6682596465798,0
MCH-4694,69.0456389022341,4.653820771845917,105.60280893678954,1967.0286556391843,0
MCH-4695,69.0090216181014,3.8045199967791836,80.13709388129578,2000.2000630118298,0
MCH-4696,72.55078734457592,5.185860224781607,102.77421111237344,1964.280672014799,0
MCH-4697,76.36285081464285,5.922441848070162,92.27026565833378,1960.9811697634575,0
MCH-4698,70.631570997416,6.80536708180019,110.97075306412628,1983.1924998641125,0
MCH-4699,77.01182932600665,6.916840267530854,85.54600163219241,1994.028841963208,0
MCH-4700,65.03566999457227,4.631006992466449,96.43523031370457,2001.7612653173906,0
MCH-4701,62.77397367793887,5.6700554162137164,103.62024550988465,2045.8189413681666,0
MCH-4702,73.33134836021762,5.880586301891803,100.54340294141875,1975.0767958729577,0
MCH-4703,72.88989261819779,5.0098229867068085,107.62958256713972,2009.842596323741,0
MCH-4704,72.88681762553331,5.813635954298153,84.8157801399071,2005.901385697191,0
MCH-4705,69.35670276823971,3.786554160611299,116.51914336867378,1969.5685856266969,0
MCH-4706,77.03467372945876,7.3368581484775355,105.25144658788271,2003.6870393103272,0
MCH-4707,67.57940752707592,6.488942154469145,113.59718213000896,2050.1360707588656,0
MCH-4708,93.57075704068757,5.400620674698704,108.74240169233242,2009.32531084417,0
MCH-4709,69.80628552505229,3.3873454278248665,99.88389885544956,2011.3291964513653,0
MCH-4710,66.95824617660331,3.4296173748396406,87.15801789088839,1964.7335834528667,0
MCH-4711,72.96265153658881,6.016954956344793,94.36446818751298,2098.442942560244,0
MCH-4712,72.04818059341997,3.0729083503737993,115.89563332862578,1967.582181483875,0
MCH-4713,71.78486379633463,4.503463498687879,113.85437781656383,1916.610826972626,0
MCH-4714,70.40639211028099,5.682056594625162,93.8040001989631,2043.0092060109039,0
MCH-4715,69.81053459141584,4.900751098180348,71.81695713797822,1994.2591480175788,0
MCH-4716,81.94185996435219,5.388331273569059,97.87310265694882,1984.8479089526463,0
MCH-4717,75.92128322598086,3.4012959329768626,97.12297111870883,1972.7223109794236,0
MCH-4718,73.61413447492757,5.892281560095867,97.50227387959616,2093.585731215792,0
MCH-4719,88.34602287681,7.870625363593048,105.28539201831401,2017.7295139302341,0
MCH-4720,75.03578600298334,4.513070488403088,108.76212579321663,2027.4875610822542,0
MCH-4721,72.58997388195726,5.356597591858979,109.90299547099524,2008.1307811791135,0
MCH-4722,84.43459820418583,8.756062110645008,104.45709140135367,2013.5024806722597,1
MCH-4723,68.48217837367042,5.03597002852339,81.99229298077364,2069.931230527971,0
MCH-4724,69.59541331168656,3.8740597670348667,96.58800267306704,1987.4572669386152,0
MCH-4725,54.147871320609724,4.550675883201212,123.0408978354919,1927.1531227239634,0
MCH-4726,86.8578838533578,8.438965492115383,103.74216734802478,2043.4027327113888,1
MCH-4727,67.5576195994482,2.937372150249373,103.67819568443865,2024.8350806121196,0
MCH-4728,77.96334999141442,4.3062005505299314,103.59485939773857,2005.398990644252,0
MCH-4729,70.09672035405877,5.581519818549269,104.15379622505989,2023.5376620773893,0
MCH-4730,64.05518290232519,3.083845094231986,76.16887818914077,1981.4627889852914,0
MCH-4731,69.75059922935941,6.7348724773913595,97.60475683088931,2001.034629142713,0
MCH-4732,64.76939457468748,6.904419893899764,99.6210716820531,1993.4149873070046,0
MCH-4733,72.36703707856233,3.1322741360598716,112.81495399253413,1970.425587146454,0
MCH-4734,71.45473682169742,7.036429449575209,100.47672894622296,2059.4586391552502,0
MCH-4735,74.78919815554134,4.7846276169317985,83.53488613398059,1929.38706862911,0
MCH-4736,66.04559104152717,5.627771838735582,104.30089156171752,2118.044108590648,0
MCH-4737,70.17004048114073,4.25502342180763,91.96175351757255,2043.8681104603238,0
MCH-4738,63.174891022866824,6.384567240840143,87.83214358918582,1911.1012232648825,0
MCH-4739,73.50747390962357,5.609141028273001,91.65840953283418,1988.7916835254534,0
MCH-4740,72.5943559022006,3.778770115103595,105.42504229664516,1991.572704204822,0
MCH-4741,72.47902510513785,3.2521970000520675,112.58761239760068,2019.5943314471056,0
MCH-4742,70.0080951567847,2.809546347186166,104.82929945177587,1950.531086463014,0
MCH-4743,72.07386445394395,5.281912664649135,106.32023223617021,2001.601267168411,0
MCH-4744,78.02169554154298,5.858707117669604,104.73045272838002,1993.9440300938677,0
MCH-4745,68.57452871478993,5.976448518169162,101.01327176860468,1963.119081871328,0
MCH-4746,70.69322591855043,4.8230283580889335,106.96930634962757,1956.1623884264384,0
MCH-4747,64.56936850409295,3.2645053165034543,75.8122453293058,2045.9402323351178,0
MCH-4748,65.65869519200834,3.9768878029643258,101.11088351304834,1915.1708729978702,0
MCH-4749,70.48906646546654,6.7285229584428885,89.55074965377749,2023.8939468048025,0
MCH-4750,75.51966773350954,4.273057153099878,111.6290257254414,2039.8755153439063,0
MCH-4751,85.19357940331017,8.246164390708666,98.5284469478314,1989.0720830830792,1
MCH-4752,68.82041735343938,3.3865242746376687,100.3094808826783,2002.6186419862497,0
MCH-4753,67.96557377747813,5.504874568188552,84.94928125746196,2058.174749984869,0
MCH-4754,67.32621664577839,4.313473157481384,110.16830889012851,1964.7574244637972,0
MCH-4755,71.4748572785441,6.570069070663646,106.27328120273809,1969.9173785555438,0
MCH-4756,62.51371177410678,6.16033655931022,105.56947882340503,1975.2258159450346,0
MCH-4757,76.40469788333364,4.25644108013765,91.86977147831178,2058.266279961164,0
MCH-4758,66.6728885093527,4.810003958978505,92.2636015506187,2064.6146873442353,0
MCH-4759,73.60951742719071,4.173325639939057,102.23599454445905,1930.205488276819,0
MCH-4760,63.65000701303062,2.870850205182485,93.0550158975195,2050.312037365582,0
MCH-4761,73.34420065273109,3.713836355679175,104.34892962677338,2040.9454153173642,0
MCH-4762,73.35972303907249,5.29732599158123,78.39087397233278,2077.6797405224916,0
MCH-4763,71.92101036002948,5.487889247344373,95.12455443593407,2019.255401606319,0
MCH-4764,65.02785739100104,5.2228218553889585,117.96753465426491,1997.7869939860711,0
MCH-4765,71.24774094799038,4.547400419062046,104.39485827995765,2057.260834328583,0
MCH-4766,64.08471907632806,6.399599908581478,101.66793664530992,2034.9451895750883,0
MCH-4767,68.73618372451908,5.095312856841406,119.85226535671356,2112.2449207074364,0
MCH-4768,75.14706550477663,6.05488074214392,76.64046381198564,2047.9353922480914,0
MCH-4769,73.98350963535371,2.3393373016962222,91.84688885211892,2007.6773988211958,0
MCH-4770,70.07591471270217,-0.8836003774275136,95.9882682825261,1941.2947809811915,0
MCH-4771,65.1259671203858,5.4256820417571205,108.5835123300539,1970.954141140294,0
MCH-4772,73.22793856087097,2.8628515194177657,108.75656363228237,1928.2022510985992,0
MCH-4773,70.09690618849012,4.681322445930416,91.33993291017374,1989.2468981969569,0
MCH-4774,58.39842200884789,4.546854438463091,109.9795432214255,2046.3033796616423,0
MCH-4775,73.91314913158259,7.381100903623306,95.96685232678293,1999.8164455759743,0
MCH-4776,69.87883583065154,5.59999482941541,112.11639625649167,2051.0862634380037,0
MCH-4777,88.9530154709825,8.582601255927623,89.67357301877942,2016.8786866719506,0
MCH-4778,64.52364740578598,6.25548673195051,98.7668840093384,1979.8453855122996,0
MCH-4779,54.11648093402,5.552746380258558,95.0983268462344,2004.3812577584981,0
MCH-4780,71.39541929172593,4.31348451051735,110.56030371565714,2023.6048345527547,0
MCH-4781,71.45781838340986,6.60721389538184,94.7721878343383,2006.9611699231807,0
MCH-4782,61.54664186196774,3.3353748081675887,99.57551470988244,2007.5342114425957,0
MCH-4783,65.10750227066697,5.4848707813003434,105.06811397663049,1961.5474946206646,0
MCH-4784,98.00382698553169,8.487501840518341,105.4525848302612,1978.3511867378893,1
MCH-4785,68.47194692923098,5.305915786273992,108.86952607473171,2112.923039807732,0
MCH-4786,73.65479488188107,5.289484462659394,102.11124776844667,2061.423324521177,0
MCH-4787,66.74670086315808,7.514682442871994,95.81751084720169,1926.3079551595142,0
MCH-4788,59.54848550573422,2.652539159837331,96.50301254641249,1881.651552124682,0
MCH-4789,69.14870876602048,4.098669236219282,100.25672315207612,2003.8096210724361,0
MCH-4790,68.67197719856948,6.234023639861215,102.49592476074383,2044.6736447212995,0
MCH-4791,68.00060880665814,5.502975884595962,98.52828352151563,1974.0029081288897,0
MCH-4792,69.42679582246804,5.270457577006255,100.19203420965547,2051.082936409897,0
MCH-4793,71.32134135822818,3.5657964455621913,84.82746139427894,2002.9827282503543,0
MCH-4794,69.24941524373097,4.113772477862856,106.67355284454678,1991.8469360136512,0
MCH-4795,63.679969160263184,6.867561512334885,101.8111228888943,2037.805758808759,0
MCH-4796,72.4309239578097,4.922736209369108,110.01870413541089,1973.4062103548865,0
MCH-4797,78.65827435671298,10.677005365847625,100.00160507407085,1985.6646839098173,0
MCH-4798,59.748212713579,4.827217506835281,82.61602421478213,2033.5083631065231,0
MCH-4799,73.69590247350784,3.225371727125352,96.41553810693325,1998.430203146699,0
MCH-4800,92.03731050865062,9.589782414473673,98.00070076881583,2095.4388136688867,1
MCH-4801,84.3004969413375,8.660859370847383,107.42903305433599,2034.6912706428009,1
MCH-4802,63.02275747622464,8.458455256050783,79.29726455486605,2031.4406914166382,0
MCH-4803,66.46044529662963,3.4766279305241823,100.41179516948935,1997.5247676967465,0
MCH-4804,68.68626626156748,6.233859381800721,105.13675215793306,2043.7377338354804,0
MCH-4805,75.64827380358136,5.922112835770697,93.3851211471848,1983.8696113599176,0
MCH-4806,66.30485670988384,5.236019851509616,100.74628009816847,2014.1188875599757,0
MCH-4807,73.2616516908834,6.464759883594747,93.72963490850155,1954.185347649772,0
MCH-4808,77.13652682144608,1.8917973258552694,92.7042706677961,2051.9720696115296,0
MCH-4809,67.90282623670724,4.692601288637588,95.91580149868683,2014.5302348630896,0
MCH-4810,73.7824417715805,4.155185398936069,92.89308007532989,2099.125653184894,0
MCH-4811,75.83685486114152,9.033656761930164,106.83618311936333,2119.614919183488,0
MCH-4812,89.20747021735983,9.90889486937952,92.65048123164622,2038.1659725716574,1
MCH-4813,65.9802579263626,6.6810285596338925,90.97089992952073,2003.421265560395,0
MCH-4814,83.64883919961991,9.781664259753523,117.67928666839533,1952.6967743937216,1
MCH-4815,68.76123790880145,5.308229641340031,109.60740011824035,2045.2374901629412,0
MCH-4816,76.60207004891917,5.171463129588871,81.384866393408,2010.5142281947615,0
MCH-4817,65.62782175830041,5.002705259534621,92.35231710147467,2026.901741957723,0
MCH-4818,73.13803148780916,3.3659860434318407,102.4246297172271,2086.4893693728122,0
MCH-4819,68.60246268351733,6.6626669025843395,103.23755067231494,1958.7788355668326,0
MCH-4820,69.20847260995168,5.442793052238254,85.09507134263106,1953.7847915759332,0
MCH-4821,69.08073053420395,5.592322235003866,111.58565492822322,1988.178703081466,0
MCH-4822,65.77163447752943,3.7902355564616266,108.25224419181626,2041.0600574875912,0
MCH-4823,69.92950517046664,4.311169403016139,104.81901632040339,2027.7433620107245,0
MCH-4824,69.68675888939089,4.735798703433833,113.5672849071212,1955.2155744152114,0
MCH-4825,71.20620124203364,2.6988129598267228,104.52289992570918,2037.827645035124,0
MCH-4826,70.42252572846431,2.467948512203483,104.48580879251847,1939.9393590553368,0
MCH-4827,73.98997274806118,4.098878104042148,115.57679271822242,1958.112916282557,0
MCH-4828,74.61754308023684,5.783781149663585,111.0121958072771,1994.2271341405406,0
MCH-4829,64.746883390861,4.020293915105089,91.5849254108847,1972.328437701239,0
MCH-4830,89.1364618082897,8.14043077412501,106.33195178671916,2044.4929744325468,0
MCH-4831,64.06831786445073,3.7779715201434945,93.35732135041418,2014.3189241500547,0
MCH-4832,72.93927944068868,4.316986365282031,105.04154550950278,2088.278058881363,0
MCH-4833,73.09869392351435,4.469211555769844,104.76613507019815,1987.6407317322794,0
MCH-4834,60.44341554168748,8.248282178309836,86.16532687544014,1993.889892447963,0
MCH-4835,70.46489623264705,6.581930942730978,98.78154388688965,2060.519130453088,0
MCH-4836,67.65751943319842,6.5371611684225925,102.65257023580402,1995.4539598438103,0
MCH-4837,85.3013486748598,12.436863883929142,95.63709809005843,2074.7002623853773,1
MCH-4838,76.75426165349502,3.501768695998926,103.14709942390759,2027.0414105192247,0
MCH-4839,78.815287178663,6.366897879530395,108.05897777001069,1882.360676505732,0
MCH-4840,65.96811535440975,3.3396945626989147,99.69406935769244,2058.8785207074734,0
MCH-4841,70.37847470002546,7.001759200006757,102.24599476708259,2045.6363406559904,0
MCH-4842,73.42794873149208,4.179212316676264,113.83424078555976,2047.5666303055273,0
MCH-4843,69.29175706994937,3.1229657266410698,104.73196583225226,1904.451081072737,0
MCH-4844,75.83185272834626,4.353505699670281,102.00824289674473,1966.8505019364477,0
MCH-4845,72.65487830982045,4.642091702428059,90.4192062035864,1970.5647583221614,0
MCH-4846,59.10894340134285,5.402619910541843,106.7102601138885,1957.9439316219805,0
MCH-4847,67.35266518246496,5.376426531068065,103.30149949391938,2087.096126594697,0
MCH-4848,67.1907895032415,3.7577291541897377,112.83739433701408,1999.4116081088182,0
MCH-4849,87.95474811663124,9.588202205390353,100.46878543303312,1998.1719528685414,1
MCH-4850,56.87591471812944,4.041209699374763,81.83733499866004,2027.6004155157889,0
MCH-4851,82.74504854358861,4.765585494942435,82.99879131171738,2028.465083394469,0
MCH-4852,72.65513047447105,6.030161105755033,107.35680763759733,1833.2553644687084,0
MCH-4853,70.74438401958845,4.037267894083488,94.29806402301847,1967.6821231425317,0
MCH-4854,75.90783858209574,4.145972864628294,104.36767751110497,1929.3605711104362,0
MCH-4855,81.71827026406312,5.887502074539697,101.14232644502356,2020.015304657741,0
MCH-4856,74.35373322294201,3.713400235092471,98.33160332306079,1985.5553792832977,0
MCH-4857,74.7440654823581,4.422811964593894,99.03638714411777,2000.7693782250635,0
MCH-4858,70.65345012232191,5.833613267064338,91.34610494954774,1896.074012555474,0
MCH-4859,69.29237123316526,8.081138662153963,99.84222311100329,1984.507388765475,0
MCH-4860,67.62102277997549,5.90810675714412,94.15506567205601,2055.756512591641,0
MCH-4861,65.86944004142728,5.7089596444850175,96.27743479874295,2070.4724741551086,0
MCH-4862,66.56492950150252,5.796202375509094,96.76350955290839,2035.943170977035,0
MCH-4863,83.10755499330439,8.245565795900513,97.73306730101281,1933.226735327594,1
MCH-4864,69.62064274657489,5.173395108019862,109.22173456507086,2062.970090149606,0
MCH-4865,69.72804051850923,10.166047107538452,98.70209170795306,2036.2001127500007,0
MCH-4866,90.06061360078891,9.848207367625012,110.23702336590098,1994.140548296773,1
MCH-4867,69.81834695978829,5.1747620787138064,115.37854951326482,1898.7481842745128,0
MCH-4868,70.73467649193344,5.569549516125669,108.5494465105615,2047.679747533126,0
MCH-4869,67.38934214990003,4.532799207651197,105.34468535068511,1970.391683500831,0
MCH-4870,85.38430185090252,5.087913376057689,103.2683220948352,2017.3082910527392,0
MCH-4871,94.50513349561606,7.48814974829572,108.65358709050071,2003.419693031833,0
MCH-4872,63.77728749957639,4.520139082995629,100.8936073859624,2076.919749221914,0
MCH-4873,71.16434043713448,7.086250322264965,109.84569845957199,1993.7316507001246,0
MCH-4874,66.95996928531338,5.4782125094423835,106.14105805289684,1999.2443204957026,0
MCH-4875,64.92760136646294,4.968618443925385,96.40159539219613,2078.9307695239313,0
MCH-4876,63.29963964438033,7.84418491438152,108.95850880102806,1967.0888878124906,0
MCH-4877,72.16108345379627,2.958747532548381,100.91480005977569,2040.716142570389,0
MCH-4878,66.59309882465213,3.33581666683067,98.93867992387683,1990.0692138560769,0
MCH-4879,74.83913012012601,7.569067116914409,95.23800839601013,1949.8729018997535,0
MCH-4880,74.96891107265219,5.068941404073401,101.66018847874572,2000.0580493360437,0
MCH-4881,76.86957192605725,4.636125445565309,109.96462615412983,2034.5852556803993,0
MCH-4882,65.73806616962948,3.201193512356535,108.88940005593037,2067.6854919988255,0
MCH-4883,90.811832489026,9.32536794999831,103.53393797458956,2073.734699267284,1
MCH-4884,73.16227108321151,5.816689804291194,105.99643640725036,1985.2617962887234,0
MCH-4885,67.62910912448018,3.3582584587476556,112.71696791522558,1950.6375383983893,0
MCH-4886,66.14114021303563,4.789586621674357,98.50033708829139,1984.063055021126,0
MCH-4887,78.04760332887986,4.496726251950401,88.84579996469793,1940.9234623334921,0
MCH-4888,71.13747937866027,5.383965719628157,113.01129852178573,1989.1306900291747,0
MCH-4889,73.17983875355868,3.321124636669034,94.70221747969282,1982.916735819012,0
MCH-4890,65.88961994086036,6.877921181769736,93.09661876656095,2036.3745102078383,0
MCH-4891,63.90357766738903,6.373735672396407,82.03802244665448,1889.7032410042812,0
MCH-4892,67.15275112753945,4.455236661900775,105.71283053164296,1963.319602695668,0
MCH-4893,69.37989306305002,4.675371932542443,83.78547375447778,1963.7240847779042,0
MCH-4894,64.67889996591326,4.7953667745835755,92.49741192308264,2059.3563626204013,0
MCH-4895,69.95077595674809,3.832537170490245,105.88236794515059,1944.3077811299493,0
MCH-4896,61.5574740596575,4.334855872647447,107.21921252408372,2011.3328679824497,0
MCH-4897,64.39976288765064,4.5945944484880865,93.48295851781766,1993.593579279011,0
MCH-4898,73.35455624138437,7.419302556060693,98.65846673007594,2052.152126341819,0
MCH-4899,73.01895260138947,6.4199274624956555,91.27405473593846,2029.7915932255273,0
MCH-4900,68.04061617306567,6.401982061004936,94.51603212188817,2006.0621865910189,0
MCH-4901,64.91117845461524,5.554888419506586,102.66215260152907,1972.2666562705965,0
MCH-4902,64.86298224236995,3.324009486603148,94.98353321203543,1907.3828748445062,0
MCH-4903,68.13365877029344,4.937763343133931,97.55784959824331,2012.3542827843703,0
MCH-4904,73.22259245822646,6.45573268942007,85.35293318382433,2026.5244899264937,0
MCH-4905,74.64122845672162,3.112603055949068,111.32956164806137,1921.2566193762673,0
MCH-4906,67.51734132259016,5.954829810309897,105.10066593171065,1938.3152917835725,0
MCH-4907,64.23253787007609,8.48391383789415,107.92905371837202,2012.6164986685837,0
MCH-4908,71.33921818933166,6.592724968984598,112.90425324616862,2016.9570843103936,0
MCH-4909,65.88232514687076,7.1210437033429805,91.74787124454284,1950.467634495397,0
MCH-4910,67.40873680569399,5.3275081256632415,96.41605516971977,1971.2967643215982,0
MCH-4911,76.62638045218519,6.4518979231474844,81.05165632417788,1908.1755580714787,0
MCH-4912,74.13557714282884,3.923220178468947,131.40422910102237,2068.863195190662,0
MCH-4913,70.78987156125726,6.19379571851184,98.50414684682625,1935.0062796315774,0
MCH-4914,63.64040499443639,5.981582201091145,110.38727899914912,2027.1129695624275,0
MCH-4915,71.05698283735329,5.434866761056495,87.61838855664541,1998.251965192331,0
MCH-4916,75.31328645393764,6.974011129577748,109.96388425643009,2064.479680981238,0
MCH-4917,68.12183167117232,4.191822743228917,118.57590876649665,1960.3872953612622,0
MCH-4918,76.75557044993357,4.719413725289506,99.39719250972018,2003.0626355170193,0
MCH-4919,76.46372644759103,5.143193062037445,89.89118503410398,1915.0786545381325,0
MCH-4920,94.91162464880337,10.670957739578732,98.61203599054464,1903.0736581530123,0
MCH-4921,71.52621563265676,5.340397915700372,77.73238475042774,2029.8166791932738,0
MCH-4922,72.93695849903006,2.4216043805692298,99.62113298978159,1910.7487080465148,0
MCH-4923,85.60484842848169,10.998379242230842,108.20967139312995,1988.5891232782735,0
MCH-4924,72.23696968534487,5.069956049848948,99.64242355626486,2050.564772398646,0
MCH-4925,67.49382946104893,4.2186606441443555,97.15860445311033,2037.334242804734,0
MCH-4926,67.7572858173607,3.7484395815573177,105.27568116112033,1966.7707256025703,0
MCH-4927,71.1927747688687,4.648131455571218,106.04024846949552,1920.5748431795914,0
MCH-4928,63.5471928902689,6.032389566158621,83.40094437494818,2025.4747430827765,0
MCH-4929,69.28370542317904,5.821608468106341,100.88822962278789,2067.112839143009,0
MCH-4930,75.48273559115127,3.9416930790823086,124.35985124229244,1966.8880960667188,0
MCH-4931,59.043730744173594,3.7309404910585484,86.64983754351977,1959.8343570796442,0
MCH-4932,77.67241050897258,5.985348059479471,99.14581167166934,1973.75490185655,0
MCH-4933,88.88959911474153,7.653150440474811,119.41746122051703,2028.5804355403557,1
MCH-4934,67.70117692084762,5.089864661119256,111.04175156543675,2061.425880320746,0
MCH-4935,72.71695413935905,5.185631963786416,94.86603319223939,1938.019659430974,0
MCH-4936,70.01573863453163,5.4680931975901075,102.06135379622604,1925.0859095337673,0
MCH-4937,76.14995184219342,6.287405645272807,99.97888320015177,2116.9998160966225,0
MCH-4938,74.9134157138497,3.105555594699016,92.51928195678333,1991.133860605498,0
MCH-4939,62.999646384084954,2.1332610121092683,99.25747892506918,2012.6446397845154,0
MCH-4940,72.93631206732088,4.148829078157473,97.2003386719347,1965.403457969118,0
MCH-4941,68.97186073178376,7.702292611748279,101.1274893807675,2024.4981154726358,0
MCH-4942,70.4141628525905,8.033261150131068,92.51616819308967,2048.003043735076,0
MCH-4943,66.35914049515092,7.7467657033488315,87.23381799755339,2014.9898085786465,0
MCH-4944,78.74068534560418,4.7105279483589655,99.58719226607629,2087.042903850722,0
MCH-4945,75.20030909951288,2.3268273770227568,117.1511821817878,1983.6627705029455,0
MCH-4946,66.30114418013517,1.4854413475222388,100.82202926262796,1986.8558763482313,0
MCH-4947,63.32694696544884,4.078942757675883,96.68406221068454,2011.5703175638707,0
MCH-4948,68.07163684511076,4.70288955477596,107.54085805038498,2023.2480822753048,0
MCH-4949,72.17251323045653,6.950938101583938,98.41680387404621,2011.3973631031304,0
MCH-4950,71.20102921973111,6.301708189313668,118.6803292495911,1935.7792486522455,0
MCH-4951,89.4448692417748,11.875640187093568,99.96087490704922,2015.6257583097781,0
MCH-4952,73.94959861090426,3.6652328435882877,107.00497063158163,1981.291320759828,0
MCH-4953,74.84784512876453,3.5588306626326647,92.45395617606727,1970.9511492962677,0
MCH-4954,71.63427700305219,5.381191530607153,105.03089253336663,2001.6241027376623,0
MCH-4955,63.05350634894505,6.04557646825959,102.75093476943754,1951.9238656335392,0
MCH-4956,85.16668728462915,11.35135939581073,99.43493875340792,1943.2304338063384,1
MCH-4957,75.30044869954332,3.448103060590018,94.9824223883028,1869.2265519998075,0
MCH-4958,85.37199300869266,10.468649412712821,93.61969834347626,2087.3618664254946,0
MCH-4959,72.51545184311874,5.638866450652117,102.82352663979653,2027.78656595515,0
MCH-4960,68.40625842376933,3.3940003907147327,106.28939109696474,1994.1617939346847,0
MCH-4961,64.85094075729077,3.8235185445496165,98.72837203705869,1966.6388381556676,0
MCH-4962,69.38327967976944,6.03274396184235,102.87267929120793,1856.1983858976791,0
MCH-4963,71.54523721516327,4.648238697281164,99.62085321867231,1963.5735561889257,0
MCH-4964,66.72156140269279,7.383720952454686,100.98526024905388,2035.7933168582038,0
MCH-4965,68.82144377571666,5.751693914096864,97.99555017322776,2047.1087151796935,0
MCH-4966,65.30268379007009,4.270053217716097,100.17972579368308,2032.1145996801652,0
MCH-4967,75.59622458782047,4.984691599413601,126.98040456817427,2007.9195977876234,0
MCH-4968,68.52772121205983,5.095075088956578,103.11634298807425,2065.193707296569,0
MCH-4969,77.26377772563092,3.907414530137435,106.45296958431042,1983.573138895573,0
MCH-4970,77.64373925270453,3.63111770273356,104.38023605328097,2054.259445806718,0
MCH-4971,69.59477017639128,6.052084840714249,97.3718317670294,1980.7708778139893,0
MCH-4972,76.07087131884734,12.145951981012525,112.93989213291668,1955.9429345561118,0
MCH-4973,59.57051061133331,5.905672204329438,97.08836229573659,1949.7143509788739,0
MCH-4974,62.63981463486604,7.272977141485702,110.55054548942552,1946.7751789413524,0
MCH-4975,63.1308258755067,4.187340145982597,96.65793001933551,2032.9534014401243,0
MCH-4976,89.01276932184773,10.655298308712775,90.40027480855959,1962.862721445146,0
MCH-4977,83.75122475261558,8.964873538423923,103.65396208236193,1948.348557748253,0
MCH-4978,71.94802262045994,3.4809716549472607,88.95331643897893,2035.686760983068,0
MCH-4979,58.89789495532437,2.360061676776125,105.3564022501661,2016.3985195236116,0
MCH-4980,64.01016785391369,4.331307029259774,88.05841343908683,2048.1295991422903,0
MCH-4981,74.43539888223144,4.24441649475582,96.80991969527146,2025.6299755636398,0
MCH-4982,71.43387056191293,5.788905920381976,85.68270303475259,1962.3444209901345,0
MCH-4983,69.26397360657201,5.365836412430676,128.24167009402728,2003.8051208234294,0
MCH-4984,72.82421179300061,3.2105399434712947,83.46040440383686,2006.2566495384838,0
MCH-4985,78.17898903067908,4.410910642361274,100.09813740396405,1954.0420670762999,0
MCH-4986,68.89478768231474,4.442806968368472,111.43304274330013,1944.7687512953003,0
MCH-4987,70.34684901329035,2.336026629557161,110.36385908587025,1965.9639195441148,0
MCH-4988,70.96298459365653,3.5285799094799457,108.51342122173138,2101.829117833604,0
MCH-4989,81.96054817636997,3.843779554078866,96.82771611778524,1979.3627952889226,0
MCH-4990,71.78373032067547,11.15746932758097,113.51088946337002,2061.6433395693357,0
MCH-4991,86.53626914672522,8.697420594138213,109.13391090802183,1976.5669745260102,1
MCH-4992,82.31920198278176,10.359457669158221,102.12299617660477,2044.4419409769996,1
MCH-4993,72.8338586309209,2.752046754276182,102.40580757726592,2045.1245827778923,0
MCH-4994,66.71313723002638,6.791321724520987,96.96077352384627,2047.6295253976023,0
MCH-4995,69.75517484570774,6.951653094536139,90.90347974166961,2019.391367100448,0
MCH-4996,73.55705289732748,2.002482549283061,112.37150975478717,2068.8683289390574,0
MCH-4997,106.1418954191427,8.186151935012308,113.12207993601533,2018.9176984676365,1
MCH-4998,74.04018094701036,5.743648359523266,91.15890858970079,2085.676486467014,0
MCH-4999,84.39938851984041,8.784520606430817,98.46214834853808,1919.0040098405784,0
